id,slug,title,domain,gsPapers,keyThemes,subtopics,linkedConcepts,pyqAngles,examRelevance
cmopjvjgu009az3r091s8cfug,animal-husbandry-economics-of-animal-rearing,Animal Husbandry & Economics of Animal Rearing,AGRICULTURE,GS3,"Rashtriya Gokul Mission, National Livestock Mission, 20th Livestock Census, Article 48, Animal Husbandry Infrastructure Development Fund, National Programme for Dairy Development, Livestock Health and Disease Control Programme, National Animal Disease Control Programme, White Revolution, Operation Flood, Prevention of Cruelty to Animals Act 1960, National Milk Day, Pashu Sanjivani, E-Pashu Haat Portal, National Kamdhenu Breeding Centre","Feeding and management of animals during natural calamities, Economic aspects of dairy and meat production, Cross-breeding and synthesis of livestock breeds, Role of National Livestock Mission in rural employment, Impact of animal husbandry on small and marginal farmer income, Trends in livestock population and 20th Livestock Census, Role of livestock in gender equity and women empowerment, Challenges of unregistered slaughterhouses and meat marketing, Impact of ruminant livestock on greenhouse gas emissions, Evaluation of energy and protein requirements for maintenance and production, Nutritional deficiencies and their impact on livestock health, Hormonal control of mammary development and milk secretion, Techniques for deep freezing semen and artificial insemination, Socio-economic impact of livestock as a ""moving bank"" for farmers",,,High
cmopjvieu008vz3r0u34jgafo,land-use-classification-land-degradation-in-india,Land Use Classification & Land Degradation in India,AGRICULTURE,GS3,"Nine-fold Land Use Classification, UNCCD, Land Degradation Neutrality (LDN), Desertification and Land Degradation Atlas of India, Bonn Challenge, SDG 15.3, National Action Plan to Combat Desertification, Soil and Land Use Survey of India (SLUSI), Wasteland Atlas of India, Article 48A, COP14 Delhi Declaration, Integrated Watershed Management Programme (IWMP)","Land use categories in India (Nine-fold classification), Factors influencing land use changes in India, Concept of culturable wasteland and fallow lands, Causes of soil erosion (water and wind) in Indian agriculture, Chemical degradation of soil (salinization and alkalization), Biological degradation and loss of soil organic matter, Impact of overgrazing and deforestation on land quality, Desertification and Land Degradation Neutrality (LDN) targets, National Land Use Policy and regulatory frameworks, Integrated Watershed Management Programme (IWMP), Reclamation of sodic and acidic soils in India, Impact of shifting cultivation on land degradation, Role of remote sensing and GIS in land use mapping, Sustainable land management (SLM) practices for Indian farmers",,,Medium
cmopjvifu0095z3r0lixts1tm,public-distribution-system-objectives-targeted-pds-reforms,"Public Distribution System — Objectives, Targeted PDS & Reforms",AGRICULTURE,GS3,"Targeted Public Distribution System, Antyodaya Anna Yojana, Article 21, Article 47, Shanta Kumar Committee, PM-POSHAN, Integrated Child Development Services, Pradhan Mantri Matru Vandana Yojana, Food Corporation of India, One Nation One Ration Card, State Food Commissions, Social Audit, Exclusion and Inclusion Errors, Food Security Allowance, Nutritional Standards, Buffer Stocks, Minimum Support Price","Evolution from universal to Targeted PDS (TPDS), Rationale and objectives of food security and price stabilization, Dual responsibility of Central and State governments in PDS operations, Role of Food Corporation of India (FCI) in procurement and storage, Challenges of inclusion and exclusion errors in beneficiary identification, Leakages and diversion of food grains to the open market, Shanta Kumar Committee recommendations on PDS restructuring, Impact of Aadhaar seeding and electronic Point of Sale (ePoS) machines, One Nation One Ration Card (ONORC) and migrant food security, Evaluation of Direct Benefit Transfer (DBT) in food subsidy, Role of Antyodaya Anna Yojana (AAY) for the poorest of the poor, National Food Security Act (NFSA) 2013 legal entitlements, Alternatives to TPDS such as food coupons and cash transfers, Buffer stock management and economic cost of food grains, Impact of PDS on crop diversification and agricultural patterns",,,High
cmopjvheh008pz3r03wsd9t9v,agricultural-debt-farmer-suicide,Agricultural Debt & Farmer Suicide,AGRICULTURE,GS3,"NCRB Data on Accidental Deaths and Suicides in India, National Bank for Agriculture and Rural Development (NABARD), Kisan Credit Card (KCC) Scheme, Pradhan Mantri Fasal Bima Yojana (PMFBY), Minimum Support Price (MSP), Swaminathan Commission (National Commission on Farmers), Article 48, MGNREGA, Pradhan Mantri Kisan Samman Nidhi (PM-KISAN), Regional Rural Banks (RRBs), Agricultural Debt Waiver and Debt Relief Scheme, Agrarian Capitalism, Bt Cotton Crisis, Marathwada and Vidarbha Regional Distress, National Mental Health Programme (NMHP) in rural areas","NCRB data trends on agrarian suicides (1995-2023), Regional concentration of suicides in Vidarbha and Marathwada, Structural causes of indebtedness among small and marginal farmers, Impact of high-cost input-intensive cash crops like Bt cotton, Role of non-institutional credit and informal moneylenders, Evaluation of Agricultural Debt Waiver and Debt Relief Schemes, Impact of climate change and erratic monsoons on crop failure, Weaknesses in PM Fasal Bima Yojana (PMFBY) and insurance penetration, Role of MSP and price volatility in agrarian distress, Socio-economic consequences for suicide-affected households, Effectiveness of MGNREGA in mitigating seasonal rural distress, Impact of trade liberalization and WTO norms on farm incomes, Linkages between mental health and agricultural uncertainty, Recommendations of the Swaminathan Commission (NCF) on farmer welfare",,,High
cmopjviev0091z3r05fo9l02n,minimum-support-price-msp-rationale-impact-on-inflation-reforms,"Minimum Support Price (MSP) — Rationale, Impact on Inflation & Reforms",AGRICULTURE,GS3,"Commission for Agricultural Costs and Prices (CACP), Swaminathan Committee (NCF), A2+FL vs C2 Formula, Price Deficiency Payment, Open-ended Procurement, Market Intervention Scheme (MIS), Shanta Kumar Committee, PM-AASHA, Essential Commodities Act, Buffer Stocking Policy, WTO Green Box and Amber Box Subsidies, Terms of Trade (ToT) in Agriculture, Crop Diversification, Agricultural Produce Market Committee (APMC) Act","Evolution of MSP since 1966-67, Role and mandate of the Commission for Agricultural Costs and Prices (CACP), A2 and A2+FL vs C2 cost calculation methodologies, Impact of Swaminathan Commission recommendations (C2+50% formula), Distortion of cropping patterns and groundwater depletion, Fiscal burden of food subsidies and buffer stock management, Price Support Scheme (PSS) and Price Deficiency Payment Scheme under PM-AASHA, Open-ended procurement vs market-led price discovery, Legal guarantee for MSP and its socio-economic viability, WTO Green Box and Amber Box implications for Indian subsidies, Regional disparities in MSP procurement and beneficiary reach, Impact of MSP hikes on food inflation and consumer price index, Market Intervention Scheme (MIS) for horticultural commodities, Shanta Kumar Committee recommendations on PDS and procurement reforms",,,High
cmopjvieu008wz3r0x90yj3zi,e-technology-in-agriculture-precision-farming-drones-apps,"E-Technology in Agriculture — Precision Farming, Drones & Apps",AGRICULTURE,GS3,"Digital Agriculture Mission, AgriStack, Kisan Drones, Precision Farming, Internet of Things (IoT) in Agriculture, Artificial Intelligence in Agriculture, Krishi Decision Support System (Krishi-DSS), National e-Governance Plan in Agriculture (NeGPA), Sub-Mission on Agricultural Mechanization (SMAM), Remote Sensing and Satellite Imagery, e-NAM, Soil Health Card Portal, PM-Kisan AI Chatbot, Digital General Crop Estimation Survey (DGCES)","Role of ICT in precision farming and resource optimization, Use of drones for pesticide spraying and crop health monitoring, Digital soil health mapping and AI-based nutrient management, Real-time weather forecasting and agromet advisories via mobile apps, E-governance portals for price discovery and market transparency, Impact of e-NAM on agricultural marketing and price discovery, AgriStack and unified databases for personalized farmer services, Digital tools for supply chain management and reducing post-harvest losses, Role of IoT and sensors in smart irrigation and water conservation, Mobile platforms for direct farmer-to-consumer linkages, Blockchain technology for transparency in agri-supply chains, Digital financial inclusion and mobile-based crop insurance services, Challenges of the digital divide and linguistic barriers in e-technology adoption, Use of satellite imagery and remote sensing for yield estimation and crop identification",,,High
cmopjvjna009kz3r0uoklncxm,national-food-security-act-implementation-criticism,National Food Security Act — Implementation & Criticism,AGRICULTURE,GS3,"Targeted Public Distribution System, Antyodaya Anna Yojana, Article 21, Article 47, Shanta Kumar Committee, PM-POSHAN, Integrated Child Development Services, Pradhan Mantri Matru Vandana Yojana, Food Corporation of India, One Nation One Ration Card, State Food Commissions, Social Audit, Exclusion and Inclusion Errors, Food Security Allowance, Nutritional Standards, Buffer Stocks, Minimum Support Price","Legal entitlements and rights-based approach to food security, Dual identification of Antyodaya Anna Yojana and Priority Households, Nutritional standards for pregnant women and lactating mothers, Role of Integrated Child Development Services and PM-POSHAN under NFSA, Food security allowance rules and beneficiary compensation, Three-tier grievance redressal mechanism at district and state levels, Impact of Shanta Kumar Committee recommendations on PDS reforms, Challenges of inclusion and exclusion errors in beneficiary targeting, Direct Benefit Transfer and cash transfer experiments in food subsidy, One Nation One Ration Card and nationwide portability of entitlements, Social audit and transparency measures in Fair Price Shop operations, Fiscal sustainability and food subsidy bill implications, Shift from food security to nutritional security and biofortification, Automation of supply chain and Point of Sale device integration, Role of State Food Commissions in monitoring and evaluation",,,High
cmopjvhej008rz3r0d97p3nbz,sustainable-land-management,Sustainable Land Management,AGRICULTURE,GS3,"Land Degradation Neutrality, United Nations Convention to Combat Desertification, Sustainable Development Goal 15, Integrated Landscape Management, Conservation Agriculture, Agroforestry, Article 243ZD, Soil Health Card Scheme, Pradhan Mantri Krishi Sinchai Yojana, Watershed Development Program, Centre of Excellence on Sustainable Land Management, Climate Smart Agriculture","Concept and principles of Sustainable Land Management (SLM), Causes and trends of land degradation in India, Land Degradation Neutrality (LDN) targets and UNCCD, Integrated Watershed Management Programme (IWMP), Conservation agriculture and no-till farming practices, Agroforestry and its role in soil health, Reclamation techniques for saline and alkaline soils, Impact of overgrazing and deforestation on land quality, Sustainable water management and micro-irrigation, National Mission for Sustainable Agriculture (NMSA), Soil Health Card Scheme and nutrient management, Climate-smart landscape approach and carbon sequestration, Role of District Planning Committees in integrated land management, Desertification and Land Degradation Atlas of India, Legal and regulatory frameworks for land use in India",,,Medium
cmopjvjh2009dz3r0z8eju6cr,green-revolution-impact-second-green-revolution-sustainability,"Green Revolution — Impact, Second Green Revolution & Sustainability",AGRICULTURE,GS3,"High-Yielding Variety (HYV) Seeds, M.S. Swaminathan, Norman Borlaug, Evergreen Revolution, Second Green Revolution, Paramparagat Krishi Vikas Yojana (PKVY), National Mission for Sustainable Agriculture (NMSA), Soil Health Card Scheme, PM Krishi Sinchai Yojana (PMKSY), Sustainable Development Goal 2, Intensive Agricultural District Programme (IADP), Krishi Vigyan Kendras (KVKs), System of Rice Intensification (SRI), Bio-fortification, Nutrient Based Subsidy (NBS) Policy","Evolution of High-Yielding Variety (HYV) seeds and dwarf genes, Role of chemical fertilizers and pesticides in yield growth, Expansion of irrigation infrastructure and tube well revolution, Impact of farm mechanization on labor and productivity, Socio-economic consequences and regional disparities in Punjab and Haryana, Groundwater depletion and soil salinity in Green Revolution heartlands, Shift from subsistence to commercial farming and its impact on small farmers, Nutritional security vs hidden hunger in rice-wheat monocultures, M.S. Swaminathan’s concept of Evergreen Revolution, Strategies for Second Green Revolution (GR 2.0) in Eastern India, Climate-resilient crops and sustainable agricultural practices, Impact of Minimum Support Price (MSP) on cropping patterns, Forward and backward linkages between agriculture and industry, Promotion of organic and natural farming to reduce chemical dependency",,,High
cmopjvi9w008tz3r0dd8fhwdp,agricultural-marketing-apmc-enam-reforms,"Agricultural Marketing — APMC, eNAM & Reforms",AGRICULTURE,GS3,"APMC Act, eNAM (National Agriculture Market), Model APMC Act 2003, APLM Act 2017, Shanta Kumar Committee, Ashok Dalwai Committee (DFI), Model Contract Farming Act 2018, Essential Commodities Act 1955, Farmer Producer Organizations (FPOs), Gramin Agricultural Markets (GrAMs), Private Wholesale Markets, Direct Marketing, Single Point Levy, Unified Trading License, Post-Harvest Infrastructure, Price Discovery, Inter-state Trade Barriers, Model Agriculture Land Leasing Act 2016","Evolution of APMC Acts and their constitutional status, Fragmented markets and mandi monopoly challenges, High intermediation costs and mandi fees, Model APMC Act 2003 vs APLM Act 2017, eNAM architecture and unified national market, Quality assaying and grading infrastructure in mandis, Direct marketing and farmer-consumer markets, Role of Farmer Producer Organizations (FPOs) in marketing, Contract farming regulatory frameworks and challenges, Impact of Essential Commodities Act on private investment, Private market yards and competitive market platforms, Price discovery mechanisms and electronic bidding, Integration of Gramin Agricultural Markets (GrAMs) with eNAM, Post-harvest infrastructure and cold chain linkages, Digital literacy and barriers to online trading for smallholders",,,High
cmopjvjh2009cz3r0i0cwdjmp,white-revolution-operation-flood-dairy-development,White Revolution (Operation Flood) — Dairy Development,AGRICULTURE,GS3,"Operation Flood, Dr. Verghese Kurien, National Dairy Development Board (NDDB), Amul Model (Three-tier Cooperative Structure), National Programme for Dairy Development (NPDD), Rashtriya Gokul Mission, White Revolution 2.0, National Milk Grid, Article 48, Animal Husbandry Infrastructure Development Fund (AHIDF), National Livestock Mission, 20th Livestock Census, Pashu Sanjivani, E-Pashu Haat Portal, Department of Animal Husbandry and Dairying (DAHD)","Evolution and three phases of Operation Flood, Three-tier cooperative structure (Amul model), Role of National Dairy Development Board (NDDB), Impact on rural poverty and employment, Role of women in dairy cooperatives, National Milk Grid and cold chain logistics, White Revolution 2.0 and modernization goals, Indigenous vs. cross-bred cattle productivity, Nutritional security and per capita milk availability, Challenges of the unorganized dairy sector, Animal husbandry infrastructure development fund (AHIDF), National Programme for Dairy Development (NPDD), Impact of livestock on greenhouse gas emissions and methane mitigation, Integration of technology in milk procurement and quality testing, Market reforms and elimination of middlemen in dairy supply chains",,,Medium
cmopjvjn7009hz3r0x2doregr,agricultural-subsidies-fertiliser-power-irrigation-wto-implications,"Agricultural Subsidies — Fertiliser, Power, Irrigation & WTO Implications",AGRICULTURE,GS3,"WTO Agreement on Agriculture, Green Box, Amber Box, Blue Box, Nutrient Based Subsidy Scheme, PM-KUSUM, PM Krishi Sinchayee Yojana, Shanta Kumar Committee, Direct Benefit Transfer, Article 13 of AoA, De-minimis limits, Peace Clause, Bali Ministerial Decision, Fertilizer Control Order, Interest Subvention Scheme","Classification of direct and indirect farm subsidies, WTO Agreement on Agriculture and subsidy boxes (Green, Amber, Blue), Nutrient Based Subsidy (NBS) regime for fertilizers, Impact of power subsidies on groundwater depletion, De-minimis limits and Aggregate Measurement of Support (AMS), Peace Clause and permanent solution for public stockholding, WTO disputes regarding sugar and export subsidies, Shift from price subsidies to Direct Benefit Transfer (DBT), Impact of subsidies on cropping patterns and soil health, Fertilizer subsidy rationalization and urea diversion issues, Electricity subsidy and its link to agricultural power consumption, WTO implications on food security programs under NFSA, Export subsidy allegations and global trade distortions, Fiscal burden of food and fertilizer subsidies on the Union Budget",,,High
cmopjvheh008mz3r0y6ydnqx6,crop-insurance-pmfby-challenges-comparison-with-earlier-schemes,"Crop Insurance — PMFBY, Challenges & Comparison with Earlier Schemes",AGRICULTURE,GS3,"Pradhan Mantri Fasal Bima Yojana (PMFBY), National Agricultural Insurance Scheme (NAIS), Modified National Agricultural Insurance Scheme (MNAIS), Weather Based Crop Insurance Scheme (WBCIS), One Nation One Scheme, Area Approach Principle, Actuarial Premium Rate, Unified Package Insurance Scheme (UPIS), YES-TECH, WINDS Portal, DigiClaim, CROPIC, FASAL Project, Shanta Kumar Committee, Ashok Dalwai Committee on Doubling Farmers Income","Evolution of crop insurance from NAIS and MNAIS to PMFBY, Premium structure and subsidy sharing between Center and States, Inclusion of loanee versus non-loanee farmers under voluntary enrollment, Coverage of risks from pre-sowing to post-harvest losses, Role of technology in yield estimation using satellites and drones, Challenges of delayed claim settlements and trust deficit, Issues with manual Crop Cutting Experiments and human error, Impact of the 2020 revamp making the scheme voluntary, Fiscal sustainability and reasons for States opting out, Integration of the National Crop Insurance Portal for stakeholder collaboration, Impact of climate change on actuarial premium rates, Coverage of localized perils like hailstorms and landslides, Role of private insurance companies and profitability concerns, Challenges in reaching small and marginal farmers in North Eastern states",,,High
cmopjviev0090z3r0v28qj0at,nabard-role-functions-rural-credit,"NABARD — Role, Functions & Rural Credit",AGRICULTURE,GS3,"NABARD Act 1981, B. Sivaraman Committee, Rural Infrastructure Development Fund, Self-Help Group Bank Linkage Programme, Kisan Credit Card Scheme, Refinance Support, Priority Sector Lending, Regional Rural Banks, Cooperative Banks, Financial Inclusion Fund, Climate Strategy 2030, Tribal Development Fund, Micro-Entrepreneurship Development Programme, EShakti Project, Farmer Producer Organizations","Genesis and establishment based on B. Sivaraman Committee recommendations, Provisions of the NABARD Act 1981, Short-term and long-term refinance for agricultural loans, Role in Rural Infrastructure Development Fund (RIDF) financing, Statutory inspections and supervision of Cooperative Banks and RRBs, Governance structure and Board of Directors appointment, Implementation of the SHG-Bank Linkage Programme, Support for Farmer Producer Organizations (FPOs) and Primary Agricultural Credit Societies (PACS), Role in Micro-Entrepreneurship Development Programme (MEDP), Promotion of Kisan Credit Card (KCC) and RuPay Kisan Cards, Management of the Tribal Development Fund and Watershed Development Projects, Climate finance initiatives through the Adaptation Fund and GCF, Monitoring and preparation of District-level Potential Linked Credit Plans, Functions of NABARD subsidiaries like NABCONS and NABKISAN, Role in financial literacy and the Financial Inclusion Fund",,,High
cmopjviev0093z3r0mtq7x55a,food-processing-industry-scope-policy-supply-chain,"Food Processing Industry — Scope, Policy & Supply Chain",AGRICULTURE,GS3,"Pradhan Mantri Kisan SAMPADA Yojana, Mega Food Parks, PM Formalisation of Micro food processing Enterprises Scheme, Production Linked Incentive Scheme for Food Processing Industry, Food Safety and Standards Act 2006, FSSAI, Upstream and Downstream Requirements, Supply Chain Management, Backward and Forward Linkages, Operation Greens, APEDA Act 1986, Essential Commodities Act 1955, Model Contract Farming Act 2018, Agri-Export Zones, 100% FDI in Food Processing Industry","Definition and primary versus secondary processing types, Upstream and downstream requirements of food processing, Backward and forward linkages in the supply chain, Status and contribution of the food processing sector to GVA and exports, Post-harvest loss reduction and its impact on food security, Pradhan Mantri Kisan SAMPADA Yojana (PMKSY) and its sub-components, PM Formalisation of Micro food processing Enterprises (PMFME) Scheme, Role of Mega Food Parks and Agro-processing clusters, Production Linked Incentive (PLI) Scheme for Food Processing Industry, Food safety and quality standards under FSSAI, Impact of 100% FDI on automatic route in food processing, Challenges of fragmented supply chains and cold chain infrastructure, Role of Farmer Producer Organizations (FPOs) and contract farming, Export potential and Sanitary and Phytosanitary (SPS) measure challenges",,,High
cmopjvjh4009fz3r0x10iib5x,buffer-stocks-food-corporation-of-india,Buffer Stocks & Food Corporation of India,AGRICULTURE,GS3,"Pradhan Mantri Kisan SAMPADA Yojana, Mega Food Parks, Integrated Cold Chain and Value Addition Infrastructure, Food Safety and Standards Act 2006, FSSAI, Operation Greens, PM Formalisation of Micro food processing Enterprises Scheme, Production Linked Incentive Scheme for Food Processing Industry, APEDA Act 1986, Essential Commodities Act 1955, Model APMC Act, Agri-Export Zones, Sample Registration System, Forward and Backward Linkages, 100% FDI in Food Processing Industry, Post-harvest Loss Management","Evolution of buffer stock policy since the 4th Five Year Plan, Buffer stock norms vs strategic reserves, Role of Food Corporation of India in centralized vs decentralized procurement, Economic cost of food grains and its components, Shanta Kumar Committee recommendations on FCI restructuring, Impact of Open Market Sale Scheme on inflation, Challenges of storage infrastructure and CAP storage, Procurement and storage of pulses and oilseeds, Issues of leakages and pilferage in the supply chain, Smart Warehouse Management Systems and IoT in inventory tracking, WTO implications of public stockholding for food security, Operational vs food security stocks under the National Food Security Act, Impact of buffer stocking on agricultural cropping patterns, Role of buffer stocks in disaster management and PMGKAY during COVID-19",,,High
cmopjvieu008xz3r0lbqu5x5x,gm-crops-bt-cotton-bt-brinjal-controversy-regulatory-framework,"GM Crops — Bt Cotton, Bt Brinjal Controversy & Regulatory Framework",AGRICULTURE,GS3,"Genetic Engineering Appraisal Committee, Environment Protection Act 1986, Rules 1989, Bt Cotton, Bt Brinjal Moratorium, GM Mustard DMH-11, Bacillus thuringiensis, Cry and Cyt genes, Golden Rice, Biofortification, Cartagena Protocol on Biosafety, Seed Price Control Order 2015, Recombinant DNA Advisory Committee, Horizontal Gene Transfer, Herbicide Tolerance, Superweeds","Mechanism of Bacillus thuringiensis (Bt) toxin in pest control, Agrobacterium-mediated transformation vs Gene Gun methods, Genetic Engineering Appraisal Committee (GEAC) approval process, Status of Bt Cotton and its impact on Indian agriculture, Rationale behind the 2010 moratorium on Bt Brinjal, Environmental release controversy of GM Mustard (DMH-11), Regulatory roles of RCGM and RDAC under Environment Protection Act 1986, Biosafety concerns regarding horizontal gene transfer and superweeds, Socio-economic impact of seed patenting and corporate monopoly, Biofortification and the case of Golden Rice for nutritional security, Cartagena Protocol on Biosafety and India’s international obligations, Impact of GM crops on non-target organisms and soil biodiversity, Development of resistance in target pests like pink bollworm, Labeling and consumer rights regarding GM food products in India",,,High
cmopjvieu008yz3r0ehdh0lfl,land-reforms-zamindari-abolition-ceiling-laws-progress,"Land Reforms — Zamindari Abolition, Ceiling Laws & Progress",AGRICULTURE,GS3,"Zamindari Abolition Act 1950, Article 31, Ninth Schedule, Tenancy Reforms, Land Ceiling Acts, Consolidation of Holdings, Bhoodan Movement, Operation Barga, J.C. Kumarappa Committee, Digital India Land Records Modernization Programme (DILRMP), Model Tenancy Act 2016, Right to Fair Compensation and Transparency in Land Acquisition, Rehabilitation and Resettlement Act 2013","Historical context of Ryotwari, Mahalwari, and Zamindari systems, Abolition of intermediaries and its socio-economic impact, Rent regulation and tenure security under tenancy reforms, Rights of ownership for tenants and sharecroppers, Criteria for land ceiling and 1972 national guidelines, Identification and redistribution of surplus land to SCs and STs, Impact of benami transfers on land ceiling effectiveness, Success of land reforms in Kerala and West Bengal (Operation Barga), Role of the Bhoodan and Gramdan movements in land redistribution, Consolidation of holdings to address land fragmentation, Digital India Land Records Modernization Programme (DILRMP), Impact of land reforms on agricultural productivity and poverty alleviation, Relationship between land reforms and the Green Revolution, Legal challenges and the Ninth Schedule of the Constitution",,,High
cmopjvheh008qz3r0zfwziefc,agricultural-finance-sources-institutional-credit-kisan-credit-card,"Agricultural Finance — Sources, Institutional Credit & Kisan Credit Card",AGRICULTURE,GS3,"Kisan Credit Card (KCC) Scheme, Priority Sector Lending (PSL), NABARD, Institutional vs Non-Institutional Credit, Interest Subvention Scheme, Lead Bank Scheme, Regional Rural Banks (RRBs), Cooperative Credit Societies, Jan Samarth Portal, SHG-Bank Linkage Programme, Banking Regulation Act 1949, Narasimham Committee Recommendations, Financial Inclusion, Small Finance Banks, Digital Agriculture Mission","Evolution of institutional credit since nationalization, Role of NABARD in agricultural refinancing, Three-tier cooperative credit structure, Functioning of Regional Rural Banks in rural lending, Kisan Credit Card features and RuPay-enabled digitization, Modified Interest Subvention Scheme (MISS) and effective interest rates, Priority Sector Lending (PSL) norms for agriculture, Impact of non-institutional credit and usurious moneylending, Challenges of credit access for tenant farmers and sharecroppers, Regional disparities in agricultural credit distribution, Role of Kisan Rin Portal and digital reforms, Integration of KCC with animal husbandry and fisheries, Problem of rising Non-Performing Assets (NPAs) in agricultural loans, Impact of loan waivers on credit culture and bank viability, Multi-agency approach to agricultural finance delivery",,,High
cmopjvjnb009mz3r0caqtbqgv,land-leasing-model-land-leasing-law-tenancy-reforms,Land Leasing — Model Land Leasing Law & Tenancy Reforms,AGRICULTURE,GS3,"Model Agricultural Land Leasing Act 2016, T. Haque Committee, NITI Aayog, Land to the Tiller, Seventh Schedule (State List), Tenancy Reforms, Adverse Possession, Digital India Land Records Modernization Programme (DILRMP), Institutional Credit for Tenants, Special Land Tribunal, Record of Rights (RoR), Sharecropping, Land Ceiling Laws, Post-Independence Land Reforms","Evolution of tenancy laws in post-independence India, Rationale for the Model Agricultural Land Leasing Act 2016, T. Haque Committee recommendations, Legal recognition of informal tenancies and oral leases, Impact of restrictive tenancy laws on agricultural productivity, Security of land ownership and protection against adverse possession, Rights and responsibilities of lessors and lessees under the Model Act, Institutional credit and crop insurance access for tenant farmers, Automatic resumption of land after lease expiry, Dispute resolution mechanisms and Special Land Tribunals, Role of Digital India Land Records Modernization Programme (DILRMP), Impact of land leasing on occupational mobility and rural transformation, Challenges in state-level adoption of the Model Act, Socio-economic implications for women and Dalit tenant farmers",,,Medium
cmopjvjh4009ez3r042114hci,blue-revolution-fisheries-development,Blue Revolution — Fisheries Development,AGRICULTURE,GS3,"Pradhan Mantri Matsya Sampada Yojana (PMMSY), Fisheries and Aquaculture Infrastructure Development Fund (FIDF), Blue Revolution Scheme, Coastal Aquaculture Authority Act 2005, Marine Fisheries Regulation Acts (MFRAs), Kisan Credit Card (KCC) for Fisheries, Pradhan Mantri Matsya Kisan Samridhi Sah-Yojana (PM-MKSSY), National Fisheries Development Board (NFDB), Marine Products Export Development Authority (MPEDA), Exclusive Economic Zone (EEZ), Biofloc Technology, Recirculatory Aquaculture Systems (RAS)","Evolution and objectives of Neel Kranti Mission, Pradhan Mantri Matsya Sampada Yojana (PMMSY) components and targets, Fisheries and Aquaculture Infrastructure Development Fund (FIDF), Role of National Fisheries Development Board (NFDB), Challenges of bottom trawling and deep-sea fishing, Potential of mariculture and seaweed cultivation, Inland vs marine fisheries production trends, Post-harvest losses and cold chain infrastructure in fisheries, Socio-economic impact on traditional fishing communities, Sustainable fishing practices and Marine Protected Areas (MPAs), Impact of climate change on fish migration and breeding, WTO subsidies and their implications on Indian fisheries, Role of cooperatives and Farmer Producer Organizations (FPOs) in aquaculture, Disease management in shrimp and brackish water farming",,,Medium
cmopjvil60098z3r0itqoybnb,zero-hunger-sdg2-indias-nutrition-challenge,Zero Hunger — SDG2 & India's Nutrition Challenge,AGRICULTURE,GS3,"National Food Security Act (NFSA) 2013, Integrated Child Development Services (ICDS), POSHAN Abhiyaan, Pradhan Mantri Matru Vandana Yojana (PMMVY), Mid-Day Meal Scheme (PM POSHAN), Targeted Public Distribution System (TPDS), Global Hunger Index, Stunting and Wasting, Hidden Hunger and Biofortification, National Nutrition Strategy, NITI Aayog's Nutrition Index, Zero Hunger Programme, Sustainable Development Goal 2, Food and Agriculture Organization (FAO), Antyodaya Anna Yojana (AAY)","Status of stunting and wasting in children under five (NFHS-5 data), Global Hunger Index (GHI) methodology and India's performance, Hidden hunger and micronutrient deficiencies (anaemia in women and children), National Food Security Act (NFSA) 2013 implementation and challenges, POSHAN Abhiyaan and the Integrated Child Development Services (ICDS) framework, PM Garib Kalyan Anna Yojana (PMGKAY) and its role in food safety nets, Biofortification of crops for nutritional security, Impact of climate change on crop yields and food availability, Convergence of health and sanitation (WASH) with nutrition outcomes, Public Distribution System (PDS) reforms and one nation one ration card, Double burden of malnutrition (coexistence of undernutrition and obesity), Role of millets (Shree Anna) in addressing nutritional security, Gender dimensions of food security and intra-household food distribution, Sustainable agricultural practices to double farmer incomes and productivity",,,High
cmopjviev008zz3r0r7e2w5zr,irrigation-systems-types-efficiency-pradhan-mantri-krishi-sinchai-yojana,"Irrigation Systems — Types, Efficiency & Pradhan Mantri Krishi Sinchai Yojana",AGRICULTURE,GS3,"Accelerated Irrigation Benefit Programme, Har Khet Ko Pani, Per Drop More Crop, Watershed Development, Micro Irrigation Fund, Jal Sanchay and Jal Sinchan, Command Area Development and Water Management, National Mission on Sustainable Agriculture, Water Use Efficiency, Direct Benefit Transfer, Surface Minor Irrigation, Repair Restoration and Restoration of Water Bodies, Ground Water Development, 14th Finance Commission, Article 246","Accelerated Irrigation Benefit Programme (AIBP), Har Khet Ko Pani (HKKP), Per Drop More Crop (PDMC), Watershed Development Component (WDC), Command Area Development and Water Management (CAD&WM), Surface Minor Irrigation and RRR of Water Bodies, Micro-irrigation technologies (Drip and Sprinkler), Water Use Efficiency (WUE) and Fertigation, Ground Water Development and Aquifer Mapping, District Irrigation Plans (DIPs) and decentralized planning, Jal Sanchay and Jal Sinchan, Impact of irrigation on small and marginal farmers, Financing and subsidy patterns for micro-irrigation, Challenges of water-guzzling crops and crop alignment, Integration of solar pumps in irrigation systems",,,High
cmopjvjn9009iz3r02bzig4pt,regional-rural-banks-cooperative-credit-societies,Regional Rural Banks & Cooperative Credit Societies,AGRICULTURE,GS3,"Regional Rural Banks Act 1976, Narasimham Committee (1975), Multi-State Co-operative Societies Act 2002, Vaidyanathan Committee, NABARD Act 1981, Priority Sector Lending (PSL) Norms, Primary Agricultural Credit Societies (PACS), Banking Regulation Act 1949, Constitutional 97th Amendment Act, Article 43B, District Central Cooperative Banks (DCCBs), Khusro Committee, Recapitalization of RRBs, Amalgamation of Regional Rural Banks","Evolution and objectives of Regional Rural Banks, Regional Rural Banks Act 1976 and subsequent amendments, Three-tier structure of Rural Cooperative Credit, Role of Narasimham Committee on rural credit, Shareholding pattern and capitalization of RRBs, Priority Sector Lending (PSL) norms for RRBs and Cooperatives, Functioning and challenges of Primary Agricultural Credit Societies (PACS), Role of NABARD in supervision and refinance, Impact of 97th Constitutional Amendment Act on cooperatives, Amalgamation and consolidation of RRBs, Vaidyanathan Committee recommendations on cooperative reforms, Financial inclusion and SHG-Bank Linkage Programme, Problems of non-performing assets (NPAs) in rural credit institutions, Governance and professionalization of Cooperative Banks",,,High
cmopjvia5008uz3r0liq9j1if,cold-chain-storage-infrastructure,Cold Chain & Storage Infrastructure,AGRICULTURE,GS3,"Pradhan Mantri Kisan Sampada Yojana, Integrated Cold Chain and Value Addition Infrastructure Scheme, Mission for Integrated Development of Horticulture, National Centre for Cold Chain Development, Agriculture Infrastructure Fund, Operation Greens, Post-harvest losses, Food Corporation of India, Food Processing Industry, Mega Food Parks, Controlled Atmosphere Storage, Farmer Producer Organisations, Sustainable Development Goal 2, National Logistics Policy, Gati Shakti National Master Plan","Pradhan Mantri Kisan Sampada Yojana (PMKSY) and ICCVAI objectives, Component-wise infrastructure from farm-gate to consumer, Role of pre-cooling and ripening chambers in shelf-life extension, Multi-temperature and Controlled Atmosphere (CA) storage technology, Reefers and refrigerated transport logistics gap in India, Impact of cold chain on post-harvest losses and ICAR estimates, Role of NABARD and Agriculture Infrastructure Fund (AIF) in financing, Mission for Integrated Development of Horticulture (MIDH) guidelines, Application of IoT and AI in real-time temperature monitoring, Challenges of high energy costs and decentralized power solutions, Sectoral requirements for dairy and pharmaceutical cold chains, Export potential and role of APEDA in quality standards, Public-Private Partnership (PPP) models in cold chain development, Skill development for cold chain management and logistics staff",,,Medium
cmopjvons00bcz3r01v97eb3m,ecologically-sensitive-areas-esz-biodiversity-hotspots,"Ecologically Sensitive Areas — ESZ, Biodiversity Hotspots",ENVIRONMENT,GS3,"Environment Protection Act 1986, Madhav Gadgil Committee (WGEEP), Kasturirangan Committee (HLWG), Biodiversity Hotspots in India, Endemism and Rarity Criteria, Western Ghats Ecology Authority, Eco-Sensitive Zones (ESZ) Guidelines 2011, Buffer Zones and Transition Zones, Prohibited and Regulated Activities in ESZs, Wildlife Protection Act 1972, National Board for Wildlife, UNESCO World Heritage Sites, Conservation International, Biodiversity Act 2002","Criteria for identifying Biodiversity Hotspots, Comparison between Madhav Gadgil and Kasturirangan Committee reports, Statutory provisions for Eco-Sensitive Zones under Environment Protection Act 1986, Prohibited and regulated activities within ESZs, Impact of habitat fragmentation on endemic species, Role of ESZs as 'shock absorbers' for Protected Areas, Conservation challenges in the Western Ghats vs Eastern Himalayas, Significance of the Kunming-Montreal Global Biodiversity Framework, Role of tribal and local communities in managing sensitive areas, Impact of linear infrastructure projects on ESZs, Concept of land-use zoning in sensitive landscapes, Evaluation of the 2011 ESZ Guidelines by MoEFCC",,,High
cmopjvtqz00dsz3r0lkkxt8x7,oil-spills-impact-international-conventions,Oil Spills — Impact & International Conventions,ENVIRONMENT,GS3,"MARPOL Convention, UNCLOS, National Oil Spill Disaster Contingency Plan (NOS-DCP), Merchant Shipping Act 1958, Bioremediation and Oilzapper, Civil Liability Convention (CLC), International Oil Pollution Compensation Fund (IOPC), Territorial Waters Continental Shelf Exclusive Economic Zone and other Maritime Zones Act 1976, London Convention on the Prevention of Marine Pollution, ITOPF (International Tanker Owners Pollution Federation), National Green Tribunal (NGT) Act, Sunderbans and Mangrove Ecosystem Vulnerability, Bioaccumulation and Biomagnification, Bunkers Convention 2001","Types of oil and their physical/chemical properties in seawater, Ecological impacts on coral reefs and mangroves, Impact on marine food chains and bioaccumulation of toxins, Socio-economic consequences for coastal fisheries and tourism, Role of the Indian Coast Guard as the Central Coordinating Authority, National Oil Spill Disaster Contingency Plan (NOS-DCP) framework, Mechanical cleanup methods using containment booms and skimmers, Chemical dispersal agents and their environmental trade-offs, Bioremediation techniques and the role of Oilzapper microbes, In-situ burning as a rapid response strategy, International Convention for the Prevention of Pollution from Ships (MARPOL), Civil Liability Convention (CLC) and the International Oil Pollution Compensation (IOPC) Fund, UNCLOS provisions regarding protection of the marine environment, Case studies of major Indian spills like MSC Chitra and Ennore spills, Impact of oil spills on the Blue Economy and coastal resilience",,,Low
cmopjvrnt00cqz3r0dbl7syhh,sustainable-development-goals-principles-indias-record,"Sustainable Development — Goals, Principles & India's Record",ENVIRONMENT,GS3,"Brundtland Report, Sustainable Development Goals (SDGs), Rio Declaration on Environment and Development, Agenda 21, Intergenerational Equity, Intragenerational Equity, Precautionary Principle, Polluter Pays Principle, NITI Aayog SDG India Index, National Action Plan on Climate Change (NAPCC), Mission LiFE, Circular Economy, Green Economy, Article 48A, Article 51A(g), UN Convention on Biological Diversity (CBD)","Brundtland Report and definition of Sustainable Development, Three Pillars of Sustainable Development (Economic, Social, Environmental), Inter-generational and Intra-generational Equity, Millennium Development Goals vs Sustainable Development Goals, NITI Aayog SDG India Index and National Indicator Framework, Five Ps of Agenda 2030 (People, Planet, Prosperity, Peace, Partnership), Rio Declaration and Agenda 21, Green Economy and Circular Economy principles, Resource Efficiency and Decoupling economic growth from environmental degradation, Common But Differentiated Responsibilities (CBDR), India's National Action Plan on Climate Change (NAPCC), Challenges in SDG financing and data collection, Impact of COVID-19 on SDG progress in India, Sustainable Agriculture and Food Security (SDG 2) in India, Role of Digital Public Infrastructure in achieving SDGs",,,High
cmopjvpqg00bvz3r030vfmdzw,water-management-watershed-development-rainwater-harvesting,Water Management — Watershed Development & Rainwater Harvesting,ENVIRONMENT,GS3,"Pradhan Mantri Krishi Sinchayee Yojana, Watershed Development Component (WDC-PMKSY 2.0), Jal Shakti Abhiyan: Catch the Rain, Neeranchal National Watershed Project, Atal Bhujal Yojana, Integrated Watershed Management Programme, National Water Mission, Composite Water Management Index, Model Bill for Ground Water Management, Article 51A(g), Mihir Shah Committee, Springshed Rejuvenation, Aquifer Mapping and Management (NAQUIM)","Integrated Watershed Management Programme (IWMP) and WDC-PMKSY, Rainwater harvesting techniques for in-situ conservation, Groundwater recharge mechanisms and artificial recharge structures, Community-based water management and participatory governance, Role of Neeru-Meeru and Arvary Pani Sansad initiatives, Impact of watershed development on agricultural productivity and doubling farmer income, Classification of watersheds from macro to mini levels, Soil and water conservation measures like contour bundling and check dams, Use of remote sensing and GIS in watershed planning, Challenges of land fragmentation and community participation in watershed projects, Climate change adaptation through resilient water harvesting, Restoration of ecological balance and biodiversity in catchment areas",,,High
cmopjvtjy00dnz3r03lc6q4hx,plastic-pollution-single-use-plastic-ban-circular-economy,Plastic Pollution — Single Use Plastic Ban & Circular Economy,ENVIRONMENT,GS3,"Plastic Waste Management Rules 2016, Plastic Waste Management (Amendment) Rules 2021, Extended Producer Responsibility (EPR), Single-Use Plastics (SUP) Ban, Circular Economy, Basel Convention Plastic Waste Amendments, Global Plastics Treaty (UNEP), Microplastics and Marine Litter, Bio-plastics and Compostable Plastics, Swachh Bharat Mission (Gramin and Urban), National Dashboard on Elimination of Single Use Plastic, Sustainable Development Goal 14, Life Cycle Assessment (LCA) of Plastics","Plastic Waste Management Rules 2016 and 2021 amendments, Extended Producer Responsibility (EPR) framework, Impact of microplastics on marine and terrestrial food chains, Single-use plastic ban and list of prohibited items, Circular economy principles in plastic waste management, Global Plastics Treaty and UNEP's role, Bioplastics and compostable alternatives, Socio-economic impact on the informal waste-picking sector, Health hazards of chemical additives like phthalates and BPA, Technologies for plastic-to-fuel and plastic-bitumen roads, Role of Urban Local Bodies (ULBs) in waste segregation and collection, Basel Convention on transboundary movement of plastic waste, Environmental impact of plastic incineration and open burning, Challenges in multi-layered plastic (MLP) recycling, Success models of plastic-free cities in India",,,High
cmopjvrns00cmz3r0fzi7k4de,climate-change-agriculture-food-security-implications,Climate Change & Agriculture — Food Security Implications,ENVIRONMENT,GS3,"National Mission for Sustainable Agriculture (NMSA), Climate Resilient Agriculture (CRA), National Action Plan on Climate Change (NAPCC), Methane Emissions from Rice and Livestock, National Food Security Act 2013, Article 47, Millets for Nutritional Security, Carbon Sequestration in Agriculture, Regenerative Agriculture, Zero Budget Natural Farming, Climate Smart Agriculture (CSA), Impact of Extreme Weather on Crop Yields","Impact of rising temperatures on crop phenology and anthesis, CO2 fertilization effect and micronutrient depletion in C3 crops, Vulnerability of C4 staple crops like maize to heat stress, Heat stress impacts on livestock productivity and reproductive performance, Climate-induced shifts in pest populations and invasive plant species, Altered precipitation patterns and soil erosion on rainfed croplands, Impact of melting Himalayan glaciers on perennial river irrigation, Sea-level rise and salinity ingress in coastal agricultural lands, Methane emissions from paddy cultivation and enteric fermentation, Climate Resilient Agriculture and the National Mission for Sustainable Agriculture, Role of Millets in enhancing nutritional security under climate stress, Carbon sequestration potential of regenerative agriculture and conservation tillage, Impact of extreme weather events on agricultural supply chains and food inflation, Adaptation strategies for smallholder farmers in arid and semi-arid regions",,,High
cmopjvpqf00btz3r0dioe1svj,climate-change-scientific-basis-ipcc-reports-evidence,"Climate Change — Scientific Basis, IPCC Reports & Evidence",ENVIRONMENT,GS3,"IPCC Sixth Assessment Report, Anthropogenic Radiative Forcing, Global Warming Potential, Carbon Budget, Net Zero Emissions, Representative Concentration Pathways, Shared Socioeconomic Pathways, Tipping Points, Climate Sensitivity, Greenhouse Gas Inventories, UN Framework Convention on Climate Change, Paris Agreement, Article 48A, Article 51A(g), National Action Plan on Climate Change","Anthropogenic radiative forcing and Earth's energy budget, Greenhouse gas concentrations and global warming potential, IPCC Sixth Assessment Report (AR6) key findings, Climate sensitivity and feedback mechanisms, Shared Socioeconomic Pathways (SSPs) and Representative Concentration Pathways (RCPs), Paleoclimate evidence and historical temperature trends, Attribution of extreme weather events to human influence, Tipping points and irreversible climate changes, Carbon budget and net-zero emission pathways, Impact of aerosols on global cooling and climate masking, Sea level rise projections and thermal expansion, Cryosphere loss and Arctic amplification, Evidence of ocean acidification and deoxygenation, Regional climate projections and the Interactive Atlas findings",,,High
cmopjvtqz00duz3r088wztcd8,environmental-impact-assessment-eia-process-reforms-controversies,"Environmental Impact Assessment (EIA) — Process, Reforms & Controversies",ENVIRONMENT,GS3,"Environment (Protection) Act 1986, EIA Notification 2006, Draft EIA Notification 2020, Category A and Category B Projects, Expert Appraisal Committee (EAC), State Level Environment Impact Assessment Authority (SEIAA), Public Consultation and Hearing, Scoping and Terms of Reference (ToR), Strategic Environmental Assessment (SEA), Post-Environmental Clearance Monitoring, Cumulative Impact Assessment, Social Impact Assessment (SIA), Coastal Regulation Zone (CRZ) Notification, National Green Tribunal (NGT) role in EIA, Ex-post facto clearance controversy","Evolution of EIA in India (1994 to 2006), Categorization of projects (Category A vs Category B), Role and composition of Expert Appraisal Committees (EAC), Four stages of environmental clearance (Screening, Scoping, Public Consultation, Appraisal), Scoping and determination of Terms of Reference (ToR), Public Hearing process and notice period requirements, Ex-post facto environmental clearance controversy, Strategic Environmental Assessment (SEA) vs Project-level EIA, Social Impact Assessment (SIA) in EIA 2020, Differences between EIA Notification 2006 and Draft EIA 2020, Post-clearance compliance and annual report submission, Exemptions for B2 category and strategic projects, Leopold Matrix for impact evaluation, Role of State Level Environment Impact Assessment Authority (SEIAA)",,,High
cmopjvrnu00cuz3r06kx17szm,mining-environment-forest-clearance-gono-go-displacement,"Mining & Environment — Forest Clearance, Go/No-Go & Displacement",ENVIRONMENT,GS3,"Mines and Minerals (Development and Regulation) Act 1957, Forest (Conservation) Act 1980, Environment (Protection) Act 1986, Scheduled Tribes and Other Traditional Forest Dwellers (Recognition of Forest Rights) Act 2006, Panchayats (Extension to Scheduled Areas) Act 1996, National Mineral Policy 2019, District Mineral Foundation, Compensatory Afforestation Fund Act 2016, Environmental Impact Assessment Notification 2006, Go/No-Go Area Classification, Samata vs State of Andhra Pradesh Judgment, Right to Fair Compensation and Transparency in Land Acquisition Rehabilitation and Resettlement Act 2013","Environmental Impact Assessment (EIA) for mining projects, Forest (Conservation) Act 1980 and diversion of forest land, Concept and criteria of Go/No-Go mining zones, Scheduled Tribes and Other Traditional Forest Dwellers (Recognition of Forest Rights) Act 2006, District Mineral Foundation and PM Khanij Kshetra Kalyan Yojana, Relief and rehabilitation of displaced tribal communities, Impact of mining on biodiversity and wildlife corridors, Mining in Ecologically Sensitive Areas and Western Ghats, Legal framework for compensatory afforestation (CAMPA), Procedural delays and the PARIVESH portal for single-window clearance, Socio-economic consequences of mining-led displacement, Judicial interventions in illegal mining and environmental clearances, Sustainable mining practices and mine closure planning, Impact of mining on local water tables and river pollution",,,Medium
cmopjvpqj00bxz3r05nfpqm0w,groundwater-depletion-causes-regional-hotspots-policy,"Groundwater Depletion — Causes, Regional Hotspots & Policy",ENVIRONMENT,GS3,"Central Ground Water Authority, Environment Protection Act 1986, Atal Bhujal Yojana, National Aquifer Mapping and Management Programme, Model Groundwater Bill, Mihir Shah Committee, Pradhan Mantri Krishi Sinchai Yojana, Jal Shakti Abhiyan, Land Subsidence, Managed Aquifer Recharge, Composite Water Management Index, Sustainable Development Goal 6, Article 21, Micro-irrigation, Virtual Water Trade","Current status of groundwater overexploitation in Northwest and South India, Impact of Green Revolution on water tables in Punjab and Haryana, Role of electricity subsidies and free power in unregulated pumping, Relationship between Minimum Support Price (MSP) and water-intensive crops, Socio-economic consequences of falling water tables on marginal farmers, Land subsidence risks in megacities like Delhi and Bengaluru, Contamination of aquifers by arsenic and fluoride in 230+ districts, Provisions of the Indian Easements Act of 1882 regarding water ownership, Objectives and community participation in Atal Bhujal Yojana, Implementation of National Aquifer Mapping and Management Programme (NAQUIM), Role of Jal Shakti Abhiyan in rainwater harvesting and recharge, Demand-side management through micro-irrigation and water budgeting, Impact of climate change and global warming on future depletion rates, Urban groundwater challenges including tanker economies and concretization of recharge zones",,,High
cmopjvtqy00drz3r0laurayc4,pollution-control-boards-functioning-challenges-reforms,"Pollution Control Boards — Functioning, Challenges & Reforms",ENVIRONMENT,GS3,"Central Pollution Control Board (CPCB), State Pollution Control Boards (SPCBs), Water (Prevention and Control of Pollution) Act 1974, Air (Prevention and Control of Pollution) Act 1981, Environment (Protection) Act 1986, National Green Tribunal (NGT) Act 2010, Polluter Pays Principle, National Clean Air Programme (NCAP), Air Quality Index (AQI), SAMEER App, PRANA Portal, National Ambient Air Quality Standards (NAAQS), Article 21, Article 48A, Article 51A(g), Environmental Compensation (EC), Extended Producer Responsibility (EPR)","Statutory mandate under Water Act 1974 and Air Act 1981, Role of CPCB in standard-setting and technical guidance, SPCB's power of 'Consent to Establish' and 'Consent to Operate', Implementation of National Clean Air Programme (NCAP), Functioning of Online Continuous Emission Monitoring Systems (OCEMS), Challenges of understaffing and high vacancy rates in technical posts, Conflict of interest in board composition and stakeholder representation, Judicial oversight and relationship with National Green Tribunal (NGT), Financial autonomy and the 'Polluter Pays' principle implementation, Digital governance initiatives like Nivesh Mitra and PRANA portal, Monitoring of National Water Quality Monitoring Programme (NWMP), Enforcement mechanisms for industrial effluent and sewage treatment standards, Role of boards in waste management (Plastic, E-waste, and Hazardous waste), Limitations of quasi-judicial powers and litigation delays, Reforms for fixed tenure and specialized recruitment of leadership",,,Medium
cmopjvrnu00cxz3r0jff4tve9,green-economy-circular-economy,Green Economy & Circular Economy,ENVIRONMENT,GS3,"Sustainable Development Goals, Plastic Waste Management Rules 2016, Extended Producer Responsibility, Partnership for Action on Green Economy, E-Waste Management Rules 2016, National Green Hydrogen Mission, Life Cycle Assessment, Article 48A, Article 51A(g), Circular Economy, Green Financing, National Resource Efficiency Policy, Decoupling Economic Growth, Green Accounting, Zero Waste Management","Transition from linear to circular economy (Take-Make-Dispose vs. Reduce-Reuse-Recycle), Extended Producer Responsibility (EPR) frameworks and implementation, Plastic Waste Management (Amendment) Rules 2021 and single-use plastic ban, E-Waste (Management) Rules 2022 and resource recovery, Battery Waste Management Rules 2022 and critical mineral extraction, Concept of Green Accounting and Green GDP, Partnership for Action on Green Economy (PAGE), Mission LiFE (Lifestyle for Environment) and its role in circularity, Economic benefits of decoupling growth from resource extraction, Role of informal sector (Kabadiwalas) in India's circular waste economy, UN Sustainable Development Goal 12 (Responsible Consumption and Production), Bio-plastics and compostable alternatives in circularity, Circularity in construction and demolition (C&D) waste, Green Financing and Sovereign Green Bonds in India",,,Medium
cmopjvpqc00boz3r0hroygf57,international-biodiversity-conventions-cbd-ramsar-cites,"International Biodiversity Conventions — CBD, Ramsar, CITES",ENVIRONMENT,GS3,"Convention on Biological Diversity, Ramsar Convention on Wetlands, CITES, Cartagena Protocol on Biosafety, Nagoya Protocol on Access and Benefit Sharing, Aichi Biodiversity Targets, Kunming-Montreal Global Biodiversity Framework, Biological Diversity Act 2002, Wildlife Protection Act 1972, Montreux Record, Appendix I II and III of CITES, Conference of Parties, Article 48A, Article 51A(g), Global Environment Facility","Objectives of the Convention on Biological Diversity (CBD), Cartagena Protocol on Biosafety and LMOs, Nagoya Protocol on Access and Benefit Sharing (ABS), Kunming-Montreal Global Biodiversity Framework (KMGBF) 2030 targets, Ramsar Convention criteria for Wetlands of International Importance, Montreux Record and its implications for Indian sites, Wise use of wetlands principle under Ramsar, CITES Appendix I II and III classification and trade regulations, Biological Diversity Act 2002 and National Biodiversity Authority (NBA), Role of the Global Environment Facility (GEF) in biodiversity funding, Aichi Biodiversity Targets and evaluation of their progress, Mechanisms for international trade in endangered species of wild fauna and flora, Synergies between CBD and the United Nations Convention to Combat Desertification (UNCCD), Impact of invasive alien species on island biodiversity and international prevention protocols, Traditional knowledge protection and Article 8(j) of the CBD",,,High
cmopjvons00bfz3r05e2b5wcm,in-situ-conservation-national-parks-wildlife-sanctuaries-tiger-reserves,"In-Situ Conservation — National Parks, Wildlife Sanctuaries, Tiger Reserves",ENVIRONMENT,GS3,"Wild Life (Protection) Act 1972, National Tiger Conservation Authority, Project Tiger, Project Elephant, Article 48A, Article 51A(g), Biosphere Reserves, Eco-Sensitive Zones, Conservation Reserves and Community Reserves, Wildlife Crime Control Bureau, National Board for Wild Life, Species Recovery Programme, Critical Tiger Habitat, Buffer Zones and Core Areas, Biological Diversity Act 2002","Legal framework under Wildlife Protection Act 1972, Differences in human rights and activities between National Parks and Sanctuaries, Core-buffer strategy in Tiger Reserves, Role and functions of National Tiger Conservation Authority, Procedural requirements for notification and denotification of protected areas, Impact of habitat fragmentation and importance of eco-corridors, Community Reserves and Conservation Reserves as participatory models, Rights of forest-dwelling communities and Scheduled Tribes under FRA 2006, Management Effectiveness Evaluation of protected areas, In-situ vs Ex-situ conservation strategies and synergies, Role of Biosphere Reserves under UNESCO Man and Biosphere programme, Challenges of human-wildlife conflict in buffer zones, Impact of invasive alien species on native biodiversity, Global initiatives like CA|TS and TX2 for tiger conservation",,,High
cmopjvtk000doz3r0pka4iqfd,noise-light-pollution,Noise & Light Pollution,ENVIRONMENT,GS3,"Noise Pollution (Regulation and Control) Rules 2000, Central Pollution Control Board (CPCB) Guidelines, Ambient Air Quality Standards with respect to Noise, Article 21, Section 2(a) of Air (Prevention and Control of Pollution) Act 1981, Silence Zones, Decibel (dB) levels for different zones, Impact of Light Pollution on Biodiversity, International Dark-Sky Association (IDA), Eco-sensitive Zones, Health Impacts of Noise and Light Pollution, Blue Light and Circadian Rhythm, National Green Tribunal (NGT) rulings on Noise, Rule 5 on Loudspeakers and Public Address Systems","Measurement of noise in decibels (dB) and the dB(A) scale, Central Pollution Control Board (CPCB) noise standards for different zones, Impact of noise on cardiovascular health and hypertension, Noise-induced hearing loss (NIHL) and psychological stress, Effects of anthropogenic noise on wildlife migration and reproductive success, Noise Pollution (Regulation and Control) Rules 2000, Types of light pollution including skyglow, glare, and light trespass, Impact of artificial light at night (ALAN) on human circadian rhythms and melatonin, Fatal light attraction in migratory birds and sea turtle hatchlings, Ecological consequences of light pollution on nocturnal pollinators and insects, Concept of Eco-Sensitive Zones and buffer zone regulations, Technological solutions for light mitigation like shielded fixtures and warm CCT LEDs, Polluter Pays Principle and its application to urban noise management, Role of National Green Tribunal (NGT) in enforcing noise and light standards",,,Low
cmopjvpqe00bsz3r09jgyqvf2,river-pollution-ganga-yamuna-namami-gange-programme,"River Pollution — Ganga, Yamuna & Namami Gange Programme",ENVIRONMENT,GS3,"Namami Gange Programme, National Mission for Clean Ganga, National Ganga Council, Environment (Protection) Act 1986, Water (Prevention and Control of Pollution) Act 1974, Hybrid Annuity Model, Aviral Dhara and Nirmal Dhara, Ganga River Basin Management Plan, M.C. Mehta v. Union of India, Article 48A, Article 21, Central Pollution Control Board, Yamuna Action Plan, Ganga Praharis, River Cities Alliance","Sources and types of pollutants in the Ganga and Yamuna rivers, Historical evolution from Ganga Action Plan to Namami Gange, Institutional framework of National Mission for Clean Ganga and National Ganga Council, Hybrid Annuity Model for sewage treatment infrastructure, Environmental flow norms and the concept of Aviral Dhara, Impact of industrial effluents from grossly polluting industries, Role of Ganga Praharis and community participation in river conservation, Biodiversity restoration of endemic species like the Gangetic Dolphin, Water quality indicators including Biochemical Oxygen Demand and Dissolved Oxygen, Challenges in sewage treatment plant capacity and utilization, Impact of agricultural runoff and chemical fertilizers on river health, Riverfront development and modernization of ghats and crematoria, Legal and judicial interventions by the National Green Tribunal, Integration of the Arth Ganga model for sustainable economic development",,,High
cmopjvont00bhz3r0qeqlghmg,ex-situ-conservation-zoos-gene-banks-seed-vaults,"Ex-Situ Conservation — Zoos, Gene Banks & Seed Vaults",ENVIRONMENT,GS3,"Convention on Biological Diversity, Wildlife Protection Act 1972, Central Zoo Authority, Svalbard Global Seed Vault, National Gene Bank, Cryopreservation, Botanical Survey of India, National Bureau of Plant Genetic Resources, Captive Breeding, International Treaty on Plant Genetic Resources for Food and Agriculture, Nagoya Protocol, In-vitro Conservation, National Bureau of Animal Genetic Resources","Definition and objectives of ex-situ conservation, Comparison between in-situ and ex-situ conservation strategies, Role of Zoological Parks in captive breeding and species reintroduction, Functions of Botanical Gardens in germplasm conservation and research, Seed Banking techniques and the role of Svalbard Global Seed Vault, Cryopreservation of gametes and embryos for long-term genetic storage, Field Gene Banks for recalcitrant and vegetatively propagated species, Role of the National Bureau of Plant Genetic Resources (NBPGR) in India, Functions of the National Bureau of Animal Genetic Resources (NBAGR), Tissue culture and in-vitro conservation of rare plant taxa, Ethical and ecological challenges of captive breeding programs, Legal framework under the Wildlife Protection Act 1972 and Biological Diversity Act 2002, International commitments under the Convention on Biological Diversity (CBD) and CITES, Case studies of successful reintroductions such as the Gangetic Gharial or Pygmy Hog",,,Medium
cmopjvtqz00dtz3r0ogugazt6,deforestation-causes-redd-compensatory-afforestation-fund,"Deforestation — Causes, REDD+ & Compensatory Afforestation Fund",ENVIRONMENT,GS3,"Forest (Conservation) Act 1980, Compensatory Afforestation Fund Act 2016, CAMPA, REDD+, Warsaw Framework for REDD+, Net Present Value (NPV), National Afforestation Programme, Green India Mission, Article 48A, Article 51A(g), Forest Rights Act 2006, UNFCCC, Carbon Sequestration, Forest Reference Levels (FRL), Joint Forest Management (JFM)","Direct and indirect drivers of deforestation in India, Impact of shifting cultivation on North-East Indian forests, Warsaw Framework for REDD+, Role of Green Climate Fund in REDD+ implementation, Provisions of the Compensatory Afforestation Fund Act 2016, Functioning of National and State CAMPA authorities, Calculation and significance of Net Present Value for forest land, Challenges in land identification for compensatory afforestation, Relationship between REDD+ and the Paris Agreement, Impact of deforestation on tribal livelihoods and rights, Role of Forest Conservation Act 1980 in regulating diversions, Biodiversity loss and habitat fragmentation due to linear infrastructure, Carbon sequestration potential of Indian forests, Forest Reference Levels and monitoring mechanisms under UNFCCC",,,High
cmopjvrnr00ckz3r0zhjx1ppz,kigali-agreement-hfcs-ozone-layer,Kigali Agreement — HFCs & Ozone Layer,ENVIRONMENT,GS3,"Montreal Protocol, Vienna Convention, Hydrofluorocarbons (HFCs), Ozone Depleting Substances (ODS), Global Warming Potential (GWP), Common But Differentiated Responsibilities (CBDR), Article 5 Countries, Kigali Amendment Phase-down Schedule, Climate and Clean Air Coalition (CCAC), Green Climate Fund (GCF), Stratospheric Ozone Layer, Greenhouse Gas Effect, Hydrochlorofluorocarbons (HCFCs), India's HFC Phase-down Strategy, Article 21, Directive Principles of State Policy Article 48A","Evolution of Montreal Protocol from CFCs to HFCs, Chemistry of ozone depletion by chlorine and bromine atoms, Global Warming Potential (GWP) of HFCs vs Carbon Dioxide, Differentiation between Group 1 and Group 2 developing countries, India's specific HFC phase-down schedule and baseline years, Role of the Multilateral Fund in supporting developing nations, Transition to low-GWP alternatives like Hydrofluoroolefins (HFOs), Linkage between Kigali Amendment and Paris Agreement goals, Impact of cooling demand on energy efficiency and climate change, HFC-23 byproduct incineration and domestic regulations in India, Functions of the Technology and Energy Assessment Panel (TEAP), Mechanisms for monitoring and reporting HFC consumption, Scientific basis of the Rowland-Molina hypothesis and PSC formation, Legal binding nature and non-compliance measures of the amendment",,,Medium
cmopjvpql00c0z3r0lnjm1rjw,international-solar-alliance-indias-leadership,International Solar Alliance — India's Leadership,ENVIRONMENT,GS3,"Towards 1000 Strategy, One Sun One World One Grid, COP21 Paris Agreement, ISA Assembly, National Institute of Solar Energy, STAR-C Initiative, ITEC Scheme, ISA Solar Fellowship, World Solar Bank, Article 253 of the Constitution, Sustainable Development Goal 7, Common But Differentiated Responsibilities, Global Solar Facility, ISA CARES, Green Climate Fund","Evolution of ISA from COP21 to a global intergovernmental body, Towards 1000 Strategy and its four pillars, One Sun One World One Grid (OSOWOG) initiative and implementation, Solar Technology Application Resource Centre (STAR-C) for capacity building, Financial mechanisms for mobilizing solar investment in LDCs and SIDS, India's role as the host nation and permanent president, ISA CARES initiative for solarizing health sectors, Global Solar Facility for risk mitigation in Africa, Comparative analysis of India's partnership-led vs China's debt-led solar models, Legal status under Article 253 and UNGA observer status, Impact on India's soft power and climate diplomacy in the Global South, Challenges of technical expertise and trade barriers in member nations, Integration of solar power with Green Hydrogen and Battery Storage (BESS)",,,Medium
cmopjvont00biz3r0y5y35jk5,ecosystem-concepts-food-chains-trophic-levels-ecological-pyramids,"Ecosystem Concepts — Food Chains, Trophic Levels & Ecological Pyramids",ENVIRONMENT,GS3,"Biotic and Abiotic Components, Trophic Levels, Food Chains and Food Webs, Energy Flow in Ecosystems, Ten Percent Law, Pyramid of Numbers, Pyramid of Biomass, Pyramid of Energy, Bioaccumulation and Biomagnification, Ecological Niche, Ecotone and Edge Effect, Biogeochemical Cycles, Primary and Secondary Productivity, Ecological Succession","Energy flow in ecosystems and the unidirectional nature of energy transfer, Lindeman's Ten Percent Law and its implications for food chain length, Differences between grazing and detritus food chains, Functional roles of producers and primary/secondary/tertiary consumers, Concept of trophic levels and ecological niche, Structural dynamics of food webs and multi-level species interactions, Upright and inverted pyramids of numbers with ecosystem examples, Factors causing inverted pyramids of biomass in aquatic ecosystems, Principles of energy pyramids and why they are always upright, Bioaccumulation and biomagnification of toxins across trophic levels, Role of saprophytes and decomposers in nutrient cycling, Ecological efficiency and metabolic energy loss at each level, Concepts of standing crop and standing state in ecosystems, Impact of climate change on trophic synchronization and ecosystem stability",,,High
cmopjvrnv00cyz3r0xkqjcgsk,arctic-antarctic-melting-ice-sea-level-rise-geopolitics,"Arctic & Antarctic — Melting Ice, Sea Level Rise & Geopolitics",ENVIRONMENT,GS3,"Arctic Amplification, Arctic Council, UNCLOS, Antarctic Treaty System, Northern Sea Route, Northwest Passage, Albedo Effect, Permafrost Thaw and Methane Release, Cryosphere Loss, India's Arctic Policy, Himadri Station, Bharati and Maitri Stations, Global Conveyor Belt, Svalbard Treaty, Blue Economy, Territorial Sovereignty Claims, IPCC Special Report on the Ocean and Cryosphere","Arctic amplification and albedo feedback mechanisms, Impact of melting Greenland and Antarctic ice sheets on global sea level rise, Thawing permafrost and methane release feedback loops, Geopolitics of the Northern Sea Route and Northwest Passage, India's Arctic Policy and role in the Arctic Council, Antarctic Treaty System and Madrid Protocol on Environmental Protection, Impact of polar ice loss on the Atlantic Meridional Overturning Circulation (AMOC), Resource exploitation and deep-sea mining in the Arctic region, Changes in the Polar Vortex and Arctic Oscillation on mid-latitude weather, Scientific research stations Himadri (Arctic) and Bharati and Maitri (Antarctica), Jurisdictional claims under UNCLOS in the Arctic Ocean, Impact of cryosphere loss on indigenous polar communities and biodiversity",,,Medium
cmopjvpwm00c1z3r0ibvotfxi,paris-agreement-ndcs-finance-implementation,"Paris Agreement — NDCs, Finance & Implementation",ENVIRONMENT,GS3,"Nationally Determined Contributions (NDCs), Common but Differentiated Responsibilities (CBDR-RC), Global Stocktake, Climate Finance (USD 100 Billion Goal), Enhanced Transparency Framework (ETF), Article 6 (Carbon Markets), Loss and Damage Fund, Climate Justice, Net Zero Targets (Panchamrit), Intended Nationally Determined Contributions (INDCs), Adaptation and Resilience, Technology Transfer and Capacity Building, 1.5 Degree Celsius Target, UN Framework Convention on Climate Change (UNFCCC)","Evolution of NDCs from Kyoto Protocol to Paris Agreement, Ratchet mechanism and five-year update cycles, Difference between INDCs and NDCs, India’s updated First NDC targets for 2030, Article 6 and international carbon market mechanisms, Role of the Global Stocktake in enhancing climate ambition, Climate finance commitments and the $100 billion goal, Enhanced Transparency Framework for reporting and review, Common But Differentiated Responsibilities and Respective Capabilities (CBDR-RC) in implementation, Mitigation and adaptation strategies in India's NDCs, Long-Term Low-Emission Development Strategies (LT-LEDS), Role of Net Zero targets in national climate planning, Just transition and social inclusion in NDC implementation, Impact of sectoral targets on energy and food systems, Mechanisms for tracking and accounting of greenhouse gas emissions reductions",,,High
cmopjvrnt00csz3r0mysh7hv2,e-waste-management-rules-health-impact-extended-producer-responsibility,"E-Waste — Management Rules, Health Impact & Extended Producer Responsibility",ENVIRONMENT,GS3,"E-Waste (Management) Rules 2022, Extended Producer Responsibility, Circular Economy, Central Pollution Control Board, Environment Protection Act 1986, RoHS (Restriction of Hazardous Substances), EPR Credit System, Formalization of Informal Sector, Hazardous Waste Management, Bio-accumulation of Heavy Metals, Basel Convention, Urban Mining, Digital India and Electronic Waste, Sustainable Development Goal 12","Evolution of e-waste management rules from 2016 to 2022, Provisions of the E-Waste Management Rules 2022, Extended Producer Responsibility (EPR) framework and recycling targets, Role of the Central Pollution Control Board (CPCB) and portal registration, Health impacts of heavy metals like lead, mercury, and cadmium, Environmental consequences of informal e-waste recycling, Basel Convention and international trade of hazardous e-waste, Recovery of precious metals and strategic materials, Challenges in the informal sector and formalization strategies, Circular economy principles in electronic waste management, Responsibilities of bulk consumers and refurbishers, Penalties and environmental compensation for non-compliance, Impact of brominated flame retardants and CFCs, Solar photo-voltaic modules and panels management under 2022 rules",,,Medium
cmopjvpqk00byz3r0t0atd5wk,biogeochemical-cycles-carbon-nitrogen-water-phosphorus,"Biogeochemical Cycles — Carbon, Nitrogen, Water & Phosphorus",ENVIRONMENT,GS3,"Gaseous and Sedimentary Cycles, Nitrogen Fixation, Nitrification and Denitrification, Carbon Sinks and Sequestration, Ocean Acidification, Blue Carbon, Phosphorus Cycle (Sedimentary Nature), Hydrological Cycle, Nutrient Cycling and Ecological Homeostasis, Eutrophication, Impact of Fertilizer Runoff, Sulfur Cycle, Role of Decomposers, Methane Cycle, Bio-geochemical reservoirs (Atmosphere vs Lithosphere)","Biological nitrogen fixation and the role of Rhizobium, Anthropogenic impact of Haber-Bosch process on nitrogen overload, Eutrophication and the formation of aquatic dead zones, Carbon sequestration in terrestrial and marine sinks, Ocean acidification and its impact on the marine carbon cycle, Impact of fossil fuel combustion on atmospheric carbon residence time, Role of microbial denitrification in returning nitrogen to the atmosphere, Phosphorus cycle acceleration due to phosphate rock mining, Peak phosphorus and its implications for global food security, Greenhouse gas potential of nitrous oxide (N2O) vs carbon dioxide, Impact of permafrost thawing on methane and nitrogen release, Biogeochemical feedback loops in the context of climate change, Role of leguminous crops in maintaining soil nitrogen balance, Comparison of gaseous vs sedimentary biogeochemical cycles",,,Medium
cmopjvons00bez3r080zetoxx,biodiversity-loss-causes-ipbes-reports-indias-status,"Biodiversity Loss — Causes, IPBES Reports & India's Status",ENVIRONMENT,GS3,"IPBES Global Assessment Report, HIPPO Dilemma, Biological Diversity Act 2002, National Biodiversity Authority, Aichi Biodiversity Targets, Kunming-Montreal Global Biodiversity Framework, Article 48A, Article 51A(g), Wildlife Protection Act 1972, Sixth National Report to CBD, Sixth Mass Extinction, Invasive Alien Species, Red Data Book, Megadiverse Countries, Nagoya Protocol, Cartagena Protocol","Five direct drivers of biodiversity loss (IPBES 2019), Impact of land and sea-use change on Indian ecosystems, Overexploitation of species and illegal wildlife trade in India, Climate change as an accelerator of species extinction, Pollution-led habitat degradation and eutrophication, Invasive alien species and their impact on native Indian flora and fauna, Key findings of the IPBES Global Assessment Report 2019, Findings of the IPBES Invasive Alien Species Assessment 2023, Status of biodiversity hotspots in India, Anthropogenic pressures on Western Ghats and Himalayas, National Biodiversity Targets and Kunming-Montreal Global Biodiversity Framework, Trends in India's State of Forest Report (ISFR) regarding biodiversity, Role of Indigenous peoples and local communities in conservation, Indirect drivers including demographic and economic shifts, Restoration of degraded land and sea ecosystems in India",,,High
cmopjvrnt00cpz3r0gx9zabxv,environmental-laws-epa-wildlife-protection-act-forest-conservation-act,"Environmental Laws — EPA, Wildlife Protection Act, Forest Conservation Act",ENVIRONMENT,GS3,"Environment Protection Act 1986, Wildlife Protection Act 1972, Forest Conservation Act 1980, Article 48A, Article 51A(g), National Green Tribunal Act 2010, Biological Diversity Act 2002, Scheduled Tribes and Other Traditional Forest Dwellers (Recognition of Forest Rights) Act 2006, Environmental Impact Assessment, Coastal Regulation Zone, National Board for Wildlife, Central Pollution Control Board, Public Trust Doctrine, Polluter Pays Principle, Precautionary Principle","Environment Protection Act 1986 as an umbrella legislation, Constitutional provisions under Article 48A and 51A(g), Wildlife Protection Act 1972 schedules and rationalization, Categories of forests under Indian Forest Act 1927, Forest Conservation Act 1980 mandatory prior approval for land diversion, Biological Diversity Act 2002 three-tier structure, Coastal Regulation Zone (CRZ) notifications and restrictions, Eco-Sensitive Zones (ESZ) as shock absorbers, Scheduled Tribes and Other Traditional Forest Dwellers Act 2006 title and use rights, National Green Tribunal Act 2010 jurisdiction and exclusions, Environmental Impact Assessment (EIA) notification process, Compensatory Afforestation Management and Planning Authority (CAMPA), National Board for Wildlife (NBWL) functions, Water (Prevention and Control of Pollution) Act 1974 regulatory authorities, Air (Prevention and Control of Pollution) Act 1981 objectives and implementation boards",,,High
cmopjvpqj00bwz3r04xgim5oj,wetlands-conservation-ramsar-sites-threats,"Wetlands — Conservation, Ramsar Sites & Threats",ENVIRONMENT,GS3,"Ramsar Convention 1971, Wise Use Principle, Montreux Record, Wetlands (Conservation and Management) Rules 2017, National Plan for Conservation of Aquatic Ecosystems (NPCA), Article 51A(g), Environment (Protection) Act 1986, Central Wetland Regulatory Authority, State Wetland Authority, Amrit Dharohar Initiative, World Wetlands Day, Ramsar Criteria for Identification, Transboundary Ramsar Sites, Wetland City Accreditation, Mission LiFE for Wetlands","Definition and classification of wetlands (natural vs man-made), Ecological functions and ecosystem services of wetlands, Ramsar Convention on Wetlands (1971) and its three pillars, Criteria for designation of Ramsar Sites, Montreux Record and its significance for Indian wetlands, Wetlands (Conservation and Management) Rules 2017 and 2020 guidelines, Impact of urbanization and agricultural conversion on wetland hydrology, Role of wetlands in carbon sequestration and climate change mitigation, Threats from invasive species (Water Hyacinth and Salvinia), National Wetland Inventory and Assessment and the use of remote sensing, Transboundary wetland management and international cooperation, Community-based conservation and wise-use of wetland resources, Economic valuation of wetland services for sustainable development, Relationship between wetlands and groundwater recharge/purification",,,Medium
cmopjvsig00dbz3r05du9b03v,desertification-land-degradation-ldn-targets,Desertification & Land Degradation — LDN Targets,ENVIRONMENT,GS3,"United Nations Convention to Combat Desertification (UNCCD), Land Degradation Neutrality (LDN), SDG Target 15.3, Bonn Challenge, Aravalli Green Wall Project, Desertification and Land Degradation Atlas of India, Pradhan Mantri Krishi Sinchayee Yojana (PMKSY) - Watershed Development, National Afforestation Programme (NAP), Green India Mission (GIM), Soil Health Card Scheme, CAMPA Funds, International Drought Resilience Alliance (IDRA), Changwon Initiative, Rio+20 Conference, UNCCD COP14 New Delhi Declaration","Difference between land degradation and desertification in drylands, Status of land degradation in India (ISRO's Desertification and Land Degradation Atlas), Anthropogenic drivers of soil erosion and vegetation loss, Impact of faulty irrigation on soil salinity and waterlogging, Economic costs of land degradation on India's GDP, Sustainable Development Goal 15.3 and the concept of Land Degradation Neutrality (LDN), India's national commitment to restore 26 million hectares of degraded land by 2030, Role of UNCCD and outcomes of COP14 (Delhi Declaration), National Action Programme (NAP) to combat desertification, Sustainable Land Management (SLM) technologies and the LDN response hierarchy (Avoid Reduce Reverse), Integration of watershed management (WDC-PMKSY 2.0) in land restoration, Role of the Bonn Challenge and the Great Green Wall initiative, Impact of invasive species like Prosopis juliflora on grassland ecosystems, Linkages between land tenure security and sustainable land use practices",,,High
cmopjvqpf00ccz3r0qxlf90v7,man-animal-conflict-human-wildlife-interface-mitigation,Man-Animal Conflict — Human-Wildlife Interface & Mitigation,ENVIRONMENT,GS3,"Wildlife Protection Act 1972, Eco-Sensitive Zones (ESZ), National Wildlife Action Plan 2017-2035, Article 48A, Article 51A(g), Project Elephant, Project Tiger, National Human-Wildlife Conflict Mitigation Strategy and Action Plan, Wildlife Corridors, Habitat Fragmentation, Sonitpur Model, Hathi Mere Saathi Campaign, Eco-Development Committees (EDC), Compensation and Insurance Schemes, Zoonotic Diseases, Scheduled Tribes and Other Traditional Forest Dwellers (Recognition of Forest Rights) Act 2006","Impact of habitat fragmentation and linear infrastructure on wildlife corridors, Socio-economic consequences of crop raids and livestock depredation, Role of the Wildlife Protection Act 1972 in conflict management, National Human-Wildlife Conflict Mitigation Strategy and Action Plan (HWC-NAP), Effectiveness of community-based conservation and solar fencing, Use of technology in mitigation including radio-collaring and early warning systems, Kerala's declaration of human-animal conflict as a state-specific disaster, Success of Project Elephant and Project Tiger in addressing spillover populations, Compensation mechanisms and their role in building community tolerance, Impact of climate change and water stress on animal movement patterns, Challenges of urbanization and agricultural encroachment on forest fringes, Ethical considerations in lethal control and translocation of problematic animals",,,High
cmopjvrnr00cjz3r06fryamqq,climate-change-urbanisation-heat-islands-flooding,Climate Change & Urbanisation — Heat Islands & Flooding,ENVIRONMENT,GS3,"Urban Heat Island Effect, Sponge City Concept, National Mission on Sustainable Habitat, Smart Cities Mission, Disaster Management Act 2005, NDMA Guidelines on Urban Flooding, Sendai Framework for Disaster Risk Reduction, Sustainable Development Goal 11, Coastal Regulation Zone Notification, IPCC Sixth Assessment Report, Climate Smart Cities Assessment Framework, Blue-Green Infrastructure, Nature-based Solutions, AMRUT 2.0","Mechanisms of Urban Heat Island formation, Albedo effect and thermal mass of urban materials, Role of evapotranspiration in urban cooling, Anthropogenic heat emissions from ACs and vehicles, Urban canyon effect and wind flow patterns, Impact of UHI on energy demand and public health, Causes of urban flooding in India, Encroachment of wetlands and natural drainage systems, Role of impermeable surfaces in urban runoff, Sponge Cities concept and nature-based solutions, Atal Mission for Rejuvenation and Urban Transformation (AMRUT), Climate-responsive architecture and cool roof policies, Integration of blue-green infrastructure in urban planning, Case studies of heatwaves and flooding in Delhi and Mumbai, IPCC findings on urban climate risks",,,High
cmopjvpqe00brz3r07pxlw1h4,interlinking-of-rivers-debate-benefits-environmental-cost,"Interlinking of Rivers — Debate, Benefits & Environmental Cost",ENVIRONMENT,GS3,"National Perspective Plan, Ken-Betwa Link Project, National Water Development Agency, Article 262, Inter-State River Water Disputes Act 1956, National Water Grid, Environmental Impact Assessment, Panna Tiger Reserve, National Interlinking of Rivers Authority, Himalayan Component, Peninsular Component, Sir Arthur Cotton, K.L. Rao Committee, Command Area Development, National Water Policy","National Perspective Plan (NPP), Himalayan and Peninsular river components, Ken-Betwa Link Project (KBLP) and Panna Tiger Reserve, Inter-basin water transfer (IBWT) mechanisms, Impact on riverine and deltaic ecosystems, Displacement and rehabilitation of tribal communities, Inter-state water sharing disputes and Article 262, International riparian diplomacy with Bangladesh and Nepal, Financial viability and cost-benefit analysis of the South Asian water grid, Hydropower potential and inland navigation benefits, Impact on Indian Summer Monsoon (ISM) and land-atmosphere feedback, Alternatives like watershed management and rainwater harvesting, Environmental Impact Assessment (EIA) for mega-irrigation projects, Role of National Water Development Agency (NWDA)",,,Medium
cmopjvons00bdz3r0fh13bekn,biodiversity-types-importance-threats,"Biodiversity — Types, Importance & Threats",ENVIRONMENT,GS3,"Biological Diversity Act 2002, National Biodiversity Authority, Genetic Species and Ecosystem Diversity, Biodiversity Hotspots in India, In-situ and Ex-situ Conservation, Cartagenga Protocol on Biosafety, Nagoya Protocol on Access and Benefit Sharing, Aichi Biodiversity Targets, Kunming-Montreal Global Biodiversity Framework, Invasive Alien Species, Endangered Species and IUCN Red List, Keystone Species, Ecosystem Services and TEEB, Article 48A, Article 51A(g)","Genetic, species, and ecosystem diversity, Ecosystem services and their economic value, Anthropogenic causes of biodiversity loss, Habitat fragmentation and degradation, Impact of invasive alien species on native flora and fauna, Over-exploitation of biological resources, Climate change as a driver of species extinction, Concept of keystone and indicator species, Global biodiversity hotspots and criteria for identification, Megadiverse countries and India's biogeographic classification, Economic valuation of biodiversity (TEEB), Biodiversity as a carbon sink and its role in climate resilience, Cultural and aesthetic importance of biodiversity, Genetic pollution and its impact on wild relatives of crops",,,High
cmopjvrns00coz3r01l0yzn82,national-green-tribunal-ngt-jurisdiction-orders-implementation,"National Green Tribunal (NGT) — Jurisdiction, Orders & Implementation",ENVIRONMENT,GS3,"National Green Tribunal Act 2010, Article 21, Sustainable Development Principle, Precautionary Principle, Polluter Pays Principle, Principles of Natural Justice, Schedule I Enactments, Suo Motu Powers, Environmental Impact Assessment, Forest Conservation Act 1980, Environment Protection Act 1986, Water and Air Pollution Acts, Shanta Kumar Committee, Public Liability Insurance Act 1991, Jurisdiction over Civil Cases","National Green Tribunal Act 2010 legal basis and objectives, Composition and structure of NGT including judicial and expert members, Jurisdiction over seven specific environmental laws, Exclusion of Wildlife Protection Act 1972 and Indian Forest Act 1927 from NGT ambit, Application of Precautionary Principle and Polluter Pays Principle, Suo motu powers of the NGT in environmental matters, Role of NGT in relief and compensation for environmental damage, Time-bound disposal of cases within six months, Enforcement mechanism and penalties for non-compliance with NGT orders, Challenges of vacancy and resource constraints in NGT functioning, Landmark judgments on pollution and infrastructure projects, Relationship between NGT and the Higher Judiciary (High Courts and Supreme Court), Impact of NGT on environmental jurisprudence in India, Role of regional and circuit benches in ensuring accessibility to justice",,,High
cmopjvpqg00buz3r08v0m1rb3,ocean-resource-degradation-marine-pollution,Ocean Resource Degradation & Marine Pollution,ENVIRONMENT,GS3,"UNCLOS, MARPOL Convention, London Convention on the Prevention of Marine Pollution, Global Plastics Treaty, Sustainable Development Goal 14, Coastal Regulation Zone Notification, National Oil Spill Disaster Contingency Plan, Merchant Shipping Act 1958, Bioaccumulation and Biomagnification, Marine Protected Areas, Environment Protection Act 1986, Blue Economy Policy, Microplastics and Marine Litter, Eutrophication and Dead Zones, Territorial Waters Continental Shelf Exclusive Economic Zone and other Maritime Zones Act 1976","Land-based sources of marine pollution, Impact of microplastics on marine food chains, Eutrophication and coastal dead zones, Ocean acidification and coral bleaching, Marine debris and the Great Pacific Garbage Patch, Oil spills and bioremediation techniques, Impact of underwater noise on marine mammals, International conventions like MARPOL and UNCLOS, Heavy metal accumulation in seafood, Ballast water management and invasive species, Role of London Convention on marine dumping, Socio-economic impact on coastal communities and tourism, Mangrove and seagrass degradation due to pollutants, Deep-sea mining and its environmental consequences, National Oil Spill Disaster Contingency Plan (NOS-DCP) in India",,,Medium
cmopjvsii00dcz3r02g0993ne,air-pollution-sources-health-impact-policy-bs-norms-ncap,"Air Pollution — Sources, Health Impact & Policy (BS Norms, NCAP)",ENVIRONMENT,GS3,"National Clean Air Programme (NCAP), Bharat Stage (BS-VI) Emission Norms, National Ambient Air Quality Standards (NAAQS), Air Quality Index (AQI), Air (Prevention and Control of Pollution) Act 1981, Graded Response Action Plan (GRAP), Commission for Air Quality Management (CAQM), FAME-II Scheme, System of Air Quality and Weather Forecasting and Research (SAFAR), Article 48A, Article 21, Particulate Matter (PM2.5 and PM10), Central Pollution Control Board (CPCB), Pradhan Mantri Ujjwala Yojana, PRANA Portal","Comparison of BS-IV and BS-VI fuel standards, National Clean Air Programme targets and implementation challenges, Health impacts of PM2.5 and PM10 on vulnerable populations, Role of Graded Response Action Plan (GRAP) in Delhi-NCR, Impact of stubble burning and alternative technologies like Pusa Decomposer, Composition and significance of National Air Quality Index (AQI), Atmospheric inversion and its role in winter smog, Source apportionment studies for urban air pollution, Transition to Electric Vehicles and FAME-II scheme, Control of industrial emissions through Flue Gas Desulfurization (FGD), Airshed approach for regional pollution management, Impact of indoor air pollution and Pradhan Mantri Ujjwala Yojana, Effectiveness of the Commission for Air Quality Management (CAQM)",,,High
cmopjvrns00cnz3r09hsx5xo9,forest-rights-act-tribal-rights-conflicts,Forest Rights Act — Tribal Rights & Conflicts,ENVIRONMENT,GS3,"Scheduled Tribes and Other Traditional Forest Dwellers (Recognition of Forest Rights) Act 2006, Gram Sabha, Minor Forest Produce, Individual Forest Rights, Community Forest Rights, Critical Wildlife Habitats, PESA Act 1996, Fifth Schedule of the Constitution, Sixth Schedule of the Constitution, Particularly Vulnerable Tribal Groups, Indian Forest Act 1927, Forest Conservation Act 1980, Ministry of Tribal Affairs, Wildlife Protection Act 1972, Compensatory Afforestation Fund Act (CAMPA)","Historical injustice against forest-dwelling communities, Recognition of individual vs community forest rights, Role and powers of Gram Sabha in rights recognition, Rights of Particularly Vulnerable Tribal Groups (PVTGs), Management of Minor Forest Produce (MFP), Process of verification and vesting of forest rights, Conflict between Forest Rights Act and Wildlife Protection Act, Impact of Compensatory Afforestation Fund Act (CAMPA) on tribal rights, Definition and eligibility of Other Traditional Forest Dwellers (OTFD), Procedure for appeal at Sub-Divisional and District level committees, Provisions for rehabilitation from protected areas, Convergence of FRA with PESA Act 1996, Challenges in implementation and high rejection rates of claims, Right to protect and manage Community Forest Resources (CFR)",,,High
cmopjvqpg00chz3r07qyojztm,carbon-markets-emissions-trading-carbon-tax-green-bonds,"Carbon Markets — Emissions Trading, Carbon Tax & Green Bonds",ENVIRONMENT,GS3,"Paris Agreement Article 6, Article 6.2 (ITMOs), Article 6.4 (Paris Agreement Crediting Mechanism), Carbon Border Adjustment Mechanism (CBAM), Emissions Trading System (ETS), Carbon Tax, Green Bonds, Clean Development Mechanism (CDM), Voluntary Carbon Markets (VCM), Kyoto Protocol, National Carbon Registry, Bureau of Energy Efficiency (BEE), Energy Conservation Act 2022, Carbon Credit Trading Scheme (CCTS), Sovereign Green Bonds Framework, Double Counting and Corresponding Adjustments","Concept and evolution of carbon pricing, Difference between compliance and voluntary carbon markets, Cap-and-trade versus baseline-and-credit models, Role of Article 6 of the Paris Agreement, Implementation of Carbon Credit Trading Scheme (CCTS) 2023, Energy Conservation (Amendment) Act 2022 and carbon market legal framework, Functioning of Bureau of Energy Efficiency as a nodal agency, Perform Achieve and Trade (PAT) scheme as a precursor, Economic rationale and design of carbon taxes, Integration of Renewable Energy Certificates (REC) into carbon markets, Challenges of additionality and environmental integrity, Risk of double counting and Monitoring Reporting and Verification (MRV) protocols, Concept and sovereign green bonds framework in India, Role of Green Credit Program (GCP) and its interface with carbon markets, Impact of Carbon Border Adjustment Mechanism (CBAM) on Indian exports",,,Medium
cmopjvrnr00ciz3r0ww9q43dj,loss-damage-climate-finance-for-developing-nations,Loss & Damage — Climate Finance for Developing Nations,ENVIRONMENT,GS3,"COP27 Loss and Damage Fund, Warsaw International Mechanism for Loss and Damage (WIM), Santiago Network on Loss and Damage, Common but Differentiated Responsibilities and Respective Capabilities (CBDR-RC), Article 8 of the Paris Agreement, Climate Justice and Equity, Global Shield Against Climate Risks, UN Framework Convention on Climate Change (UNFCCC), Slow-onset Events (Sea Level Rise and Desertification), Green Climate Fund (GCF), Transitional Committee on Loss and Damage, Climate Debt and Reparations, Sharm el-Sheikh Implementation Plan","Definition of economic vs non-economic loss and damage, Evolution of Warsaw International Mechanism (WIM), Santiago Network on Loss and Damage (SNLD), Outcomes of COP27 and COP28 on LDF operationalization, Role of World Bank as interim trustee, Comparison between climate mitigation adaptation and loss and damage, Impact of slow-onset events like sea-level rise and desertification, Climate justice and historical responsibility of developed nations, Challenges of funding shortfalls and voluntary vs mandatory contributions, Non-economic losses including cultural heritage and psychological trauma, Eligibility criteria for SIDS and LDCs vs larger developing economies, Polluter Pays Principle in international climate law, Debt-for-climate swaps and innovative financing mechanisms, Transparency and accountability in climate finance tracking",,,High
cmopjvpqc00bmz3r0kanfkbww,wildlife-crime-poaching-trade-cites,"Wildlife Crime — Poaching, Trade & CITES",ENVIRONMENT,GS3,"Wildlife Protection Act 1972, CITES Appendices, Wildlife Crime Control Bureau, Article 48A, Article 51A(g), International Consortium on Combating Wildlife Crime, Operation Thunder, Red List of Threatened Species, Project Tiger, Project Elephant, Prevention of Cruelty to Animals Act 1960, TRAFFIC, National Board for Wildlife, Environment Protection Act 1986","Legal and institutional framework of CITES and its three appendices, Role of Wildlife Crime Control Bureau (WCCB) in India, Impact of poaching on keystone species and ecosystem stability, Economics of illegal wildlife trade and its global ranking, Wildlife Protection Act 1972 and recent amendments for CITES compliance, Role of TRAFFIC and CAWT in monitoring international trade, Use of technology like AI and drones in anti-poaching operations, Challenges in regulating trade of derivatives and traditional medicines, Linkage between wildlife trafficking and organized crime syndicates, Implementation of Monitoring the Illegal Killing of Elephants (MIKE) in India, Success of law enforcement operations like Operation Wildnet and Thunderbird, Role of Zoological and Botanical Surveys of India as scientific authorities, Socio-economic drivers of poaching in rural and tribal communities, Impact of illegal sand mining as an environmental crime",,,Medium
cmopjvtdv00dhz3r0gz67b3wk,water-pollution-industrial-agricultural-municipal-sources,"Water Pollution — Industrial, Agricultural & Municipal Sources",ENVIRONMENT,GS3,"Water (Prevention and Control of Pollution) Act 1974, Central Pollution Control Board (CPCB), State Pollution Control Boards (SPCB), Environment Protection Act 1986, Biological Oxygen Demand (BOD), Chemical Oxygen Demand (COD), Namami Gange Programme, National Water Quality Monitoring Programme, Eutrophication, Biomagnification, Article 252, National River Conservation Plan (NRCP), Bioremediation, Common Effluent Treatment Plants (CETP)","Point vs non-point sources of pollution, Eutrophication and cultural eutrophication, Biochemical Oxygen Demand (BOD) vs Chemical Oxygen Demand (COD), Biomagnification and bioaccumulation of heavy metals, Groundwater contamination (arsenic, fluoride, and nitrates), Impact of industrial effluents from tanneries and distilleries, Agricultural runoff and pesticide persistence, Thermal pollution from power plants, Marine plastic pollution and microplastics, Water (Prevention and Control of Pollution) Act 1974, Namami Gange and Arth Ganga framework, Bioremediation techniques (Oilzapper and microbes), Central Pollution Control Board (CPCB) river monitoring, Zero Liquid Discharge (ZLD) in industries, Health impacts (Minamata, Itai-Itai, and Blue Baby Syndrome)",,,High
cmopjvtdv00djz3r0q48qzwvf,traditional-ecological-knowledge-environment-ethics,Traditional Ecological Knowledge & Environment Ethics,ENVIRONMENT,GS3,"Article 8(j) of Convention on Biological Diversity, Nagoya Protocol, Kunming-Montreal Global Biodiversity Framework, Sacred Groves and Landscapes, Biocultural Diversity, Access and Benefit Sharing (ABS), Intellectual Property Rights (IPR) and Traditional Knowledge, Community-Based Monitoring Systems (CBMS), Akwé: Kon Guidelines, Tkarihwaié:ri Code of Ethical Conduct, United Nations Declaration on the Rights of Indigenous Peoples (UNDRIP), Traditional Knowledge Digital Library (TKDL), Biological Diversity Act 2002, In-situ Conservation and IPLCs, Climate Change Adaptation and Indigenous Knowledge","Definition and principles of Traditional Ecological Knowledge (TEK), Role of indigenous knowledge in biodiversity conservation, Ethical perspectives on human-nature relationships, Anthropocentrism vs Biocentrism in environmental ethics, Rights of Nature and legal personhood for rivers, Sacred groves and community-conserved areas in India, Traditional water harvesting systems and climate resilience, Deep Ecology vs Shallow Ecology movements, Intergenerational equity and environmental justice, Traditional forest management practices of STs and OTFDs, Ethical dilemmas in human-wildlife conflict management, Concept of Vasudhaiva Kutumbakam in environmental conservation, Nagoya Protocol and Access and Benefit Sharing (ABS), Intellectual Property Rights (IPR) and protection of traditional knowledge, Role of women in traditional ecological preservation",,,Low
cmopjvrns00clz3r0tug2brh2,soil-pollution-pesticides-heavy-metals-remediation,"Soil Pollution — Pesticides, Heavy Metals & Remediation",ENVIRONMENT,GS3,"Environment (Protection) Act 1986, Hazardous and Other Wastes (Management and Transboundary Movement) Rules 2016, Bioremediation, Phytoremediation, Mycoremediation, Soil Health Card Scheme, PM-PRANAM Scheme, Stockholm Convention on Persistent Organic Pollutants, Land Degradation Neutrality (SDG 15.3), United Nations Convention to Combat Desertification (UNCCD), Polluter Pays Principle, Bioaccumulation and Biomagnification, Pesticides Management Bill 2020, Heavy Metal Contamination (Lead, Arsenic, Mercury), National Mission for Sustainable Agriculture (NMSA)","Sources and types of soil pollutants, Impact of organophosphates and chlorinated hydrocarbons, Biomagnification and bioaccumulation in the food chain, Heavy metal contamination (Lead, Arsenic, Mercury, Cadmium), Mechanisms of soil degradation and loss of fertility, Health impacts of polycyclic aromatic hydrocarbons (PAHs), Bioremediation and phytoremediation techniques, Mycoremediation and microbial detoxification, Soil Health Card Scheme and nutrient management, Impact of industrial effluents and fly ash on soil chemistry, Legislative framework under Environment Protection Act 1986, Sustainable agricultural practices and organic farming (PKVY), Role of UNCCD and land degradation neutrality, Management of plastic and e-waste in soil conservation",,,Medium
cmopjvvpf00ehz3r06pdmfaer,capital-punishment-retribution-vs-rehabilitation,Capital Punishment — Retribution vs Rehabilitation,ETHICS,GS4,"Rarest of Rare Doctrine, Article 21, Bachan Singh v. State of Punjab (1980), Law Commission of India 262nd Report, Retributive Justice, Reformative Theory, Collective Conscience, Machhi Singh v. State of Punjab (1983), Mitigating vs Aggravating Circumstances, Shatrughan Chauhan v. Union of India, Right to Life and Human Dignity, Lex Talionis, Utilitarian Ethics, Deontological Ethics, Mercy Petition (Article 72 and 161)","Ethical foundations of retributive justice and lex talionis, Reformative theory and the right to moral redemption, Rarest of rare doctrine and judicial discretion, Utilitarian perspective on deterrence vs. societal welfare, Deontological arguments for the inalienable right to life, Moral implications of the irreversibility of judicial error, Human dignity and the ethics of execution methods, Socio-economic bias and distributive justice in sentencing, Psychological impact of death row phenomenon as cruel punishment, Collective conscience vs. constitutional morality, Restorative justice as an alternative to capital punishment, Ethical dilemma of state-sanctioned killing in a democracy, Impact of mitigating circumstances on moral culpability, Commutation as an instrument of mercy and its ethical basis",,,Medium
cmopjvumf00e2z3r0vl6mldib,surrogacy-ethics-art-regulation,"Surrogacy — Ethics, ART Regulation",ETHICS,GS4,"Surrogacy (Regulation) Act 2021, Assisted Reproductive Technology (Regulation) Act 2021, Altruistic vs Commercial Surrogacy, Reproductive Autonomy, Article 21, Right to Privacy, Ethical Issues in Commodification of Motherhood, Rights of the Surrogate Child, National Surrogacy Board, Eligibility Criteria and Inclusivity, Exploitation of Vulnerable Women, ICMR Guidelines on ART, Article 14, Reproductive Justice, Informed Consent in ART, Parliamentary Standing Committee on Health and Family Welfare","Ethical dilemma of commercial vs altruistic surrogacy, Bodily autonomy and reproductive rights of surrogate mothers, Rights and legal status of children born through ART, Psychological and emotional impact on surrogates and intending parents, Ethical implications of donor anonymity vs child's right to know origins, Prevention of commodification and ""rent-a-womb"" syndrome, Issues of informed consent and patriarchal coercion in families, Equity and access to ART for LGBTQIA+ and single individuals, Regulation of pre-implantation genetic testing and sex selection, Cross-border surrogacy challenges and citizenship issues, Impact of 2024 amendments on donor gamete usage, Accountability and ethics of private fertility clinics and ART banks, Socio-economic vulnerability and exploitation of rural surrogates, Comparison of Indian surrogacy laws with international ethical standards",,,Medium
cmopjvvpj00enz3r0v5xiibyv,tn-seshan-electoral-reforms-institutional-integrity,T.N. Seshan — Electoral Reforms & Institutional Integrity,ETHICS,GS4,"Article 324, Model Code of Conduct, Representation of the People Act 1951, Electors Photo Identity Cards, Institutional Integrity, Independence of Constitutional Bodies, Electoral Malpractices, Civil Service Ethics, Moral Authority, Public Trust and Accountability, Criminalisation of Politics, Political Funding Transparency, Election Commission of India, Article 327, Second Administrative Reforms Commission Recommendations","Enforcement of Model Code of Conduct, Introduction of Voter ID Cards (EPIC), Regulation of election campaign expenditure, Curbing muscle power and booth capturing, Institutional autonomy and Article 324, Ethical leadership in civil services, Cleaning of electoral rolls and removal of duplicate entries, Accountability of political parties and candidates, Use of administrative powers for free and fair elections, Conflict between constitutional authorities and political executive, Promotion of voter awareness and participation, Neutrality and impartiality of the Election Commission, Use of technology and early piloting of EVMs, Legacy of integrity and institutional building in governance",,,Medium
cmopjvwdy00ewz3r02wyxptup,ethics-sports-match-fixing-doping-fair-play,"Ethics & Sports — Match Fixing, Doping & Fair Play",ETHICS,GS4,"Spirit of Sport, Fair Play, Integrity and Honesty, World Anti-Doping Agency (WADA) Code, National Anti-Doping Agency (NADA), National Anti-Doping Act 2022, Match-Fixing and Spot-Fixing, Lodha Committee Recommendations, Justice Mudgal Committee, Prevention of Corruption Act 1988, Means vs. Ends Debate, Role Models and Legacy, Values-Based Education in Sports, Professional Code of Ethics, Sportsmanship vs. Gamesmanship","Concept of fair play and spirit of sport, Ethical issues in commercialization of sports, Doping and use of performance-enhancing drugs, Role of World Anti-Doping Agency (WADA) and NADA, Social and health consequences of doping, Match-fixing and spot-fixing in professional leagues, Role of illegal betting and gambling in sports corruption, Ethics of sports management and administration, Fairness in team selection and resource allocation, Role of coaches and stakeholders in moral development, Gender equity and inclusion of transgender athletes, ""Sportswashing"" and ethical scrutiny of sponsorships, Impact of high-profile doping scandals on public trust, Use of artificial intelligence and performance analytics in fair competition",,,Medium
cmopjvume00dzz3r0ious8qio,motivation-leadership-civil-servant-as-change-maker,Motivation & Leadership — Civil Servant as Change Maker,ETHICS,GS4,"Emotional Intelligence, Public Service Values, Mission Karmayogi, 2nd ARC Reports, Nishkama Karma, Social Influence and Persuasion, Moral Courage, Crisis Leadership, Dedication to Public Service, Code of Conduct, Emotional Quotient, Professionalism, Accountability and Transparency, Citizen-Centric Governance, Servant Leadership","Theories of motivation (Maslow, Herzberg, and McClelland) and their application in administration, Distinction between transactional and transformational leadership in public service, Role of civil servants as 'Change Agents' in social transformation, Emotional intelligence as a tool for leadership and team motivation, Techniques for fostering intrinsic motivation in bureaucratic structures, Ethics of servant leadership in the Indian administrative context, Challenges of leadership in diverse and hierarchical government departments, Importance of moral leadership and integrity in decision-making, Strategies for leading institutional reforms and organizational change, Role of communication and transparency in motivating field-level staff, Leading by example and the concept of 'Idealized Influence' in civil service, Balancing power and authority with empathetic leadership, Impact of participatory leadership on community-led development projects, Overcoming resistance to change in traditional administrative systems",,,High
cmopjvvpd00egz3r06eeb3yu5,ethics-in-international-relations-moral-realism-humanitarian-intervention,Ethics in International Relations — Moral Realism & Humanitarian Intervention,ETHICS,GS4,"Moral Realism, Humanitarian Intervention, Responsibility to Protect (R2P), Just War Theory, Article 51 of the UN Charter, Article 51 of the Indian Constitution, Panchsheel, Gujral Doctrine, Universal Declaration of Human Rights (UDHR), Sovereignty vs. Human Rights, Common But Differentiated Responsibilities (CBDR), Global Commons, Global Justice, Ethical Realism vs. Idealism, Vaccine Maitri, National Interest vs. Global Responsibility","Just War Theory and its application to modern conflicts, Ethics of the Responsibility to Protect (R2P) doctrine, Moral realism vs ethical idealism in foreign policy, Tension between state sovereignty and universal human rights, Ethical implications of humanitarian intervention vs national interest, Criteria for legitimate authority in military interventions, Ethics of selective intervention and geopolitical bias, Proportionality and discrimination in humanitarian military action, Moral duty of diplomatic criticism and economic sanctions, Max Weber’s ethics of responsibility vs ethics of conviction, Role of international organizations and NGOs in ethical oversight, Post-intervention ethics and the responsibility to rebuild, Human security paradigm vs traditional state security, Ethical dilemmas of ""right intention"" in humanitarian aid and force",,,High
cmopjvwjx00f2z3r0npwgdwfz,probity-in-governance-concept-rti-code-of-conduct,"Probity in Governance — Concept, RTI & Code of Conduct",ETHICS,GS4,"Nolan Principles of Public Life, Right to Information Act 2005, Code of Conduct and Ethics, Second Administrative Reforms Commission (2nd ARC), Citizen Charters, Central Vigilance Commission, Lokpal and Lokayuktas Act, Prevention of Corruption Act, Social Audit, E-Governance, Work Culture, Information Sharing and Transparency, Utilization of Public Funds, Challenges of Corruption","Philosophical basis of governance and probity, Seven principles of public life (Nolan Committee), Right to Information Act 2005 (provisions and challenges), Central Vigilance Commission (CVC) role and functions, Lokpal and Lokayuktas (structure and impact), Code of Conduct vs Code of Ethics for civil servants, Citizen Charters and service delivery standards, Work culture and quality of service delivery, Utilization of public funds and transparency, Challenges of corruption and measures to tackle it, Whistleblower Protection Act (provisions and gaps), Social audit and its role in accountability, e-Governance initiatives for reducing corruption, Role of civil society in promoting probity",,,High
cmopjvumg00e9z3r084mp6zj3,e-sreedharan-public-service-infrastructure-ethics,"E. Sreedharan — Public Service, Infrastructure & Ethics",ETHICS,GS4,"Public service values and ethics in public administration, Integrity and probity in public life, Accountability and transparency, Professionalism and work culture, Dedication to public service, Moral courage and fearlessness, Emotional intelligence and its application, Ethical leadership and management, Nishkama Karma from Bhagavad Gita, Punctuality and commitment to deadlines, Operational autonomy and institutional ethics, Zero tolerance for corruption, Conflict of interest, Code of conduct for civil servants, Lessons from the lives of great administrators","Commitment to professional integrity and zero-tolerance for corruption, Accountability and taking moral responsibility for project failures, Resisting political interference and maintaining bureaucratic autonomy, Adherence to strict timelines and the concept of sacred deadlines, Professional competence and continuous skill upgradation, Leadership by example and motivating through personal power, Ethical management of large-scale public infrastructure projects, Balancing efficiency with transparency in procurement and contracting, Bhagavad Gita as a handbook for Karma Yoga and selfless service, Punctuality as a core value in public delivery, Transparency in land acquisition and stakeholder management, Social accountability and public service orientation, Integrity in handling public funds and preventing misuse, Discipline and work-life balance for long-term productivity",,,Medium
cmopjvw1400esz3r0t3rb8i17,jean-paul-sartre-existentialism-responsibility,Jean-Paul Sartre — Existentialism & Responsibility,ETHICS,GS4,"Existence Precedes Essence, Radical Freedom, Being-for-itself vs Being-in-itself, Bad Faith (Mauvaise Foi), Facticity and Transcendence, Anguish, Authenticity vs Inauthenticity, Total Responsibility, Condemned to be Free, Nothingness, Intentionality, The Look (Le Regard), Existential Humanism, Fundamental Project, Choice and Values","Existence precedes essence, Radical freedom and the burden of choice, Being-in-itself (en-soi) vs Being-for-itself (pour-soi), Concept of Bad Faith (Mauvaise Foi), Man is condemned to be free, Absolute responsibility for actions and their consequences, Ethics of authenticity, Concept of Nothingness and its role in freedom, Existential anguish and dread, The look of the Other and social objectification, Facticity vs Transcendence, Rejection of deterministic frameworks and predetermined purpose, Individual as the creator of values, Moral responsibility toward all of humanity",,,Medium
cmopjvumf00e3z3r06cgxe38j,bioethics-cloning-gene-editing-crispr-human-enhancement,"Bioethics — Cloning, Gene Editing (CRISPR) & Human Enhancement",ETHICS,GS4,"Designer Babies and Eugenics, CRISPR-Cas9 Technology, Germline vs Somatic Cell Editing, Human Enhancement and Transhumanism, Informed Consent and Autonomy of Future Generations, ICMR Ethical Guidelines for Biomedical Research, National Guidelines for Stem Cell Research 2017, Right to Life and Liberty (Article 21), Nagoya Protocol and Genetic Justice, Assisted Reproductive Technology (Regulation) Act 2021, He Jiankui Controversy and Global Moratorium, Gene Drives and Ecological Ethics, Intellectual Property Rights in Biotechnology, Genetic Privacy and Data Protection, WHO Expert Advisory Committee on Genome Editing","Ethical distinction between somatic and germline gene editing, Moral status of the human embryo in research, Principle of informed consent for future generations, Justice and equitable access to gene therapies, Risks of off-target effects and unintended genetic consequences, Ethical implications of designer babies and trait selection, Re-emergence of eugenics and genetic discrimination, Human enhancement vs therapeutic necessity, Slippery slope from disease prevention to genetic optimization, Concept of ""playing God"" and natural law arguments, Impact of genetic modification on human dignity and identity, Governance and international regulatory frameworks for bioethics, Socio-economic divide between ""gene-rich"" and ""gene-poor,"" Ethical concerns of reproductive cloning and individuality",,,Medium
cmopjvvpg00ejz3r0hhsibvv5,rabindranath-tagore-humanism-nationalism-education,"Rabindranath Tagore — Humanism, Nationalism & Education",ETHICS,GS4,"Universal Humanism, Critique of Aggressive Nationalism, Visva-Bharati University, Santiniketan Educational Model, Internationalism and Cosmopolitanism, Spiritual Unity of Mankind, Freedom of Mind and Soul, Synthesis of East and West, Harmony with Nature, Moral Cooperation vs Political Organization, Creative Self-Expression in Pedagogy, Concept of The Surplus in Man, Samaj vs State, Education for Freedom and Growth","Concept of Universal Humanism and Global Citizenship, Critique of Aggressive and Militant Nationalism, Educational Philosophy of Shantiniketan and Visva-Bharati, Rejection of Rote Learning and Emphasis on Creative Self-Expression, Spiritual Unity and Interconnectedness of Humanity, Harmony between Man and Nature in Education, Concept of the 'Surplus in Man' and Moral Growth, Critique of the Nation-State as a Mechanical Construct, Role of Mother Tongue in Holistic Learning, Synthesis of Indian Traditions and Western Science, Ideas on Interfaith Harmony and Unity in Diversity, Ethics of Compassion and Empathy over Narrow Patriotism, Comparison between Tagore and Gandhi’s views on Nationalism, Impact of Upanishadic Philosophy on his Ethical Outlook",,,Medium
cmopjvwjo00ezz3r0xia2inu7,role-of-family-society-educational-institutions-in-value-formation,"Role of Family, Society & Educational Institutions in Value Formation",ETHICS,GS4,"National Education Policy 2020, Article 51A, Socialization Agents, Hidden Curriculum, Role Modeling, Emotional Intelligence, Kohlberg's Theory of Moral Development, National Curriculum Framework for School Education, Value Education, Right to Education Act 2009, Ethical Reasoning, Fundamental Duties, Constitutional Values, Social Cognitive Theory, Character Building","Impact of parenting styles (authoritative, authoritarian, permissive) on child's moral development, Role of family cohesion and communication in value transmission, Influence of joint vs nuclear family structures on social values, Schools as a micro-society for learning democratic values, Role of teachers as role models in character building, Hidden curriculum and its impact on student ethics, Peer group influence and social conformity in adolescence, Impact of religious and cultural traditions on moral framework, Socialization through community participation and volunteering, Role of educational institutions in fostering scientific temper and secularism, Influence of social media and digital environment on value formation, Impact of social stratification and inequality on individual value systems, Role of co-curricular activities and sports in developing leadership and team spirit, Family's role in neutralizing extremist or deviant social trends",,,High
cmopjvumd00dxz3r0m9wcliw3,moral-political-attitude-influence-on-governance,Moral & Political Attitude — Influence on Governance,ETHICS,GS4,"Nolan Committee Principles, Ethical Governance, Political Neutrality, Civil Service Values, Public Interest, Administrative Ethics, Accountability and Transparency, Code of Ethics, Code of Conduct, Rule of Law, Democratic Participation, Social Equity, Integrity in Public Life, Prevention of Corruption Act, Second Administrative Reforms Commission (ARC) Recommendations, Constitutional Morality, Impartiality and Non-partisanship","Definition and features of moral attitude, Role of conscience in ethical decision-making, Formation of political attitudes through socialization, Impact of political ideologies on governance, Relationship between moral values and political behavior, Ethical leadership and value-based politics, Moral consistency in public life versus private life, Influence of media on political and moral perceptions, Constitutional morality and its role in administration, Differences between moral and political attitudes, Factors shaping attitude towards corruption and accountability, Role of moral attitudes in inclusive and justice-oriented policies, Impact of socio-economic background on political efficacy, Attitude towards democratic values among public administrators, Cognitive and affective components of political attitudes",,,High
cmopjvw0000erz3r0catsndoy,adam-smith-capitalism-free-market-invisible-hand,"Adam Smith — Capitalism, Free Market & Invisible Hand",ETHICS,GS4,"Invisible Hand, Division of Labour, The Wealth of Nations, The Theory of Moral Sentiments, Das Adam Smith Problem, Moral Sentiments and Mutual Sympathy, Self-Interest vs Altruism, Laissez-faire and Minimal Government Intervention, Creative Destruction, Wealth Creation and Hand of Trust, Ethical Foundation of Market Economy, Capitalism and Welfare, Enlightenment Values in Economics","Concept of the Impartial Spectator in moral decision-making, Distinction between self-interest and selfishness, The Das Adam Smith Problem: reconciling sympathy with self-interest, Ethical limitations of the Invisible Hand in social welfare, Moral justification of the division of labour and its impact on worker alienation, Role of empathy and social approbation in economic exchange, State's moral obligation to provide public goods and education, Ethics of competition versus the injustice of monopolies, Tension between property rights and the security of the poor, Wealth as a means to social well-being rather than mere accumulation, Moral responsibility of businesses toward community and stakeholders, Application of Smithian ethics to contemporary compassionate capitalism, Limits of market mechanisms in internalizing environmental externalities, Ethical foundations of trust and social capital in market functioning",,,Medium
cmopjvwdy00evz3r0w6fbi11m,work-culture-public-service-ethos,Work Culture & Public Service Ethos,ETHICS,GS4,"2nd Administrative Reforms Commission (ARC) 4th Report, Nolan Principles of Public Life, Mission Karmayogi, Code of Ethics vs Code of Conduct, All India Services (Conduct) Rules 1968, Citizen's Charters, Probity in Governance, Accountability and Transparency, Emotional Intelligence in Administration, Right to Information (RTI) Act 2005, Prevention of Corruption Act 1988, Public Service Ethos, Organizational Values and Beliefs, Work-Life Balance in Civil Services, Ethical Leadership","Definition and characteristics of work culture in public institutions, Difference between work culture in private vs public sectors, Impact of bureaucratic red tape on administrative efficiency, Measures to reduce rigid hierarchy and centralized decision-making, Role of leadership in shaping organizational ethos, Strategies for enhancing accountability and transparency in government offices, Mechanisms to promote a change-oriented mindset and innovation, Importance of emotional intelligence in managing workplace relations, Impact of corruption and nepotism on institutional work culture, Promoting meritocracy and professionalism in civil services, Strengthening ethical values through training and codes of conduct, Use of e-Governance and e-Office to streamline administrative processes, Balancing rule-based compliance with outcome-oriented performance, Addressing low motivation and engagement among public servants, Improving work-life balance and employee well-being in government sectors",,,High
cmopjvwjr00f0z3r09xxm2z6y,democratic-values-constitutional-morality,Democratic Values & Constitutional Morality,ETHICS,GS4,"Rule of Law, Separation of Powers, Basic Structure Doctrine, Article 14, Article 19, Article 21, Preamble, Social Morality vs Constitutional Morality, Kesavananda Bharati Case, Navtej Singh Johar Case, Sabarimala Case, Public Reason, Institutional Integrity, George Grote, Dr. B.R. Ambedkar’s Vision of Constitutional Morality, Checks and Balances, Ethical Governance, Justice, Liberty, Equality, Fraternity","Evolution of constitutional morality from George Grote to Dr. B.R. Ambedkar, Distinction between constitutional morality and popular/social morality, Role of the Preamble as the moral soul of the Constitution, Application of the Rule of Law in ethical governance, Individual dignity and fraternity as administrative virtues, Ethical importance of checks and balances and separation of powers, Judicial interpretations of constitutional morality in cases like Navtej Singh Johar and Sabarimala, Constitutional morality as a check on majoritarianism and arbitrary power, Civil and institutional morality in public service, Responsibilities of public servants in upholding fundamental rights, Role of constitutional morality in fostering social justice for marginalized groups, Impact of constitutional morality on deliberative democracy and dissent, Conflict between traditional norms and rational constitutional values, Transparency and accountability as moral obligations of the state",,,High
cmopjvsij00dfz3r02rvvvm90,ethics-meaning-dimensions-schools-of-thought-indian-western,"Ethics — Meaning, Dimensions & Schools of Thought (Indian & Western)",ETHICS,GS4,"Deontology, Utilitarianism, Virtue Ethics, Social Contract Theory, Sarvodaya, Satyagraha, Categorical Imperative, Golden Mean, Purusharthas, Dharma, Ethics in Private and Public Relationships, Dimensions of Ethics, Ethical Egoism, Altruism, Constitutional Morality","Distinction between ethics and morality, Meta-ethics vs Normative ethics vs Applied ethics, Determinants and consequences of ethics in human actions, Dimensions of ethics in private and public relationships, Utilitarianism and its critics, Kantian deontology and the Categorical Imperative, Aristotelian virtue ethics and the Golden Mean, Rights-based ethics and social contract theories, Indian ethical traditions of Dharma and Purushartha, Buddhist ethics and the Eightfold Path, Jaina ethics of Anekantavada and Syadvada, Gandhian ethics of Sarvodaya and Satyagraha, Ethics in Vedic and Upanishadic traditions, Existentialism and individual responsibility",,,High
cmopjvume00e0z3r0keh5pz4x,citizens-charter-accountability-service-delivery,Citizens Charter — Accountability & Service Delivery,ETHICS,GS4,"Principles of Service Delivery, Sevottam Model, Second Administrative Reforms Commission (2nd ARC), Department of Administrative Reforms and Public Grievances (DARPG), Right to Information Act 2005, Public Service Guarantee Acts, Grievance Redressal Mechanism, Results Framework Document, Minimum Government and Maximum Governance, Quality of Service Delivery, Six Principles of Citizen's Charter, Ethical Governance, Accountability and Responsiveness, CPGRAMS, 1997 Action Plan for Effective and Responsive Administration","Evolution and origin of Citizens Charter in the UK and India, Six principles of Citizens Charter, Seven steps of the Sevottam Model for service excellence, Three modules of Sevottam: Citizens Charter Public Grievance Redress and Service Delivery Capability, Essential components of a model Citizens Charter, Impact of Citizens Charter on reducing corruption and institutional malpractices, Role of Citizens Charter in empowering citizens and ensuring accountability, Challenges in implementation including lack of legal enforceability and linguistic barriers, Recommendations of the 2nd Administrative Reforms Commission on citizen-centric administration, Grievance Redressal Mechanisms and their link to service standards, Role of Department of Administrative Reforms and Public Grievances (DARPG) in evaluation, Internal process reforms and capacity building for effective service delivery, Periodic review and end-user feedback for updating charters, Significance of measurable and time-bound performance standards",,,High
cmopjvvpf00eiz3r0v747dtjn,john-rawls-theory-of-justice-veil-of-ignorance,John Rawls — Theory of Justice & Veil of Ignorance,ETHICS,GS4,"Justice as Fairness, Original Position, Veil of Ignorance, Difference Principle, Liberty Principle, Fair Equality of Opportunity, Distributive Justice, Social Contract Theory, Maximin Principle, Reflective Equilibrium, Primary Goods, Lexical Priority, Moral Arbitrariness, Political Liberalism, Overlapping Consensus, Article 14, Article 15, Article 38, Directive Principles of State Policy, Egalitarianism","Concept of Justice as Fairness, The Original Position, The Veil of Ignorance, First Principle: Equal Basic Liberties, Second Principle: Fair Equality of Opportunity, The Difference Principle, Maximin Principle, Critique of Utilitarianism, Reflective Equilibrium, Primary Social Goods, Application to Inclusive Policy Making, Communitarian and Libertarian Criticisms, Relevance to Affirmative Action and Reservations, Principle of Procedural vs. Distributive Justice, Role of Public Reason in a Pluralistic Democracy",,,High
cmopjvwjr00f1z3r0dch4hcki,corruption-causes-impact-anti-corruption-mechanisms,"Corruption — Causes, Impact & Anti-Corruption Mechanisms",ETHICS,GS4,"Prevention of Corruption Act 1988, Prevention of Money Laundering Act 2002, Right to Information Act 2005, Central Vigilance Commission, Lokpal and Lokayuktas Act 2013, Whistleblowers Protection Act 2014, Second Administrative Reforms Commission (Ethics in Governance), United Nations Convention against Corruption, Probity in Governance, Citizen's Charters, Social Audits, Code of Conduct and Code of Ethics, Santhanam Committee Report, Conflict of Interest, Integrity Pact","Five-row typology of corruption (petty, grand, systemic, political, crony capitalism), Kautilya’s views on corruption in Arthashastra, Institutional checks including CVC, CBI, and Lokpal/Lokayuktas, Provisions of the Prevention of Corruption Act 1988, Role of the Right to Information Act in enhancing transparency, Whistleblower protection mechanisms and the 2014 Act, Second ARC recommendations on ethics in governance, Social audits and citizen’s charters as accountability tools, Impact of corruption on the social contract and democratic trust, Ethical dilemmas of civil servants in corrupt institutional structures, Use of e-governance and digital interfaces to reduce human chokepoints, International benchmarks such as the Corruption Perceptions Index (CPI) by Transparency International",,,High
cmopjvumg00e7z3r0xeqe3o83,mahatma-gandhi-philosophy-non-violence-sarvodaya,"Mahatma Gandhi — Philosophy, Non-violence & Sarvodaya",ETHICS,GS4,"Satya, Ahimsa, Satyagraha, Sarvodaya, Trusteeship, Seven Social Sins, Swaraj, Nai Talim, Bread Labour, Means and Ends, Ethical Religion, Practical Idealism, Swadeshi, Antyodaya, Tolerance, Moral Self-discipline","Satya and Satyam as absolute and relative truth, Ahimsa as an active force of love and compassion, Satyagraha vs passive resistance, Doctrine of purity of means and ends, Sarvodaya and the upliftment of the marginalized, Trusteeship as an ethical framework for wealth management, Concept of Swaraj as self-rule and moral self-discipline, Swadeshi and ethical consumption, Bread Labour and the dignity of manual work, Analysis of the Seven Social Sins, Ethical critique of modern civilization in Hind Swaraj, Application of Gandhian ethics in conflict resolution and diplomacy, Relevance of Gandhian minimalism in environmental ethics, Gandhian approach to communal harmony and religious pluralism, Principles of Nishkama Karma and selfless service in public administration",,,High
cmopjvw6300etz3r0kmmx2q46,corporate-governance-csr-ethical-dimensions,Corporate Governance & CSR — Ethical Dimensions,ETHICS,GS4,"Companies Act 2013, Section 135, Schedule VII of Companies Act, Accountability, Transparency, Fairness, Independence, Board Ethics, Stakeholder vs Shareholder Theory, Corporate Social Responsibility (CSR), ESG Goals, Article 51A(g), Kumar Mangalam Birla Committee, Uday Kotak Committee, Whistleblower Mechanism, Conflict of Interest, Insider Trading, Ethical Leadership, Cadbury Committee Report, Triple Bottom Line (People Planet Profit)","Theories of corporate governance and agency problem, Fiduciary duties of directors and senior management, Ethical principles of accountability and transparency, Conflict of interest in boardrooms and related party transactions, Protection of minority shareholder rights, Whistleblower mechanisms and ethical protection, Concept of corporate social responsibility (CSR) under Companies Act 2013, Ethical dilemma between profit maximization and social value, Stakeholder vs shareholder model of governance, Environmental Social and Governance (ESG) frameworks, Impact of groupthink on board diversity and decision making, Role of independent directors in ensuring ethical conduct, Corporate ethics in supply chain management, Business ethics and prevention of greenwashing",,,High
cmopjvume00e1z3r0csprnq08,abortion-ethical-dimensions-mtp-act,Abortion — Ethical Dimensions & MTP Act,ETHICS,GS4,"Medical Termination of Pregnancy Act 1971, MTP Amendment Act 2021, Article 21, Right to Privacy, Justice K.S. Puttaswamy v. Union of India, Bodily Autonomy, Reproductive Rights, Suchita Srivastava v. Chandigarh Administration, Ethical Dilemma: Pro-Life vs Pro-Choice, Fetal Rights vs Maternal Rights, Medical Board, Rule 3B of MTP Rules 2021, Rights of Unmarried Women, Decisional Autonomy, Conscientious Objection, Rights of Transgender and Non-binary Persons, POCSO Act Harmonization","Ethical debate on pro-choice vs. pro-life perspectives, Rights of the unborn child vs. bodily autonomy of the woman, Moral status of the fetus and the concept of personhood, Provisions and significance of the MTP Amendment Act 2021, Ethical implications of the 24-week gestation limit, Role and challenges of State-level Medical Boards, Failure of contraception as a ground for abortion for unmarried women, Issues of privacy and confidentiality in reproductive healthcare, Impact of societal stigma and patriarchal mindsets on abortion access, Ethical dilemmas in cases of severe fetal abnormalities and late-term abortions, Selective abortion and the ethics of female feticide in India, Shortage of qualified medical professionals and its impact on safe abortion, Conflict between individual reproductive rights and state-mandated medical scrutiny, Comparison of Indian abortion laws with international standards like Roe v. Wade",,,Medium
cmopjvvjh00eez3r0yqxnrdsl,jeremy-bentham-js-mill-utilitarianism,Jeremy Bentham & J.S. Mill — Utilitarianism,ETHICS,GS4,"Greatest Happiness Principle, Hedonic Calculus, Quantitative Utilitarianism, Qualitative Utilitarianism, Higher and Lower Pleasures, Act Utilitarianism, Rule Utilitarianism, Consequentialism, Principle of Utility, Felicity Calculus, Harm Principle, Individual Liberty, Tyranny of the Majority, Justice vs Utility, Equal Consideration of Interests","Principle of Utility, Greatest happiness of the greatest number, Quantitative Hedonism and Felicific Calculus, Intensity and Duration of pleasure, Propinquity and Fecundity in utility, Qualitative Hedonism and Higher vs Lower Pleasures, Mill's distinction between mental and bodily pleasures, Act Utilitarianism vs Rule Utilitarianism, Psychological Hedonism vs Ethical Hedonism, Sanctions of morality in Mill's theory, Criticism of utilitarianism as a ""pig philosophy"", Impartiality and the altruism-egoism conflict, Application of utility in law and penal reforms, Comparison of Benthamite and Millian utility, Limitations of utilitarianism in individual rights and justice",,,High
cmopjvwjx00f4z3r0tbvszpwr,foundational-values-integrity-objectivity-empathy-tolerance,"Foundational Values — Integrity, Objectivity, Empathy, Tolerance",ETHICS,GS4,"Nolan Principles, 2nd Administrative Reforms Commission 10th Report, Code of Ethics, Civil Service Conduct Rules, Article 51A, Prevention of Corruption Act 1988, Right to Information Act 2005, Probity in Governance, Impartiality and Non-partisanship, Compassion towards weaker sections, Dedication to Public Service, Emotional Intelligence, Accountability and Transparency, Citizen's Charters","Definition and types of integrity (intellectual and moral), Difference between impartiality and non-partisanship, Role of objectivity in consensus building and rational decision-making, Empathy vs Compassion in public service delivery, Tolerance as a tool for conflict resolution in diverse societies, Nolan Committee's Seven Principles of Public Life, Constitutional basis of foundational values for civil servants, Strategies to promote integrity and curb corruption, Ethical dilemmas involving personal vs professional values, Significance of empathy towards weaker sections and marginalized groups, Application of objectivity in merit-based recruitment and public procurement, Impact of non-partisanship on political-neutrality and administrative continuity, Case studies on moral courage and whistleblowing in administration, Role of foundational values in building public trust and institutional credibility",,,High
cmopjvumh00ebz3r07r906q07,values-in-civil-services-integrity-impartiality-compassion,"Values in Civil Services — Integrity, Impartiality, Compassion",ETHICS,GS4,"Nolan Committee Principles, 2nd ARC Fourth Report on Ethics in Governance, Code of Conduct Rules 1964, Prevention of Corruption Act 1988, All India Services (Conduct) Rules 1968, Objectivity, Non-partisanship, Dedication to Public Service, Empathy and Compassion towards weaker sections, Probity in Governance, Right to Information Act 2005, Mission Karmayogi, Citizen’s Charters, Public Service Values, Accountability and Transparency","Distinction between integrity and honesty, Intellectual and moral integrity in administration, Relationship between political neutrality and impartiality, Non-partisanship in a multi-party democracy, Emotional intelligence and its role in fostering compassion, 2nd ARC recommendations on foundational values, Nolan Committee principles of public life, Compassion and tolerance towards the weaker sections, Role of empathy in service delivery, Conflict of interest and its impact on integrity, Courage of conviction in ethical decision-making, Objectivity in merit-based recruitment and procurement, Transparency and accountability in administrative actions, Institutional mechanisms for promoting ethics in civil services",,,High
cmopjvvph00elz3r0rjc0egd9,karl-marx-historical-materialism-class-struggle,Karl Marx — Historical Materialism & Class Struggle,ETHICS,GS4,"Historical Materialism, Class Struggle, Base and Superstructure, Mode of Production, Forces of Production, Relations of Production, Dialectical Materialism, Alienation, Bourgeoisie and Proletariat, False Consciousness, Class-in-itself and Class-for-itself, Surplus Value, Primitive Communism, Feudalism, Capitalism, Critique of Capitalism","Dialectical Materialism as a philosophical basis, Distinction between Economic Base and Superstructure, Forces of Production and Relations of Production, Stages of human history from Primitive Communism to Capitalism, Theory of Surplus Value and Labor Exploitation, Class-in-itself versus Class-for-itself, Role of Private Property in social stratification, Concept of Alienation in industrial society, False Consciousness and the role of Ideology, Transition from Capitalism to Socialism and Communism, Contradictions as the engine of social change, Critique of Hegelian idealism in historical development, Relevance of Marxist conflict theory in modern labor relations, Impact of globalization on class struggle in the 21st century",,,Low
cmopjvtdv00diz3r0sk6xjoe1,deontological-ethics-kants-categorical-imperative,Deontological Ethics — Kant's Categorical Imperative,ETHICS,GS4,"Categorical Imperative, Deontology, Principle of Universalizability, Formula of Humanity, Kingdom of Ends, Good Will, Duty vs Inclination, Perfect and Imperfect Duties, Autonomy of the Will, Hypothetical Imperatives, Transcendental Idealism, Moral Absolutism, Rights-based Ethics, Dignity of the Individual, Moral Law of Reason","Concept of Good Will as the only unqualified good, Distinction between Hypothetical and Categorical Imperatives, Formula of Universal Law and Universalizability, Formula of Humanity (Treating others as ends in themselves), Formula of Autonomy and self-legislation, Kingdom of Ends as a moral community, Distinction between Perfect and Imperfect duties, Concept of Duty vs. Inclination, Postulates of Morality (Free Will, God, and Immortality), Rationality as the basis of Moral Law, Applicability of Kantian ethics in modern civil services, Comparison between Deontology and Utilitarianism, Critiques of Kantian Ethics regarding conflicting duties and rigid moral rules",,,High
cmopjvumg00e5z3r0t2x0bvmx,sri-aurobindo-integral-yoga-political-philosophy,Sri Aurobindo — Integral Yoga & Political Philosophy,ETHICS,GS4,"Integral Yoga, Supermind, Evolution of Consciousness, Involution, Spiritual Nationalism, Human Unity, Passive Resistance, Swaraj, The Life Divine, Savitri: A Legend and a Symbol, Alipore Conspiracy Case, Divine Life on Earth, National Soul vs National Ego, Integral Education, Synthesis of Yoga, Cultural Pre-eminence of India","Evolution from revolutionary nationalism to spiritualism, Concept of Integral Yoga and Purna Yoga, The Triple Transformation: Psychic, Spiritual, and Supramental, Concept of the Supermind and Supramental Consciousness, Theory of Evolution and Involution, Comparison with Traditional Yoga and Vedanta, Spiritual Nationalism and the idea of Bharat Mata, Philosophy of Human Unity and Internationalism, Synthesis of Spirit and Matter (Materialism vs. Spiritualism), Seven types of Ignorance and the nature of Knowledge, Aurobindo’s views on the Individual and Society, Concept of Divine Life on Earth, The role of the Psychic Being in self-perfection, Aspiration, Rejection, and Surrender as sadhana tools",,,Medium
cmopjvw0000eqz3r00lwpojzc,euthanasia-active-vs-passive-legal-position-in-india,"Euthanasia — Active vs Passive, Legal Position in India",ETHICS,GS4,"Right to Die with Dignity, Article 21, Aruna Shanbaug Case, Common Cause vs Union of India Case, Living Will, Advance Medical Directive, Passive Euthanasia, Active Euthanasia, Sanctity of Life vs Quality of Life, Persistent Vegetative State, Doctrine of Double Effect, Palliative Care, Hippocratic Oath, Patient Autonomy, Section 309 of IPC, Gyan Kaur Case, 196th Law Commission Report, Informed Consent, Medical Treatment of Terminally-Ill Patients Bill 2006","Ethical distinction between active and passive euthanasia, Aruna Shanbaug v. Union of India (2011) guidelines, Common Cause v. Union of India (2018) judgment, Right to die with dignity under Article 21, Procedures for executing and validating Advance Medical Directives (Living Wills), Role of Medical Boards in withholding or withdrawing treatment, Difference between voluntary and non-voluntary euthanasia, Doctrine of Double Effect in end-of-life care, Ethics of Physician-Assisted Suicide (PAS), Comparison with global legal frameworks (Netherlands, Canada), Legal implications under Sections 306 and 309 of the IPC, Concept of 'Sanctity of Life' vs 'Quality of Life', Role of the 'Parens Patriae' jurisdiction in judicial oversight, Streamlining of procedural guidelines by the Supreme Court in 2023",,,Medium
cmopjvtdx00dkz3r09rb2ledf,ethics-in-public-life-political-administrative-ethics,Ethics in Public Life — Political & Administrative Ethics,ETHICS,GS4,"Nolan Committee Principles, 2nd ARC Report on Ethics in Governance, Code of Ethics, Code of Conduct, Conflict of Interest, Probity in Governance, Accountability and Ethical Governance, Political-Administrative Interface, Civil Services Conduct Rules, Representation of the People Act, Prevention of Corruption Act, Right to Information Act, Citizen's Charters, Constitutional Morality, Mission Karmayogi","Code of Conduct for Ministers and Legislators, Ethical dilemmas in political decision-making, Accountability and transparency in public administration, Role of neutrality and anonymity in civil services, Conflict of interest in administrative and political spheres, Nolan Committee Principles of Public Life, Ethical issues in policy formulation and implementation, Impact of corruption on administrative efficiency and public trust, Professional codes of ethics for civil servants, Judicial and parliamentary oversight on executive actions, Balancing private interests with public duties, Role of whistleblower protection in administrative ethics, Integrity and honesty in the utilization of public funds, Citizen's Charters and quality of service delivery, Ethical governance and the concept of ""Raj Dharma""",,,High
cmopjvumc00dwz3r0sqa3bhcw,attitude-components-formation-change,"Attitude — Components, Formation & Change",ETHICS,GS4,"ABC Model of Attitude, Affective Component, Behavioral Component, Cognitive Component, Cognitive Dissonance Theory, Social Learning Theory, Elaboration Likelihood Model, Persuasion and Influence, Attitude-Behavior Consistency, Functions of Attitude, Theory of Planned Behavior, Prejudice and Discrimination, Social Cognition, Heider's Balance Theory, Classical and Operant Conditioning","Tripartite model and ABC components of attitude, Classical and operant conditioning in attitude formation, Social learning and modeling through agents of socialization, Cognitive dissonance theory and its role in attitude change, Elaboration Likelihood Model of persuasion, Heuristic-Systematic model of information processing, Functional theory of attitudes and its utilitarian role, Self-perception theory and internal attitude adjustment, Influence of implicit versus explicit attitudes on behavior, Moral and political attitudes in the context of civil services, Impact of social influence and peer pressure on attitude change, Balance theory and cognitive consistency, Persuasion techniques and credibility of the source, Role of direct experience versus mediated information in attitude strength",,,High
cmopjvwdk00euz3r0j1a7znfz,swami-vivekananda-service-spirituality-nationalism,"Swami Vivekananda — Service, Spirituality & Nationalism",ETHICS,GS4,"Practical Vedanta, Karma Yoga, Universal Brotherhood, Selfless Service (Seva), Jiva is Shiva, Neo-Vedanta, Spiritual Humanism, Character-building Education, Religious Tolerance and Universalism, Divinity of the Soul, National Youth Day, Strength and Fearlessness, Man-making Education, Universal Oneness, Self-Abnegation, Moral Integrity, Empowerment of Women and Masses, Synthesis of Science and Spirituality","Practical Vedanta and its ethical implications, Concept of Shiva Jnane Jiva Seva (Service to man as service to God), Man-making and character-building education, Spiritual Humanism as a foundation for social ethics, Concept of Daridra Narayana and upliftment of the masses, Four Yogas (Karma, Bhakti, Jnana, Raja) as paths to self-perfection, Universal Religion and the principle of acceptance vs tolerance, Spiritual Nationalism and its distinction from political chauvinism, Ethics of strength and fearlessness in individual conduct, Synthesis of Eastern spirituality and Western rationalism, Role of the youth in national regeneration and social responsibility, Moral self-sufficiency and the relationship between ethics and religion, Renunciation and service as national ideals, Vedantic oneness as a basis for equality and non-discrimination",,,High
cmopjvusk00ecz3r0dv403c52,plato-aristotle-political-philosophy-virtue,Plato & Aristotle — Political Philosophy & Virtue,ETHICS,GS4,"The Republic, Cardinal Virtues, Wisdom (Sophia), Courage (Andreia), Temperance (Sophrosyne), Justice (Dikaiosyne), Three Parts of the Soul, Philosopher King, Allegory of the Cave, Nicomachean Ethics, Eudaimonia, Doctrine of the Golden Mean, Practical Wisdom (Phronesis), Virtue Ethics, Theory of Forms, Ethical Governance, Character vs Civic Virtues, Distributive Justice","Plato's theory of cardinal virtues (wisdom, courage, moderation, and justice), Aristotle's Golden Mean and the doctrine of the mean, Tripartite theory of the soul and its relation to social classes, Theory of philosopher kings and the role of reason in governance, Aristotle's classification of intellectual vs moral virtues, Plato's Allegory of the Cave and its implications for ethical education, Concept of Eudaimonia as the highest human good, Aristotle's view on the state as a natural community for virtue, Comparison of Platonic Idealism vs Aristotelian Realism in ethics, Theory of justice as functional specialization in the Republic, The role of habituation in acquiring moral virtues according to Aristotle, Plato’s communal living for rulers and its ethical rationale, Aristotle’s critique of the Platonic theory of forms in ethics, Relationship between individual happiness and the just polis",,,High
cmopjvvjh00efz3r02a9mj4nd,environmental-ethics-intergenerational-justice-deep-ecology,Environmental Ethics — Intergenerational Justice & Deep Ecology,ETHICS,GS4,"Anthropocentrism, Biocentrism, Ecocentrism, Deep Ecology vs Shallow Ecology, Intergenerational Justice, Intragenerational Justice, Arne Naess, Aldo Leopold's Land Ethic, Gaia Hypothesis, Stewardship Ethics, Utilitarianism in Environment, Intrinsic Value of Nature, Article 48A, Article 51A(g), Sustainable Development Goals, Common but Differentiated Responsibilities, Precautionary Principle, Polluter Pays Principle, Ecofeminism, Environmental Human Rights","Anthropocentrism vs Biocentrism vs Ecocentrism, Arne Naess and the Eightfold Platform of Deep Ecology, Shallow vs Deep Ecology, Intrinsic vs Instrumental Value of Nature, Aldo Leopold's Land Ethic and the Biotic Community, Sustainable Development and the Brundtland Commission, Hans Jonas and the Imperative of Responsibility, Rights of Future Generations and Intergenerational Equity, John Rawls’s Original Position and the Just Savings Principle, Global Commons and Common But Differentiated Responsibilities (CBDR), Environmental Justice and Equity for Marginalized Communities, Ecofeminism and the Intersection of Gender and Environment, Precautionary Principle and the Polluter Pays Principle, Moral Status of Non-Human Entities and Animal Rights, Ethical Implications of Climate Change and Biodiversity Loss",,,Medium
cmopjvtjs00dmz3r0y0mo3y7b,virtue-ethics-aristotle-indian-dharma-tradition,"Virtue Ethics — Aristotle, Indian Dharma Tradition",ETHICS,GS4,"Eudaimonia, Doctrine of the Mean, Phronesis, Arête, Intellectual vs Moral Virtues, Purusharthas, Dharma, Nishkama Karma, Yoga of Action, Sthitaprajna, Cardinal Virtues, Ethical Altruism, Character Building, Teleology, Practical Wisdom","Concept of Eudaimonia and human flourishing, Aristotle’s Doctrine of the Golden Mean, Phronesis or practical wisdom in ethical decision-making, Habituation and the development of moral character, Distinction between intellectual and moral virtues, Concept of Dharma as a socio-ethical duty, Purusharthas and the integration of Artha, Kama, Dharma, and Moksha, Nishkama Karma and the ethics of selfless action, Comparison between Aristotelian Arete and Indian Svadharma, Role of exemplars and Mentors in virtue cultivation, Application of virtue ethics in contemporary public administration, Ethical significance of friendship (Philia) in political life, Rta and the cosmic order in Vedic ethics, Evaluation of Cardinal Virtues (Justice, Temperance, Fortitude, Prudence) in governance",,,High
cmopjvumf00e4z3r0c3me2dhp,human-values-fundamental-vs-instrumental-values,Human Values — Fundamental vs Instrumental Values,ETHICS,GS4,"Intrinsic Values, Instrumental Values, Categorical Imperative, Hypothetical Imperative, Teleological Ethics, Deontological Ethics, Utilitarianism, Virtue Ethics, Axiology, Human Dignity, Article 21, Universal Declaration of Human Rights, Eudaimonia, Means vs Ends, Moral Relativism vs Universalism","Definitions of intrinsic vs instrumental values, Rokeach Value Survey and the classification of values, Terminal values as end-states of existence, Instrumental values as modes of conduct, Relationship between means and ends in ethics, Hierarchy of values in decision making, Application of instrumental values in professional ethics, Role of intrinsic values in moral foundations, Conflict between terminal and instrumental values, Impact of culture on value prioritization, Universal terminal values vs culturally specific instrumental values, Instrumental values as tools for character building, Reversibility of inherent and instrumental values, Value-rationality vs instrumental-rationality in public administration",,,Medium
cmopjvvux00epz3r09eszoqxi,raja-ram-mohan-roy-social-reform-rationalism,Raja Ram Mohan Roy — Social Reform & Rationalism,ETHICS,GS4,"Brahmo Samaj, Atmiya Sabha, Abolition of Sati, Bengal Sati Regulation 1829, Monotheism, Rationalism, Humanism, Father of Indian Renaissance, Freedom of the Press, Sambad Kaumudi, Mirat-ul-Akbar, Tuhfat-ul-Muwahhidin, Rights of Women, Caste Reform, Vedanta College","Monotheism and critique of idolatry, Rationalist approach to religious scriptures, Ethical foundations of Atmiya Sabha and Brahmo Samaj, Campaign for the abolition of Sati (Regulation XVII 1829), Advocacy for women's inheritance and property rights, Opposition to child marriage and polygamy, Promotion of Western scientific education vs traditional learning, Role of journalism in social awakening and public opinion, Humanism and universalism as core ethical values, Critique of caste rigidities and ritualism, Ethical arguments for freedom of the press and civil liberties, Synthesis of Eastern philosophy and Western rationalism, Demand for Indianization of services and judicial equality, Impact on the Indian Renaissance and modern nationalist thought",,,Medium
cmopjvwjh00eyz3r0kpdndz69,animal-ethics-animal-rights-welfare-laws,Animal Ethics — Animal Rights & Welfare Laws,ETHICS,GS4,"Prevention of Cruelty to Animals Act 1960, Wildlife Protection Act 1972, Animal Welfare Board of India, Article 48, Article 51A(g), Five Freedoms of Animal Welfare, Animal Birth Control Rules 2023, Speciesism, Utilitarianism vs Deontology in Animal Ethics, Rights-based vs Welfare-based approach, Anthropocentrism vs Biocentrism, Cruelty vs Necessity, Animal Testing and Research Ethics, Human-Wildlife Conflict Mitigation, Ethical Treatment of Stray Animals","Deontological vs Utilitarian approaches to animal ethics, Peter Singer's Animal Liberation and Concept of Speciesism, Tom Regan's Rights-Based Framework and Inherent Value, Anthropocentrism vs Zoocentrism in ethical discourse, Prevention of Cruelty to Animals Act 1960 and constitutional provisions, Animal welfare vs Animal rights (Abolitionism), Ethical implications of animal testing and clinical trials, Ethics of factory farming and intensive livestock production, Legal status of animals as property vs sentient beings, Argument from Marginal Cases, Role of Animal Welfare Board of India, Ethical considerations in wildlife conservation and zoos, Impact of cultural and religious beliefs on animal treatment, Global trends in non-human personhood and legal rights",,,Medium
cmopjvtdt00dgz3r0zetx73tx,consequentialism-utilitarianism-bentham-mill,Consequentialism — Utilitarianism (Bentham & Mill),ETHICS,GS4,"Principle of Utility, Greatest Happiness Principle, Hedonic Calculus, Quantitative vs Qualitative Pleasures, Higher and Lower Pleasures, Act Utilitarianism, Rule Utilitarianism, Consequentialism and Teleology, Impartiality and Agent-neutrality, Public Utility in Legislation, Harm Principle, Tyranny of the Majority, Social Welfare Economics, Rights and Justice in Utilitarianism, Preference Utilitarianism","Jeremy Bentham's Principle of Utility, John Stuart Mill's Qualitative Utilitarianism, Differences between quantitative and qualitative hedonism, Seven criteria of the Hedonic Calculus, Concept of higher and lower pleasures, Act utilitarianism vs Rule utilitarianism, Application of utilitarianism in public policy and legislation, Criticisms of utilitarianism including the pig philosophy and rights-based objections, Competent judges and the preference for higher pleasures, Relationship between individual liberty and utility in Mill's thought, Distinction between intensity and quality of pleasure, Limitations of the greatest happiness principle in ethical decision-making",,,High
cmopjvumg00e6z3r0aismh2y9,br-ambedkar-annihilation-of-caste-constitutional-vision,B.R. Ambedkar — Annihilation of Caste & Constitutional Vision,ETHICS,GS4,"Annihilation of Caste, Social Justice, Liberty, Equality, Fraternity, Constitutional Morality, Article 17, Article 15, Article 16, Article 32, Directive Principles of State Policy, Hindu Code Bill, Poona Pact, Mahad Satyagraha, Endogamy, Division of Laborers, Jat-Pat-Todak Mandal, Bahishkrit Hitakarini Sabha, Buddhist Conversion 1956, Ethics of Priesthood Reform","Difference between division of labor and division of laborers, Graded inequality and its moral implications, Critique of the scriptural basis of caste in Manusmriti, Concept of social endogamy as the root of caste, Constitutional morality vs public morality, Philosophy of Liberty Equality and Fraternity, Rights of minorities and the logic of weighted representation, Article 17 and the ethical necessity of abolishing untouchability, Navayana Buddhism as a revolutionary social ethic, Graded vs universal compassion, Role of the state in ensuring distributive justice, Ethical critique of Hindu reform movements, Religion as law vs religion as principles, Relationship between political democracy and social democracy",,,High
cmopjvvjh00edz3r00tnpm9su,immanuel-kant-duty-ethics-universal-law,Immanuel Kant — Duty Ethics & Universal Law,ETHICS,GS4,"Categorical Imperative, Deontological Ethics, Good Will, Duty for Duty's Sake, Universalizability, Humanity as an End in Itself, Autonomy of the Will, Kingdom of Ends, Perfect and Imperfect Duties, Postulates of Practical Reason, Moral Worth of Actions, Transcendental Idealism","Concept of Good Will and moral worth, Categorical Imperative vs Hypothetical Imperative, Principle of Universalizability and Universal Law of Nature, Formula of Humanity as an End in Itself, Formula of Autonomy and Kingdom of Ends, Deontological vs Consequentialist ethics, Perfect and Imperfect duties, Respect for Moral Law and sense of duty, Distinction between Categorical Imperative and the Golden Rule, Criticism of Kantian Deontology in public administration, Application of Kantian ethics in civil services, Moral absolutism vs situational ethics, Prudent grocer example and acting from duty vs conformity to duty, Rationality as the basis of morality",,,High
cmopjvwjx00f3z3r0a4lgusv0,whistleblowers-ethics-legal-protection-case-studies,"Whistleblowers — Ethics, Legal Protection & Case Studies",ETHICS,GS4,"Whistle Blowers Protection Act 2014, Satyendra Dubey Case, Shanmughan Manjunath Case, Central Vigilance Commission, Second Administrative Reforms Commission (ARC), Corporate Governance, Ethical Dilemma, Public Interest vs. Breach of Trust, Official Secrets Act 1923, Right to Information Act 2005, Accountability and Transparency, Vigil Mechanism under SEBI, Protection against Victimization, Internal vs. External Whistleblowing","Ethical dilemmas of whistleblowing (loyalty vs. public interest), Whistleblowers Protection Act 2014 salient features and implementation gaps, Internal vs. external whistleblowing mechanisms, Protection against victimization and retaliation under Section 11, Satyendra Dubey and Shanmugam Manjunath case studies, Impact of the Official Secrets Act 1923 on disclosures, Role of the Central Vigilance Commission (CVC) in handling complaints, Corporate governance and vigil mechanisms under the Companies Act 2013, Comparison of Indian whistleblower laws with US and UK frameworks, Challenges of anonymous disclosures and identity protection, SEBI’s reward mechanism for reporting insider trading, 2nd Administrative Reforms Commission recommendations on whistleblowing, Penalties for false or frivolous complaints under Section 17, Social and professional risks for whistleblowers in India",,,High
cmopjvumg00e8z3r06empn3o0,conflict-of-interest-in-public-office,Conflict of Interest in Public Office,ETHICS,GS4,"Actual Conflict of Interest, Potential Conflict of Interest, Perceived Conflict of Interest, Central Civil Services (Conduct) Rules 1964, Prevention of Corruption Act 1988, Nolan Committee Principles, Second Administrative Reforms Commission (ARC), Probity in Governance, Recusal, Office of Profit, Code of Ethics vs. Code of Conduct, Article 102 and 191, Lokpal and Lokayuktas Act 2013, Insider Trading, Whistleblower Protection Act 2014","Difference between actual and perceived conflict of interest, Financial vs non-financial personal interests, Nepotism and favoritism in recruitment and promotions, Post-employment restrictions and the revolving door phenomenon, Misuse of non-public information for private gain, Handling gifts and hospitality from government contractors, Recusal and disclosure mechanisms for public officials, Administrative versus criminal aspects of unethical conduct, Ethical dilemmas in public-private partnerships, Impact on meritocracy and institutional trust, Statutory provisions in the Prevention of Corruption Act, Role of codes of conduct in managing secondary interests, Organizational conflicts of interest in procurement, Balancing private rights with public trust requirements",,,High
cmopjvvph00ekz3r0lm182mpx,john-locke-thomas-hobbes-social-contract-theory,John Locke & Thomas Hobbes — Social Contract Theory,ETHICS,GS4,"State of Nature, Social Contract, Natural Rights (Life, Liberty, Property), Consent of the Governed, Absolute Sovereignty (Leviathan), General Will, Popular Sovereignty, Right to Rebellion, Limited Government, Separation of Powers, Article 21 (Right to Life), Preamble of the Indian Constitution, Human Nature (Egoism vs. Rationality)","Hobbesian view of human nature and psychological egoism, The State of Nature as a state of war, Concept of Leviathan and absolute sovereignty, Lockean view of Tabula Rasa and human rationality, Natural rights to life liberty and property, Consent of the governed and popular sovereignty, Right to revolution and resistance against tyranny, Comparison of the social contract origins and purposes, Role of reason in the Law of Nature, Transition from state of nature to civil society, Individualism vs collective authority in social contracts, Implications for modern democratic governance and human rights",,,High
cmopjvwjb00exz3r0tjw0ykbv,media-ethics-fake-news-privacy-responsible-journalism,"Media Ethics — Fake News, Privacy & Responsible Journalism",ETHICS,GS4,"Article 19(1)(a), Press Council of India, News Broadcasting and Digital Standards Authority, Information Technology (Intermediary Guidelines and Digital Media Ethics Code) Rules 2021, Paid News, Media Trial, TRP Manipulation, Right to be Forgotten, Digital Personal Data Protection Act 2023, Section 66A of IT Act, Fourth Estate, Cross-Media Ownership, Self-Regulation vs State Regulation, Shanti Bhushan Committee, Yellow Journalism","Evolution of journalism ethics in the digital age, Distinction between misinformation and disinformation, Impact of fake news on democratic institutions and public trust, Ethical dilemmas of the 24/7 news cycle and speed vs accuracy, Privacy rights vs public interest in investigative reporting, Role of Press Council of India and News Broadcasting Standards Authority, Ethical challenges of algorithmic content curation and filter bubbles, Responsibility of social media platforms as intermediaries, Regulatory framework for digital media and OTT platforms, Journalism and the right to be forgotten, Ethical use of user-generated content and citizen journalism, Combatting deepfakes and AI-generated misinformation, Case studies of media trials and their impact on judicial process, Codes of conduct for journalists during national crises and elections",,,Medium
cmopjvtdx00dlz3r0rsuhxgt3,ethics-in-economic-life-business-ethics-corporate-governance,Ethics in Economic Life — Business Ethics & Corporate Governance,ETHICS,GS4,"OECD Principles of Corporate Governance, G20/OECD Principles, Corporate Social Responsibility (CSR), Companies Act 2013, Section 135 of Companies Act, Agency Theory, Principal-Agent Problem, ESG (Environmental Social and Governance), SEBI (Listing Obligations and Disclosure Requirements) Regulations, Uday Kotak Committee on Corporate Governance, Cadbury Committee Report, Sarbanes-Oxley Act, Triple Bottom Line, Whistleblower Protection, Business Responsibility and Sustainability Reporting (BRSR)","Shareholder vs Stakeholder theory of corporate governance, Ethical issues in insider trading and stock market manipulation, Corporate Social Responsibility (CSR) and sustainable development, Ethical dilemmas in human resource management and workplace discrimination, Transparency and accountability in financial reporting and auditing, Role and ethical responsibilities of Independent Directors, Whistleblowing mechanisms and protection of whistleblowers, Ethics in marketing and consumer protection rights, Impact of corporate lobbying on public policy and ethics, Ethical implications of executive compensation and bonus structures, Environmental ethics and corporate responsibility towards pollution, Business ethics during mergers and acquisitions, Regulatory frameworks and the Companies Act 2013 ethical provisions, Corporate culture and the role of leadership in setting ethical standards",,,High
cmopjvumg00eaz3r08ihk7sza,aruna-roy-rti-movement-peoples-empowerment,Aruna Roy — RTI Movement & People's Empowerment,ETHICS,GS4,"Right to Information Act 2005, Mazdoor Kisan Shakti Sangathan (MKSS), Social Audit, Jan Sunwai, Transparency and Accountability, Probity in Governance, Citizen's Charters, Participatory Democracy, Ethical Governance, Grassroots Mobilization, Right to Know vs Right to Privacy, Official Secrets Act 1923, Section 8 of RTI Act, Central Information Commission, Second Administrative Reforms Commission (ARC) Reports","Role of Mazdoor Kisan Shakti Sangathan (MKSS) in the RTI movement, Evolution of the Jan Sunwai (public hearing) as a social audit tool, Ethical significance of transparency in democratic governance, Aruna Roy’s contribution to grassroots mobilization and civil society activism, Impact of RTI on the empowerment of marginalized communities, Relationship between Right to Information and Right to Life and Liberty, Challenges of official secrecy and the Official Secrets Act, Use of RTI in ensuring minimum wages and drought relief, Role of the National Campaign for People’s Right to Information (NCPRI), Legislative history and passage of the RTI Act 2005, Accountability of public authorities and transparency as a tool against corruption, Creative methods of protest including puppetry and theatre in RTI advocacy, Institutionalization of social audits in government schemes like MGNREGA, Ethical dilemmas and risks faced by whistleblowers and RTI activists",,,High
cmopjvvph00emz3r0n3yzbxtt,jean-jacques-rousseau-montesquieu-political-liberty,Jean-Jacques Rousseau & Montesquieu — Political Liberty,ETHICS,GS4,"Social Contract, General Will, Separation of Powers, Liberty and Equality, State of Nature, Popular Sovereignty, Checks and Balances, Rule of Law, The Spirit of the Laws, Natural Rights, Civic Virtue, Direct Democracy vs Representative Democracy, Constitutionalism, Individualism vs Collectivism, Political Obligation","Montesquieu's theory of separation of powers (legislative, executive, and judicial), Checks and balances in modern constitutionalism, Rousseau's concept of the General Will vs. Will of All, The Social Contract and the transition from natural to civil liberty, Direct vs. representative democracy in Enlightenment thought, Concept of popular sovereignty and its ethical implications, Comparison of human nature in the state of nature, Impact of Enlightenment philosophy on the Indian Constitution's Preamble, Rousseau's critique of private property and social inequality, Montesquieu's views on political virtue and republican government, Ethics of ""forcing to be free"" in the General Will, Relationship between political liberty and personal security in The Spirit of the Laws",,,Medium
cmopjvumd00dyz3r006msjnm5,emotional-intelligence-components-application-in-governance,Emotional Intelligence — Components & Application in Governance,ETHICS,GS4,"Self-awareness, Self-regulation, Motivation, Empathy, Social Skills, Daniel Goleman's Mixed Model, Mayer-Salovey Ability Model, EQ vs IQ, Conflict Resolution in Governance, Crisis Management and Decision-Making, Ethical Leadership, Public Trust and Service Delivery, Stress Management in Bureaucracy, Citizen-Centric Governance, Aristotle's Golden Mean, Trait Model of EI","Definitions and core elements of Emotional Intelligence, Daniel Goleman's five-component model, Peter Salovey and John Mayer's ability model, Comparison between Emotional Quotient (EQ) and Intelligence Quotient (IQ), Role of EI in ethical decision-making and crisis management, Application of empathy in people-centric public service delivery, Techniques for developing self-awareness and self-regulation in administration, Impact of EI on conflict resolution and negotiation, Significance of internal motivation for resilient leadership, Social skills for community engagement and stakeholder management, EI as a tool for managing political pressure and workplace stress, Intergenerational and intragenerational equity through empathetic governance, Role of EI in fostering transparency and accountability, Case studies on administrative success using emotional intelligence, Ethical leadership and interpersonal relationships in bureaucracy",,,High
cmopjvvte00eoz3r0pi70vvko,carol-gilligan-ethics-of-care-gender,Carol Gilligan — Ethics of Care & Gender,ETHICS,GS4,"Ethics of Care, Ethics of Justice, Kohlberg-Gilligan Debate, In a Different Voice, Relational Morality, Pre-conventional Conventional and Post-conventional Stages of Care, Feminine vs. Masculine Ethics, Empathy and Compassion in Decision Making, Moral Responsibility vs. Moral Rights, Interdependence and Vulnerability, Context-sensitive Ethics, Maternal Ethics, Feminist Ethics, Socialization and Gendered Identity, Voice and Silence in Adolescence","Critique of Kohlberg's stages of moral development, Ethic of care vs. Ethic of justice, Gender differences in moral reasoning, Psychological development of women and girls, Care as a moral imperative in relationships, Concept of relational self vs. autonomous self, Focus on compassion and attachment in decision-making, Three levels of care-based moral development, Impact of societal norms on ""loss of voice"" in girls, Application of ethics of care in public policy and governance, Interdependence and altruism in ethical choices, Comparison of ""Jake"" and ""Amy"" case studies, Influence of patriarchy on traditional moral theories, Integration of care ethics into professional ethics and social work",,,Medium
cmopjuy7o001uz3r0d4vdxyf5,earthquakes-causes-types-disaster-management,"Earthquakes — Causes, Types & Disaster Management",GEOGRAPHY,GS1,"Plate Tectonics Theory, Seismic Zonation Map of India, Disaster Management Act 2005, National Disaster Management Authority (NDMA) Guidelines, Richter and Mercalli Scales, Shadow Zones, Sendai Framework for Disaster Risk Reduction, National Disaster Response Force (NDRF), Focus and Epicenter, Intra-plate and Inter-plate Earthquakes, Soil Liquefaction, Bureau of Indian Standards (BIS) Seismic Codes, Build Back Better Principle, Seismic Gap Theory","Seismic waves and their characteristics (P, S, L, and R waves), Shadow zone of seismic waves and its significance, Tectonic causes and plate boundaries (convergent, divergent, and transform), Non-tectonic causes including volcanic and anthropogenic activities, Reservoir-induced seismicity (RIS) with Indian examples, Earthquake swarms and foreshocks vs aftershocks, Global distribution and major seismic belts (Circum-Pacific and Alpide belts), Seismic zoning of India and Bureau of Indian Standards (BIS) classification, Measurement of earthquakes (Richter vs Mercalli scales), Impact on landforms including liquefaction and landslides, Secondary hazards like tsunamis and fire, National Disaster Management Authority (NDMA) guidelines for earthquake management, Structural and non-structural mitigation measures, Role of Early Warning Systems (EWS) and seismic observatories",,,High
cmoqub1xl0007kn439xoykecd,theories-of-origin,Theories of Origin,GEOGRAPHY,GS1,"Continental Drift Theory, Seafloor Spreading Theory, Plate Tectonics Theory, Convection Current Theory, Alfred Wegener, Harry Hess, Paleomagnetism, Magnetic Striping, Mid-Oceanic Ridges, Subduction Zones, Polar Wandering, Pangaea and Panthalassa, Wadati-Benioff Zone, Isostasy, Arthur Holmes","Wegener's Continental Drift Theory and its evidences, Forces responsible for continental drift (Tidal and Pole-fleeing forces), Concept of Pangea and Panthalassa, Arthur Holmes' Convection Current Theory, Harry Hess's Sea Floor Spreading Theory, Paleomagnetism and geomagnetic reversals, Evidence from mid-oceanic ridges and deep-sea trenches, Postulates of Plate Tectonics theory, Mechanism of plate movement and asthenosphere, Types of plate boundaries (Divergent, Convergent, Transform), Comparison between Continental Drift and Plate Tectonics, Evolution of the Himalayan Orogeny and Tethys Sea, Formation of island arcs and volcanic belts, Distribution of earthquakes and volcanoes along plate margins",Isostasy; Himalayan Orogeny; Earth's Mantle Convection,Analyze the evidences supporting the theory of Plate Tectonics and discuss its implications for the distribution of continents.; How do theories of seafloor spreading explain the formation and evolution of major geological features like trenches and ridges?; Critically examine the role of mantle convection in driving continental movement and orogenesis.,Medium
cmopjuz7d0026z3r0j0nbx2o3,geopolitical-importance-of-indian-ocean,Geopolitical Importance of Indian Ocean,GEOGRAPHY,GS1,"Strategic Chokepoints, SAGAR Initiative, String of Pearls, Diamond Necklace Strategy, Indian Ocean Rim Association, Blue Economy, UNCLOS, Maritime Domain Awareness, Information Fusion Centre-Indian Ocean Region, Indo-Pacific Construct, Project Mausam, Security and Growth for All in the Region, Sea Lines of Communication, Net Security Provider, Integrated Maritime Strategy 2015, Exclusive Economic Zone, Maritime Silk Road, Quad, Colombo Security Conclave, Indian Ocean Commission","Strategic chokepoints and maritime trade routes (Straits of Malacca, Hormuz, and Bab-el-Mandeb), India's SAGAR (Security and Growth for All in the Region) initiative, China's String of Pearls strategy and Maritime Silk Road, Blue Economy and sustainable exploitation of marine resources, Presence of extra-regional powers and military bases (Diego Garcia and Djibouti), Geopolitical significance of island nations (Maldives, Seychelles, Mauritius), Polymetallic nodules and deep-sea mining in the Central Indian Ocean Basin, Maritime security challenges (piracy, human trafficking, and illegal fishing), Indian Ocean Rim Association (IORA) and regional cooperation frameworks, Impact of the monsoon system on regional trade and food security, Undersea cable networks and digital connectivity, Naval modernization and the concept of Net Security Provider, Disaster management and the Indian Ocean Tsunami Warning System, Legal framework under UNCLOS and maritime boundary disputes",,,High
cmopjuz65001vz3r0vp5ds38v,mountain-building-types-of-mountains-formation,Mountain Building — Types of Mountains & Formation,GEOGRAPHY,GS1,"Plate Tectonics Theory, Continental Drift Theory, Fold Mountains, Block Mountains, Volcanic Mountains, Orogeny, Geosyncline Theory, Isostasy, Subduction Zones, Himalayan Mountain Building, Sea Floor Spreading, Convergent Plate Boundaries, Divergent Plate Boundaries, Residual Mountains, Tensional and Compressional Forces","Geosynclinal theory of mountain building, Kober's orogenic theory, Thermal contraction theory of Jeffreys, Sliding substratum theory of Daly, Continental drift and orogenesis, Plate tectonics and mountain formation at convergent boundaries, Types and stages of fold mountains, Characteristics of block mountains and horst-graben structures, Volcanic mountain formation and island arc systems, Orogeny vs epeirogeny processes, Role of isostasy in mountain building, Impact of mountain building on global climate and drainage patterns, Evolution of the Himalayan orogeny, Comparison between Fold and Residual mountains",,,Medium
cmopjuz7d0024z3r02io0l6ny,ocean-acidification-marine-ecosystem-degradation,Ocean Acidification & Marine Ecosystem Degradation,GEOGRAPHY,GS1,"Carbonic Acid Formation, Carbonate Ion Saturation, Calcifying Organisms, Coral Bleaching, Marine Food Web Disruption, Dimethylsulphide (DMS) and Cloud Formation, Blue Carbon Ecosystems, SDG 14 Life Below Water, Planetary Boundaries Framework, UN Decade of Ocean Science for Sustainable Development, Coastal Eutrophication, Solubility Pump and Carbon Sequestration","Chemical process of CO2 absorption and carbonic acid formation, Impact on calcium carbonate saturation states and aragonite levels, Calcification challenges for pteropods and mollusks, Physiological stress and metabolic changes in marine invertebrates, Consequences for coral reef structural integrity and bleaching, Disruption of marine food webs and trophic cascades, Effects on chemosensory behavior and predator-prey dynamics in fish, Impact on nitrogen cycling and marine microbial communities, Vulnerability of coastal communities and shellfish aquaculture, Synergistic effects of ocean warming and deoxygenation, Role of seagrass and kelp forests in local carbon sequestration, Long-term impacts on global food security and marine biodiversity, Mitigation strategies through atmospheric CO2 removal and policy frameworks",,,Medium
cmopjuz7d0029z3r0weasbmf3,distribution-of-soils-types-agricultural-significance,Distribution of Soils — Types & Agricultural Significance,GEOGRAPHY,GS1,"ICAR Soil Classification, Alluvial Soils (Khadar and Bhangar), Regur Soils (Black Cotton Soil), Laterization and Leaching, Soil Health Card Scheme, National Project on Soil Health and Fertility, Desertification and UNCCD, Soil Erosion and Conservation (Contour Bunding/Mulching), Saline and Alkaline Soils (Reh/Usar), Peaty and Marshy Soils, Soil Taxonomy (Inceptisols/Entisols), Integrated Nutrient Management, Land Degradation Neutrality (LDN) targets","ICAR classification of Indian soils, Factors of soil formation (pedogenesis), Horizon-wise characteristics of soil profiles, Physical and chemical properties of Alluvial soil (Khadar and Bhangar), Regional distribution of Black soil (Regur) and its cotton suitability, Mineral deficiencies and characteristics of Red and Yellow soils, Leaching process and formation of Laterite soils, Salinization causes in Arid and Semi-Arid soils, Reclamation of Saline and Alkaline (Usara) soils, Composition and agricultural utility of Peaty and Marshy soils, Characteristics of Forest and Mountain soils at varying altitudes, Soil degradation and desertification trends in India, National Bureau of Soil Survey and Land Use Planning (NBSS&LUP) functions, Significance of Soil Health Card Scheme in sustainable agriculture",,,High
cmopjuz6s001yz3r00c8ye417,plains-plateaus-formation-significance,Plains & Plateaus — Formation & Significance,GEOGRAPHY,GS1,"Tectonic Uplift, Volcanic Plateaus, Intermontane Plateaus, Piedmont Plateaus, Continental Plateaus, Dissected Plateaus, Structural Plains, Erosional Plains (Peneplains), Depositional Plains, Indo-Gangetic Plain, Deccan Traps, Chota Nagpur Plateau, Economic Significance of Mineral Reserves, Karst Topography, Alluvial Deposits and Agriculture","Classification of plateaus (Intermontane, Piedmont, Continental, Volcanic), Mechanisms of plateau formation (Crustal shortening, Thermal expansion, Volcanism), Economic significance of plateaus as mineral storehouses, Role of plateaus in hydel-power generation and waterfall formation, Types of plains (Structural, Erosional, Depositional), Formation of alluvial and floodplains by river systems, Lacustrine plains and their significance (e.g. Kashmir Valley), Peneplains and the process of denudation, Economic importance of plains for agriculture and human settlements, Impact of plains on transport network development, Characteristics and formation of the Deccan Traps, Geomorphic processes in landform evolution (Endogenic and Exogenic forces)",,,Medium
cmoq0iq05000fn59n5qikrzs5,temperature,Temperature,GEOGRAPHY,GS1,"Insolation and Heat Budget, Vertical and Horizontal Distribution of Temperature, Normal Lapse Rate, Temperature Inversion, Isotherms, Factors Controlling Temperature Distribution, Heat Zones of the Earth, Continentality and Marine Influence, Impact of Ocean Currents on Temperature, Differential Heating of Land and Water, Latitudinal Heat Balance, Seasonal Temperature Variation, Advection and Conduction processes","Horizontal distribution of temperature and characteristics of isotherms, Vertical temperature gradient and normal lapse rate, Factors influencing temperature: latitude, altitude and distance from sea, Mechanisms of heat transfer: conduction, convection and advection, Differential heating of land and water and the concept of continentality, Ground or radiation inversion during winter nights, Subsidence inversion in high-pressure belts, Valley inversion and the process of air drainage, Impact of warm and cold ocean currents on coastal temperatures, Seasonal variations in global temperature: January and July isotherm patterns, Temperature anomaly and its latitudinal distribution, Effects of slope aspect and orientation on local temperature, Heat budget of the Earth and latitudinal heat balance, Impact of urban surfaces and concrete on local air temperature",,,High
cmopjuz6u0022z3r0qdls5131,ocean-bottom-relief-features-significance,Ocean Bottom Relief — Features & Significance,GEOGRAPHY,GS1,"Continental Shelf, Continental Slope, Continental Rise, Abyssal Plains, Oceanic Ridges, Deep Sea Trenches, Submarine Canyons, Seamounts and Guyots, Passive and Active Continental Margins, UNCLOS, Polymetallic Nodules, Exclusive Economic Zone, Mid-Atlantic Ridge, Mariana Trench","Continental shelf characteristics and economic significance, Continental slope and submarine canyons, Continental rise and sediment accumulation, Abyssal plains and pelagic deposits, Mid-oceanic ridges and seafloor spreading, Oceanic trenches and subduction zones, Seamounts and Guyots formation, Coral reefs and atolls distribution, Plate tectonics and bathymetry, Marginal seas and their relief, Significance of polymetallic nodules, Resource potential of continental margins, Influence of bottom relief on ocean currents and temperature, Marine biodiversity hotspots on the ocean floor",,,Medium
cmoq0im3k000dn59no3w91xjg,earth-atmosphere-structure-and-components,Earth Atmosphere: structure and components,GEOGRAPHY,GS1,"Composition of the Atmosphere, Troposphere and Normal Lapse Rate, Stratosphere and Ozone Layer, Mesosphere, Ionosphere and Radio Communication, Thermosphere, Exosphere, Greenhouse Effect, Temperature Inversion, Water Vapour and Aerosols, Tropopause, Atmospheric Pressure Gradients, Aurora Borealis and Australis","Composition of permanent and variable gases, Normal lapse rate and inversions in the troposphere, Chemical composition of the homosphere and heterosphere, Role of the ozonosphere in the stratosphere, Meteorological significance of water vapour and aerosols, Ionization process in the ionosphere and its layers, Characteristics of the mesopause and the coldest temperatures, Thermal properties of the thermosphere and exosphere, Convection currents and tropopause height variations, Role of greenhouse gases in terrestrial radiation absorption, Protective functions of the atmosphere against meteorites and UV radiation, Impact of dust particles on scattering and twilight, Atmospheric stratification based on temperature conditions, Interaction between the ionosphere and radio wave reflection",,,High
cmoq0inzl000en59niozc1q3g,insolation,Insolation,GEOGRAPHY,GS1,"Solar Radiation, Earth's Heat Budget, Albedo of Earth, Terrestrial Radiation, Aphelion and Perihelion, Angle of Inclination of Sun's Rays, Latitudinal Heat Balance, Atmospheric Window, Conduction, Convection, Advection, Factors Affecting Temperature Distribution, Isotherms, Vertical and Horizontal Distribution of Temperature, Temperature Inversion","Angle of inclination of the sun's rays, Duration of daylight and seasonal variations, Transparency of the atmosphere and cloud cover, Earth's distance from the sun (Aphelion and Perihelion), Heat budget and heat balance of the Earth, Albedo of different surfaces and Earth's average albedo, Terrestrial radiation and long-wave emission, Mechanisms of heat transfer (conduction, convection, advection), Latitudinal variation in net radiation balance, Normal lapse rate and vertical temperature distribution, Land-sea differential in heating and cooling, Impact of sunspots on solar output, Temperature inversion and its atmospheric implications, Factors controlling global temperature distribution",,,Medium
cmopjuy7o001sz3r0eozv8t97,tsunamis-causes-preparedness,Tsunamis — Causes & Preparedness,GEOGRAPHY,GS1,"Plate Tectonics and Subduction Zones, Indian Ocean Tsunami 2004, Disaster Management Act 2005, National Disaster Management Authority (NDMA) Guidelines, Indian Tsunami Early Warning System (ITEWS), INCOIS (Indian National Centre for Ocean Information Services), Bottom Pressure Recorders (BPR) and DART Buoys, Sendai Framework for Disaster Risk Reduction, Pacific Ring of Fire, Coastal Regulation Zone (CRZ) Norms, Community-based Disaster Preparedness, UNESCO-IOC Intergovernmental Coordination Groups (ICGs)","Tectonic subduction and vertical displacement of the seafloor, Seismic source characteristics (magnitude, depth, and faulting type), Underwater landslides and submarine gravitational collapse, Volcanic triggers and island flank collapses, Propagation physics in deep vs. shallow water (shoaling effect), Comparison between wind-generated waves and seismic sea waves, Pacific Ring of Fire and global tsunamigenic hotspots, Deep-ocean Assessment and Reporting of Tsunamis (DART) systems, Role of INCOIS and India's Tsunami Early Warning Centre, Coastal vulnerability mapping and inundation modeling, Structural and non-structural mitigation strategies, Role of mangroves and coastal shelterbelts in wave attenuation, Community-based disaster preparedness and evacuation protocols, International cooperation frameworks like the ICG/PTWS",,,Medium
cmopjv09a002hz3r0vcrj8g7y,internal-structure-of-earth-plate-tectonics,Internal Structure of Earth & Plate Tectonics,GEOGRAPHY,GS1,"Continental Drift Theory, Sea Floor Spreading, Plate Tectonic Theory, Lithosphere and Asthenosphere, Divergent Plate Boundaries, Convergent Plate Boundaries, Transform Plate Boundaries, Subduction Zones, Mid-Oceanic Ridges, Mantle Convection Currents, Paleomagnetism, Ring of Fire, Internal Structure of Earth, P-waves and S-waves, Shadow Zones, Discontinuities (Conrad, Mohorovicic, Repetti, Gutenberg, Lehmann)","Chemical and mechanical classification of Earth's layers, Sources of information about Earth's interior (Direct vs Indirect), Characteristics of P-waves and S-waves in different mediums, Major seismic discontinuities (Conrad, Moho, Repetti, Gutenberg, Lehmann), Composition and properties of the Asthenosphere, Continental Drift Theory and evidence provided by Alfred Wegener, Sea Floor Spreading and Paleomagnetism, Forces driving plate movements (Slab pull, Ridge push, Mantle convection), Types of plate boundaries (Convergent, Divergent, Transform), Evolution of the Himalayas and the Tibetan Plateau, Interaction between the Lithosphere and Asthenosphere, Comparison of Continental and Oceanic crustal properties",,,High
cmopjv099002cz3r0bns1t8q0,distribution-of-rivers-water-bodies,Distribution of Rivers & Water Bodies,GEOGRAPHY,GS1,"Ganga River System, Brahmaputra River System, Indus River System, Godavari River System, Krishna River System, Article 262, Inter-State River Water Disputes Act 1956, River Boards Act 1956, National Water Mission, Composite Water Management Index, Ken-Betwa Link Project, Indus Waters Treaty, Surface and Groundwater Resources, Inland Drainage Systems","Himalayan vs Peninsular river systems, Major tributaries of the Ganga and Indus, Braided channel patterns of the Brahmaputra, East-flowing vs West-flowing peninsular rivers, Drainage patterns and their geomorphic evolution, Distribution of major freshwater and saltwater lakes, Antecedent and superimposed drainage systems, Impact of river interlinking projects, Constitutional provisions for interstate water disputes, Evolution of river deltas and estuaries, Groundwater depletion and aquifer distribution, Significance of inland drainage areas, Role of rivers in irrigation and hydroelectric power, Wetland distribution and Ramsar sites in India",,,High
cmopjuz6u0021z3r0qnhy07hm,coral-reefs-ecology-threats-conservation,"Coral Reefs — Ecology, Threats & Conservation",GEOGRAPHY,GS1,"Zooxanthellae Symbiosis, Fringing Barrier and Atoll Reefs, Darwin’s Subsidence Theory, Coral Bleaching Causes, Ocean Acidification, Coastal Regulation Zone (CRZ) Notification, International Coral Reef Initiative (ICRI), Biorock Technology, Wildlife Protection Act 1972 Schedule I, Global Coral Reef Monitoring Network (GCRMN), Ideal Temperature and Salinity Conditions, 4th Global Coral Bleaching Event","Biological requirements for coral growth, Symbiotic relationship with zooxanthellae algae, Types of coral reefs: fringing, barrier, and atolls, Theories of coral reef formation (Darwin, Dana, and Daly), Global distribution and hotspots of coral reefs, Mechanism and causes of coral bleaching, Impact of ocean acidification on calcification, Anthropogenic threats: overfishing and destructive fishing, Effects of sedimentation and land-based pollution, Role of coral reefs in coastal protection and storm surges, Conservation initiatives and Marine Protected Areas (MPAs), Restoration techniques like biorock technology and coral gardening, Geographic distribution of coral reefs in India, Impact of climate change and rising sea surface temperatures",,,High
cmopjuz7e002bz3r0najbfhi6,distribution-of-minerals-global-indian-context,Distribution of Minerals — Global & Indian Context,GEOGRAPHY,GS1,"National Mineral Policy 2019, Mines and Minerals (Development and Regulation) Act 1957, District Mineral Foundation, Pradhan Mantri Khanij Kshetra Kalyan Yojana, Seventh Schedule (Entry 54 of Union List and Entry 23 of State List), Inter-generational Equity, Sustainable Mining Framework, Star Rating of Mines, Resource Distribution of Strategic Minerals, Rare Earth Elements, Offshore Areas Mineral (Development and Regulation) Act 2002, Deep Ocean Mission, Make in India in Mining Sector, Mineral Conservation and Development Rules 2017","Geological factors influencing global mineral distribution, Major mineral belts of India (North-Eastern Plateau, South-Western Plateau, North-Western Region), Distribution and reserves of iron ore in the Dharwar and Cuddapah systems, Global concentration of copper in the Andean belt and its industrial significance, Distribution of bauxite in tropical weathering mantles (Australia, Guinea, and India), Strategic importance and global distribution of Critical Minerals (Lithium, Cobalt, Rare Earth Elements), Spatial distribution of coal reserves in Gondwana and Tertiary formations in India, Petroleum and natural gas provinces in Indian sedimentary basins and offshore regions, Distribution of monazite and thorium in Indian coastal sands, Global patterns of gold and diamond deposits in ancient shield regions, Marine mineral resources including polymetallic nodules in the Indian Ocean, Socio-economic and environmental impacts of mining in ecologically sensitive areas",,,High
cmoq0j78n000nn59npesxc9ss,global-climate-change-causes-impacts-and-mitigation-strategies,"Global Climate Change (Causes, impacts, and mitigation strategies)",GEOGRAPHY,GS1,"Greenhouse Effect, Global Warming Potential, IPCC Assessment Reports, Paris Agreement, Carbon Sequestration, Ocean Acidification, National Action Plan on Climate Change, Kyoto Protocol, Albedo Effect, Milankovitch Cycles, REDD+, UNFCCC, Net Zero Emissions, Climate Feedbacks","Anthropogenic greenhouse gas emissions and radiative forcing, Natural drivers of climate change including Milankovitch cycles and solar variability, Impact of plate tectonics and continental drift on long-term climate, Feedback mechanisms such as albedo effect and permafrost thaw, Himalayan glacial retreat and its impact on North Indian perennial rivers, Sea-level rise and coastal vulnerability of Indian megacities, Climate change impact on Indian Monsoon variability and extreme weather events, Ocean acidification and its effect on marine biodiversity and coral reefs, Vulnerability of Indian agriculture and food security to shifting climatic zones, Mitigation strategies through renewable energy transition and carbon sequestration, International climate governance including UNFCCC and the Paris Agreement, India's National Action Plan on Climate Change and Panchamrit commitments, Concept of Climate Justice and Common But Differentiated Responsibilities (CBDR), Role of IPCC assessment reports in scientific understanding and policy making",,,High
cmopjv1t2002sz3r0commixga,secondary-sector-location-factors-manufacturing-industry,Secondary Sector Location Factors — Manufacturing & Industry,GEOGRAPHY,GS1,"Weber's Least Cost Theory, Material Index, Isodapanes, Labor Cost Influence, Agglomerative and Degglomerative Factors, Locational Triangle, Weight-Losing vs. Weight-Gaining Industries, Footloose Industries, Industrial Inertia, Break-of-Bulk Point, Losch’s Model of Profit Maximization, Smith’s Spatial Marginal Analysis, Industrial Clusters and SEZs, National Manufacturing Policy, PM MITRA Scheme","Weber's Least Cost Theory and the locational triangle, Impact of weight-losing vs weight-gaining raw materials, Role of Isodapanes and critical isodapanes in site selection, Material Index and its influence on industrial decentralization, Agglomeration and deglomeration economies in industrial clustering, Factors influencing the location of the iron and steel industry, Shift of cotton textile industry from raw material to market centers, Locational dynamics of the footloose electronics and IT industries, Impact of government policies and Special Economic Zones (SEZs), Influence of transport cost vs labor cost differentials, Role of energy proximity in aluminum and heavy chemical industries, Emerging trends in digital and high-tech industrial corridors, Impact of globalization and supply chain fragmentation on manufacturing hubs, Environmental regulations and the shift of polluting industries",,,High
cmopjv099002ez3r04doxxzhz,primary-sector-location-factors-agriculture-mining-fishing,"Primary Sector Location Factors — Agriculture, Mining, Fishing",GEOGRAPHY,GS1,"Von Thunen Model of Agricultural Location, Weber's Least Cost Theory, Isotropic Surface, Bid Rent Theory, Locational Rent, Agglomeration Economies, Blue Revolution, Mines and Minerals Development and Regulation Act 1957, Coastal Regulation Zone (CRZ) Norms, Exclusive Economic Zone (EEZ), Marine Fishing Policy, Perishability and Weight-gaining vs Weight-losing Factors, Agro-climatic Zones of India, National Mineral Policy, PM-Matsya Sampada Yojana","Von Thunen's model of agricultural land use and its modern relevance, Weber's least cost theory and industrial location factors, Impact of perishability and weight-losing nature on agro-based industries, Influence of soil fertility and climatic zones on crop distribution, Proximity to ports and cold chain logistics in commercial fishing, Geological distribution of metallic vs non-metallic minerals, Role of labor-intensive vs mechanized mining on site selection, Market orientation of perishable agricultural goods near urban centers, Impact of international trade agreements and subsidies on crop location, Environmental regulations and EIA impact on mining site feasibility, Resource-based vs footloose industry distinctions in the primary sector, Impact of inland vs marine fishing infrastructure on coastal development, Role of government land use policies and zoning in primary sector distribution, Technological advancements like precision farming and deep-sea mining on spatial patterns",,,High
cmopjv2tm0039z3r0m69tj3z3,cyclones-formation-classification-indias-vulnerability,"Cyclones — Formation, Classification & India's Vulnerability",GEOGRAPHY,GS1,"Coriolis Force, Latent Heat of Condensation, Sea Surface Temperature (SST), Saffir-Simpson Hurricane Wind Scale, National Cyclone Risk Mitigation Project (NCRMP), Sendai Framework for Disaster Risk Reduction, Disaster Management Act 2005, National Disaster Management Authority (NDMA), IMD Cyclone Warning System, Tropical Cyclone Intensity Classification, Storm Surge and Inundation, Coastal Regulation Zone (CRZ) Notification, Early Warning Dissemination System (EWDS), Color-coded Cyclone Alerts, World Meteorological Organization (WMO) Tropical Cyclone Panels","Essential conditions for tropical cyclogenesis, Structure of a tropical cyclone (Eye and Eyewall), Mechanisms of temperate vs tropical cyclones, Polar Front Theory and extratropical development, Coriolis force and its latitudinal influence, Stages of cyclone development (Formation to Decay), India's east vs west coast vulnerability, Impact of climate change on cyclone frequency in the Arabian Sea, Naming conventions and WMO protocols, Color-coded weather warnings by IMD, Storm surges and coastal inundation, National Cyclone Risk Mitigation Project (NCRMP), Role of satellite technology in early warning systems, Socio-economic impacts of cyclone landfall, Landfall and dissipation processes",,,High
cmoquazfx0005kn43gnuef2if,origin-of-universe,Origin of Universe,GEOGRAPHY,GS1,"Big Bang Theory, Cosmic Microwave Background Radiation, Nebular Hypothesis, Steady State Theory, Pulsating Universe Theory, Redshift and Hubble's Law, Primordial Nucleosynthesis, Dark Matter and Dark Energy, Planetesimal Hypothesis, Gaseous Hypothesis of Kant, Big Splat Theory, Inflationary Epoch, Recombination Era","Nebular Hypothesis and early gaseous theories, Big Bang Theory and the concept of Singularity, Steady State Theory vs Big Bang, Pulsating Universe Theory, Evidence of Cosmic Microwave Background Radiation (CMBR), Redshift and Hubble’s Law of expansion, Stages of cosmic evolution from the Planck Epoch to Recombination, Primordial Nucleosynthesis of light elements, Role of Dark Matter and Dark Energy in cosmic structure, Formation of first stars and galaxies (Reionization), Future of the Universe (Big Freeze, Big Crunch, and Big Rip scenarios)",Astrogeology (Star and Galaxy formation); General Relativity (Curvature of Spacetime); Cosmochemistry (Element abundance and Nucleosynthesis),"Discuss the evidence supporting the Big Bang theory, referencing key astronomical observations.; How do the concepts of Dark Matter and Dark Energy modify our understanding of the universe's ultimate fate and structure?; Critically examine the role of CMB radiation in mapping the early cosmic epoch and testing cosmological models.",Low
cmopjv1t2002wz3r00uyeo5qz,deforestation-causes-consequences-policy-response,"Deforestation — Causes, Consequences & Policy Response",GEOGRAPHY,GS1,"India State of Forest Report (ISFR), Forest Conservation Act 1980, National Forest Policy 1988, Joint Forest Management (JFM), CAMPA Fund, Scheduled Tribes and Other Traditional Forest Dwellers (Recognition of Forest Rights) Act 2006, REDD+, Green India Mission, Social Forestry, Jhum Cultivation, Mangrove Conservation, UNFF (United Nations Forum on Forests)","Shifting cultivation and its regional variations, Impact of commercial logging and industrial agriculture, Role of large scale developmental projects and dams, Urbanization and infrastructure-led forest fragmentation, Ecological consequences on hydrological cycles and rainfall patterns, Soil erosion and land degradation dynamics, Impact on biodiversity hotspots and species extinction, Linkages between deforestation and regional climate change, Social and economic impact on forest-dependent indigenous communities, Forest Conservation Act and its amendments, National Forest Policy of 1988, Role of Joint Forest Management (JFM) and community forestry, International initiatives like REDD+ and Bonn Challenge, Afforestation programs including Green India Mission and CAMPA, Impact of forest fires and invasive species on forest cover",,,Medium
cmoq0j5ae000mn59n0t8d2gsp,ocean-currents-and-their-climatic-influence-el-nio-and-la-nia,Ocean Currents and their climatic influence (El Niño and La Niña),GEOGRAPHY,GS1,"Walker Circulation, Southern Oscillation Index, ENSO Neutral Phase, Pacific Decadal Oscillation, Thermocline and Upwelling, Trade Winds and Coriolis Effect, Indian Ocean Dipole Linkages, Teleconnections and Global Weather Patterns, Impact on Indian Monsoon, Bjerknes Feedback, Oceanic Niño Index, El Niño Modoki, Kelvins Waves and Rossby Waves, Impact on Marine Ecosystems and Fisheries","Mechanisms of ocean current formation (wind, temperature, salinity), Ekman spiral and Ekman transport, Thermohaline circulation and the global conveyor belt, Walker Circulation and its atmospheric coupling, Characteristics and impacts of El Niño (ENSO Phase), Characteristics and impacts of La Niña, Indian Ocean Dipole (IOD) and its relation to ENSO, Impact of ocean currents on regional climates and desertification, Role of ocean currents in nutrient distribution and marine productivity, Influence of ENSO on the Indian Monsoon, Ocean-atmosphere interaction and climate feedback loops, Recent trends in ocean warming and their effect on current stability",,,High
cmoq0j0rm000kn59n8zqvdb87,air-masses-fronts-and-cyclones-tropical-and-temperate,"Air Masses, Fronts, and Cyclones (Tropical and Temperate)",GEOGRAPHY,GS1,"Air Mass Classification (cP, mP, mT, cT, cA), Frontogenesis and Frontolysis, Temperate Cyclones (Extra-Tropical), Tropical Cyclones (Hurricanes/Typhoons), Polar Front Theory, Norwegian Cyclone Model, Coriolis Force and Vorticity, Latent Heat of Condensation, Jet Streams and Upper Air Circulation, Anti-cyclones and High Pressure Systems, Occluded Fronts (Cold and Warm Types), Adiabatic Lapse Rates and Stability, Storm Surge and Tropical Cyclone Mitigation, World Meteorological Organization (WMO) Nomenclature, Inter-Tropical Convergence Zone (ITCZ) Movement","Criteria for air mass source regions, Classification of air masses (cP cT mP mT cA), Mechanisms of air mass modification and movement, Life cycle of mid-latitude cyclones (Frontogenesis to Frontolysis), Structure and characteristics of cold warm stationary and occluded fronts, Conditions for tropical cyclogenesis and the role of latent heat, Structural components of a hurricane (Eye Eyewall and Rainbands), Comparison between warm-core tropical and cold-core temperate cyclones, Impact of Coriolis force on cyclonic curvature in both hemispheres, Environmental and socio-economic impacts of cyclones on coastal regions, Role of jet streams in steering extratropical cyclones, Transition of cyclones between tropical and extratropical phases",,,High
cmoq0j2sb000ln59nrqrzrciu,climate-classification-kppens-scheme,Climate Classification (Köppen's scheme),GEOGRAPHY,GS1,"Tropical Moist Climates (Group A), Dry Climates (Group B), Moist Subtropical Mid-Latitude Climates (Group C), Moist Continental Mid-Latitude Climates (Group D), Polar Climates (Group E), Highland Climates (Group H), Mega-thermal, Xerophytes, Meso-thermal, Micro-thermal, Hekisto-thermal, Tropical Rainforest (Af), Tropical Monsoon (Am), Tropical Savanna (Aw), Steppe (BS), Desert (BW), Mediterranean Climate (Cs), Humid Subtropical Climate (Cfa), Marine West Coast Climate (Cfb), Tundra (ET), Ice Cap (EF)","Major climatic groups (A, B, C, D, E and H), Empirical basis of Köppen's classification, Meaning of lowercase letter codes (f, m, w, s), Criteria for Tropical Humid Climates (Af, Am, Aw), Characteristics of Dry Climates (BW and BS), Comparison between Hot and Cold Deserts (h vs k), Features of Mediterranean Climate (Csa/Csb), Humid Subtropical and Marine West Coast climates, Characteristics of Continental/Snow climates (D group), Polar Tundra (ET) and Ice Cap (EF) climates, Distribution of Köppen climate types in India, Use of vegetation as an indicator of climate, Advantages and limitations of the Köppen system, Comparison with Trewartha's climate classification",,,Medium
cmopxprj60000n59n4kwmcpt1,geological-time-scale-1777822669981-0,Geological TIme Scale,GEOGRAPHY,GS1,"Precambrian Supereon, Hadean Eon, Archean Eon, Proterozoic Eon, Phanerozoic Eon, Paleozoic Era, Mesozoic Era, Cenozoic Era, Cambrian Explosion, Carboniferous Period, Gondwana System, Himalayan Orogeny, Anthropocene, Holocene Epoch, Mass Extinctions, Radiometric Dating, Chronostratigraphy, International Commission on Stratigraphy","Hierarchy of eons, eras, periods, and epochs, Pre-Cambrian Super-Eon and early Earth formation, Hadean and Archean Eons rock systems, Proterozoic Eon and oxygenation events, Paleozoic Era and the Cambrian Explosion, Carboniferous Period and global coal formation, Mesozoic Era and the age of reptiles, Breakup of Pangea and tectonic shifts, Cenozoic Era and the Himalayan Orogeny, Pleistocene Ice Age and glacial cycles, Holocene Epoch and human civilization, Stratigraphic principles and dating techniques, Evolutionary milestones across geological time, Mass extinction events and their causes, Indian geological time scale divisions (Dravidian, Gondwana, Aryan)",,,Low
cmopjuz7d0025z3r0gun6i9vd,tides-causes-types-uses,"Tides — Causes, Types & Uses",GEOGRAPHY,GS1,"Gravitational Force of Sun and Moon, Centrifugal Force, Spring and Neap Tides, Semi-diurnal, Diurnal, and Mixed Tides, Syzygy (Conjunction and Opposition), Tidal Range and Tidal Bulge, Tidal Bore, Perigee and Apogee, Perihelion and Aphelion, Tidal Energy and Power Generation, Impact on Navigation and Fishing, Intertidal Zones and Marine Ecosystems","Gravitational forces of the Moon and Sun, Centrifugal force and tidal bulge formation, Semi-diurnal and diurnal tidal patterns, Mixed tides and their geographic distribution, Spring tides and syzygy configuration, Neap tides and quadrature position, Perigee and apogee impacts on tidal range, Perihelion and aphelion effects on magnitude, Tidal bore and estuarine dynamics, Role of tides in navigation and desilting of harbors, Tidal energy generation potential in India, Impact of coastal morphology and continental shelves on tide height, Difference between ebb and flood currents, Importance of tides for mangrove and coral reef ecosystems",,,Medium
cmopjv1t2002vz3r0mbnfi6qf,tertiary-sector-location-factors-services-trade,Tertiary Sector Location Factors — Services & Trade,GEOGRAPHY,GS1,"Agglomeration Economies, Footloose Industries, Central Business District (CBD), Special Economic Zones (SEZs), Foreign Trade Policy, Digital India Mission, GATS (General Agreement on Trade in Services), Information Technology Act 2000, Knowledge Process Outsourcing (KPO), BPO Hubs, Transit-Oriented Development, E-commerce Logistics, Global Value Chains, SEZ Act 2005, Tourism Infrastructure Development, Digital Divide","Spatial distribution of global service hubs, Walter Christaller’s Central Place Theory and hierarchy of services, Threshold and range concepts in service location, Factors influencing the growth of IT-BPM clusters, Locational requirements for international financial centers, Evolution of tourism circuits and destination pull factors, Impact of digital infrastructure and teleconnectivity on remote services, Agglomeration economies in quaternary and quinary sectors, Role of transport nodes and multimodal connectivity in trade, Institutional and policy drivers for Special Economic Zones and GIFT City, Geography of retail trading and consumer behavior patterns, Outsourcing and offshoring dynamics in the global knowledge economy, Spatial patterns of healthcare and educational institutional clusters, Influence of skilled labor migration on service sector geography",,,Medium
cmopjv1t2002tz3r0teg6ddym,water-body-changes-lakes-wetlands-river-systems,"Water Body Changes — Lakes, Wetlands & River Systems",GEOGRAPHY,GS1,"Ramsar Convention, Wise Use Principle, Ecological Character, Wetlands (Conservation and Management) Rules 2017, National Plan for Conservation of Aquatic Ecosystems, Environment (Protection) Act 1986, Montreux Record, Central Wetlands Regulatory Authority, National Wetland Committee, Amrit Dharohar Initiative, Article 48A, Article 51A(g), Integrated Management Plan, Global Environment Facility, National Environment Policy 2006","Himalayan vs Peninsular drainage systems, Factors causing river meandering and course changes, Impact of climate change on glacial-fed rivers, Urban flooding and encroachment of wetlands, Ramsar Convention and Montreux Record, Ecological significance of estuaries and lagoons, Causes and consequences of groundwater depletion, Eutrophication and its impact on lake ecosystems, Mangrove adaptations and coastal protection, Interlinking of rivers and socio-environmental impacts, Restoration of dying lakes and rivers, Impact of dams and barrages on riverine ecology, Role of wetlands in carbon sequestration, Transboundary water sharing and conflicts",,,High
cmopvytzo000787p6qg6k81tt,origin-and-evolution-of-earth-2,Origin and Evolution of Earth,GEOGRAPHY,GS1,"Nebular Hypothesis, Big Bang Theory, Planetary Differentiation, Degassing, Planetesimal Hypothesis, Tidal Hypothesis, Geological Time Scale, Evolution of Atmosphere, Evolution of Hydrosphere, Hadean Eon, Giant Impact Hypothesis, Accretion Process","Early theories of Earth's origin (Nebular Hypothesis by Kant and Laplace), Binary and modern theories of the universe (Big Bang Theory), Stages of stellar evolution and star formation, Formation of planets through accretion and planetesimals, Differentiation of Earth's layers (Core, Mantle, Crust), Evolution of the primitive atmosphere and outgassing, Origin of oceans and the hydrological cycle, Giant Impact Hypothesis and the formation of the Moon, Evolution of life and its impact on atmospheric oxygen, Geological time scale and major eons/eras, Comparison between terrestrial and Jovian planets, Goldilocks Zone and habitability of Earth",,,Medium
cmopjuy7o001tz3r0zns94alq,volcanoes-volcanic-activity,Volcanoes & Volcanic Activity,GEOGRAPHY,GS1,"Shield Volcanoes, Composite Volcanoes, Calderas, Flood Basalt Provinces, Mid-Ocean Ridge Volcanoes, Intrusive Landforms, Batholiths, Laccoliths, Lapoliths, Phacoliths, Sills, Dykes, Plate Tectonics and Volcanism, Pacific Ring of Fire, Magma vs Lava, Hotspot Volcanism, Pyroclastic Flows, Geothermal Activity, Volcanic Ash and Climate, Extrusive Landforms","Mechanism of volcanic eruptions and magma buoyancy, Classification based on eruption frequency (active/dormant/extinct), Types of volcanoes by structure (shield/composite/cinder cone/caldera), Characteristics of acidic vs basic lava flows, Intrusive volcanic landforms (batholiths/laccoliths/sills/dykes), Extrusive volcanic landforms (lava plateaus/cinder cones), Plate tectonics and global distribution (Pacific Ring of Fire/Mid-Atlantic Ridge), Environmental and climatic impacts of volcanic ash and gases, Volcanic hazards and disaster management strategies (pyroclastic flows/lahars), Major volcanic regions in India (Barren Island/Narcondam/Deccan Traps), Prediction and monitoring techniques (seismic data/gas emissions/ground deformation), Economic benefits of volcanism (soil fertility/geothermal energy/mineral deposits)",,,Medium
cmopvn0ua000087p6lfekob3a,origin-and-evolution-of-earth,Origin and Evolution of Universe,GEOGRAPHY,GS1,"Big Bang Theory, Singularity, Cosmic Microwave Background Radiation, Redshift and Hubble's Law, Steady State Theory, Dark Matter and Dark Energy, Nebular Hypothesis, Life Cycle of Stars, Event Horizon, Inflationary Theory, Big Bang Nucleosynthesis, Standard Cosmological Model","Big Bang Theory and singularity, Cosmic Inflation and reheating, Big Bang Nucleosynthesis and light element abundance, Cosmic Microwave Background Radiation (CMBR), Recombination and the Epoch of Decoupling, Formation of the first stars and galaxies (Reionization), Hubble’s Law and redshift observations, Steady State Theory vs Big Bang, Dark Matter and Dark Energy in expansion, Galaxy formation and classification, Lifecycle of stars and supernova explosions, Nebular Hypothesis for the Solar System, Chronology of the universe (Planck and Grand Unification epochs)",,,Low
cmopjv099002dz3r0kreef4j8,distribution-of-crops-cropping-patterns-globally-india,Distribution of Crops — Cropping Patterns Globally & India,GEOGRAPHY,GS1,"Cropping Intensity, Agro-climatic Zones, Mono-cropping, Mixed Cropping, Inter-cropping, Crop Rotation, Shifting Cultivation, Intensive Subsistence Farming, Plantation Agriculture, Green Revolution, Sustainable Agriculture, Climate-Smart Agriculture, National Food Security Mission, Dryland Farming, Global Distribution of Major Crops","Factors influencing cropping patterns (agronomic, economic, policy), Impact of climate change on global crop suitability and yield, Shifting cropping zones and altitudinal shifts, Cropping intensity and land-use efficiency trends, Crop diversification through rotation and intercropping, Global distribution of staple crops like wheat and rice, Regional variations in cropping patterns across India's agro-climatic zones, Impact of Green Revolution on monocropping practices, Role of remote sensing in monitoring temporal crop dynamics, Sustainable practices like agroforestry and conservation agriculture, Water-use efficiency and irrigation's role in multiple cropping, Socio-economic constraints of small farmers on crop choice, Impact of extreme weather events on planting and harvesting schedules, Future carbon dioxide concentration effects on C3 and C4 crop yields",,,High
cmoqub4d10009kn435r81bm1y,big-bang-theory,Big Bang theory,GEOGRAPHY,GS1,"Singularity, Cosmic Inflation, Georges Lemaitre, Hubble's Law, Redshift, Cosmic Microwave Background Radiation (CMBR), Nucleosynthesis, Recombination, Steady State Theory, Big Crunch, Dark Matter, Dark Energy, James Webb Space Telescope (JWST), Population III stars, COBE Mission","Singularity and the Planck Epoch, Cosmic Inflation and its significance, Nucleosynthesis and formation of light elements, Cosmic Microwave Background Radiation (CMBR), Redshift and Hubble's Law, Dark Matter and Dark Energy in expansion, Formation of galaxies and superclusters, Stellar evolution and life cycles of stars, Alternative theories like Steady State and Pulsating Theory, Future of the universe scenarios (Big Crunch vs. Heat Death), Role of the James Webb Space Telescope in cosmological study, Evidence of gravitational waves from the early universe",,,Medium
cmoq0iyqc000jn59n7ekkj6gp,precipitation-types-of-rainfall-world-distribution,"Precipitation (Types of rainfall, world distribution)",GEOGRAPHY,GS1,"Convectional Rainfall, Orographic Rainfall, Frontal or Cyclonic Rainfall, Inter-Tropical Convergence Zone (ITCZ), Köppen Climate Classification, Rain Shadow Effect, Monsoonal Circulation, Adiabatic Cooling, Tropical Cyclones, Temperate Cyclones, World Distribution of Precipitation, Humidity and Condensation, Evapotranspiration, Bergeron Process, Coalescence Theory","Mechanism of condensation and cloud formation, Convectional rainfall and equatorial doldrums, Orographic rainfall and rain-shadow effect, Frontal or cyclonic rainfall in mid-latitudes, Latitudinal distribution of precipitation, Seasonal variations in world rainfall patterns, Impact of planetary winds on coastal vs interior rainfall, Influence of ocean currents on desertification and precipitation, Role of hygroscopic nuclei in raindrop formation, Forms of precipitation: sleet, hail, and snow, Precipitation characteristics of the ITCZ, Distribution of precipitation in Mediterranean and Monsoon climates, Anthropogenic impact on local and global precipitation patterns",,,High
cmopjv1t2002xz3r0j695yj7w,glacier-ice-cap-changes-climate-linkage,Glacier & Ice-Cap Changes — Climate Linkage,GEOGRAPHY,GS1,"Glacial Lake Outburst Floods (GLOFs), Albedo Effect, Hindu Kush Himalaya (HKH) Region, ICIMOD, Arctic Council, Antarctic Treaty System, Sea Level Rise, Cryosphere, Atlantic Meridional Overturning Circulation (AMOC), Permafrost Thaw, Black Carbon, Water Towers of the World, IPCC Special Report on the Ocean and Cryosphere, Milankovitch Cycles, Third Pole, Glacial Mass Balance","Glacier mass balance and volumetric changes, Albedo effect and feedback loops in cryosphere, Equilibrium line altitude (ELA) and snowline variations, Impact of black carbon and aerosols on ice melting, Glacial lake outburst floods (GLOFs) and disaster management, Contribution of glacier melt to global sea level rise, Impact of glacier retreat on river discharge and ""peak water"" concept, Spatiotemporal heterogeneity of glacier thinning in Himalayas, Permafrost degradation and methane release, Impact of debris cover on ablation rates, Cryosphere loss and its effect on local biodiversity, Socio-economic impacts on downstream irrigation and hydropower, International monitoring systems and World Glacier Monitoring Service (WGMS), Geodetic vs glaciological methods for mass balance measurement",,,High
cmopjv1t40033z3r0110hkaew,desertification-causes-extent-mitigation,"Desertification — Causes, Extent & Mitigation",GEOGRAPHY,GS1,"UNCCD, Land Degradation Neutrality, SDG Target 15.3, Desertification and Land Degradation Atlas of India, Bonn Challenge, Great Green Wall, G20 Global Land Restoration Initiative, National Action Plan to Combat Desertification, Changwon Initiative, World Day to Combat Desertification and Drought, Integrated Watershed Management Programme, Arid and Semi-Arid Zones, Anthropogenic Drivers of Land Degradation, Sustainable Land Management, Soil Health Card Scheme","Anthropogenic drivers of desertification in India, Impact of overgrazing on dryland soil fertility, Role of climate change in accelerating aridification, Spatial extent of desertification according to SAC Atlas, Economic cost of land degradation to India's GDP, UNCCD and the Land Degradation Neutrality (LDN) targets, Sustainable land management practices for semi-arid regions, Role of shelterbelts and sand dune stabilization in Rajasthan, Impact of desertification on food security and rural migration, National Action Plan to Combat Desertification (NAPCD), Restoration of culturable wastelands and fallow lands, Influence of inappropriate irrigation on soil salinization, Case studies of community-led desertification mitigation projects, Evaluation of the Bonn Challenge and Great Green Wall initiatives",,,High
cmoq0iugu000hn59na4isroie,wind-systems-planetary-secondary-and-local-winds,"Wind Systems (Planetary, Secondary, and Local winds)",GEOGRAPHY,GS1,"Coriolis Force, Pressure Gradient Force, Inter-Tropical Convergence Zone (ITCZ), Trade Winds, Westerlies, Polar Easterlies, Hadley Cell, Ferrel Cell, Polar Cell, Land and Sea Breeze, Mountain and Valley Breeze (Anabatic and Katabatic winds), Monsoon Winds, Jet Streams, Geostrophic Wind, Loo, Foehn and Chinook, Mistral and Bora, Horse Latitudes, Doldrums, Beaufort Scale","Coriolis force and its effect on wind direction, Pressure gradient force and geostrophic wind, Three-cell model of atmospheric circulation (Hadley, Ferrel, and Polar cells), Characteristics and distribution of Trade Winds, Role and mechanism of the Inter-Tropical Convergence Zone (ITCZ), Subtropical Highs and Horse Latitudes, Mechanism of Mid-latitude Westerlies, Polar Easterlies and the Polar Front, Formation and types of Jet Streams (Polar and Subtropical), Thermal and dynamic causes of seasonal Monsoon winds, Mechanism of Land and Sea breezes, Mountain and Valley breezes (Anabatic and Katabatic winds), Global distribution and impact of Local winds like Loo, Foehn, and Chinook, Impact of Rossby Waves on upper-air circulation, Cyclones and Anticyclones formation and wind patterns",,,High
cmopjuz6s001zz3r0gavo0of3,ocean-currents-types-causes-climatic-impact,"Ocean Currents — Types, Causes & Climatic Impact",GEOGRAPHY,GS1,"Coriolis Force, Thermohaline Circulation, Oceanic Gyres, Ekman Transport, Upwelling and Downwelling, El Nino Southern Oscillation (ENSO), Atlantic Meridional Overturning Circulation (AMOC), Gulf Stream, Kuroshio Current, Global Ocean Conveyor Belt, Humbolt Current, Sargasso Sea, Walker Circulation, Marine Productivity and Fishing Grounds, Heat Budget of the Earth","Primary forces of ocean current causation (insolation, wind, gravity, Coriolis force), Secondary forces modifying current flow (temperature and salinity differences), Difference between drifts, currents, and streams, Mechanism of the Ekman Spiral and Ekman Layer, Formation and dynamics of oceanic gyres, Thermohaline circulation and the Global Conveyor Belt, Characteristics of warm and cold currents, Impact of currents on coastal climates and desert formation, Role of ocean currents in nutrient distribution and upwelling zones, Influence of bottom topography and coastal configuration on flow, Seasonal reversal of currents in the Indian Ocean (Monsoon influence), Significance of ocean currents for global heat balance, Impact of currents on fisheries and regional economies, Effects of climate change and melting ice on the Atlantic Meridional Overturning Circulation (AMOC)",,,High
cmoq0iwps000in59nb6swjmnl,humidity-and-condensation-evaporation-cloud-formation-fog,"Humidity and Condensation (Evaporation, cloud formation, fog)",GEOGRAPHY,GS1,"Latent Heat of Vaporization, Relative Humidity, Dew Point Temperature, Adiabatic Lapse Rate, Lifting Condensation Level, Condensation Nuclei, Radiation Fog, Advection Fog, Frontal Fog, Cloud Classification (High, Middle, Low, Vertical), Bergeron Process, Collision-Coalescence Process, Absolute Humidity, Specific Humidity, Vapor Pressure, Orographic Lifting, Convective Lifting, Hydrological Cycle, Inversion of Temperature, Forms of Precipitation (Sleet, Freezing Rain, Snow)","Difference between absolute specific and relative humidity, Factors affecting rate of evaporation, Adiabatic lapse rate and its role in condensation, Conditions for reaching saturation point and dew point, Role of hygroscopic nuclei in cloud and fog formation, Classification of clouds based on height and appearance, Mechanism of radiation and advection fog, Process of latent heat release during phase change, Comparison between dew and frost formation, Impact of humidity on heat index and human comfort, Distribution of humidity from equator to poles, Stability and instability of the atmosphere relative to moisture content",,,Medium
cmoq0isfm000gn59nigwi8dg2,atmospheric-pressure-and-pressure-belts,Atmospheric Pressure and Pressure Belts,GEOGRAPHY,GS1,"Equatorial Low Pressure Belt, Subtropical High Pressure Belts, Subpolar Low Pressure Belts, Polar High Pressure Belts, Intertropical Convergence Zone, Hadley Cell, Ferrel Cell, Polar Cell, Horse Latitudes, Doldrums, Coriolis Force, Planetary Winds, Trade Winds, Westerlies, Polar Easterlies, Tri-cellular Model, Thermal and Dynamic Pressure Belts, Seasonal Shifting of Pressure Belts","Vertical and horizontal distribution of atmospheric pressure, Factors affecting air pressure (temperature, altitude, and moisture), Mechanism of pressure gradient force and Coriolis effect, Thermally induced vs dynamically induced pressure belts, Formation and characteristics of the ITCZ and Doldrums, Significance of Horse Latitudes (Sub-tropical Highs), Impact of seasonal shifting of pressure belts on global climates, Relationship between pressure belts and planetary wind systems (Trade winds, Westerlies, and Easterlies), Tri-cellular model of atmospheric circulation (Hadley, Ferrel, and Polar cells), Formation of temperate cyclones at the Polar Front, Impact of pressure belts on the mechanism of the Indian Monsoon, Influence of land-sea differential heating on pressure cell variations (e.g., Aleutian Low, Icelandic Low)",,,Medium
cmopjv09a002iz3r07owpd2no,continental-drift-theory-evidence-implications,Continental Drift Theory — Evidence & Implications,GEOGRAPHY,GS1,"Alfred Wegener, Pangaea and Panthalassa, Laurasia and Gondwanaland, Jig-Saw Fit of Continents, Placer Deposits, Distribution of Fossils, Tillite and Glacial Sediments, Rocks of Same Age across Oceans, Polar-fleeing force, Tidal force, Tethys Sea, Seafloor Spreading, Plate Tectonics Theory, Paleoclimatic Evidence, Limitations of Wegener's Theory","Alfred Wegener’s Pangea and Panthalassa concept, Jigsaw fit of Atlantic coastlines, Geological evidence and matching of mountain belts, Fossil evidence and distribution of Mesosaurus and Glossopteris, Paleoclimatic evidence and glacial tillite deposits, Placer deposits and gold distribution, Role of Pole-fleeing force and Tidal force in drift, Post-Wegener developments and Seafloor Spreading theory, Comparison between Continental Drift and Plate Tectonics, Impact on global climate and species distribution, Formation of Himalayas and other folded mountains, Significance of paleomagnetism and polar wandering, Criticism and limitations of Wegener’s hypothesis",,,Medium
cmopjvfrw0084z3r0xq4xyeuv,anti-corruption-machinery-cvc-lokpal-vigilance-commissions,"Anti-Corruption Machinery — CVC, Lokpal, Vigilance Commissions",GOVERNANCE,GS2,"Prevention of Corruption Act 1988, Central Vigilance Commission Act 2003, Lokpal and Lokayuktas Act 2013, Santhanam Committee, Administrative Reforms Commission Reports, Whistle Blowers Protection Act 2014, Delhi Special Police Establishment Act 1946, Right to Information Act 2005, United Nations Convention against Corruption, Prevention of Money Laundering Act 2002, Second ARC Report on Ethics in Governance, Citizen's Charters, Social Audit, Section 17A of PCA, Vineet Narain Case","Evolution of CVC from executive body to statutory authority, Appointment process and composition of Central Vigilance Commission, Jurisdiction of CVC over All India Services and Group A officers, Relationship between CVC and Chief Vigilance Officers (CVOs), Role of CVC in supervising Central Bureau of Investigation (CBI), Institutional framework and powers of Lokpal under the 2013 Act, Appointment committee and search committee for Lokpal members, Comparison between Lokpal and CVC jurisdictions, Investigative powers of Lokpal and its wing for preliminary inquiry, Challenges and limitations of advisory nature of CVC recommendations, Impact of Vineet Narain judgment on CVC's independence, Functional relationship between CVC and Lokpal in corruption cases, Provisions for whistleblower protection and the role of CVC, Analysis of the Santhanam Committee recommendations on prevention of corruption, Accountability mechanisms for anti-corruption bodies to the Parliament",,,High
cmopjvbdy006cz3r0dw9mqx3c,policy-design-effective-implementation-framework-challenges,Policy Design & Effective Implementation — Framework & Challenges,GOVERNANCE,GS2,"NITI Aayog, Cooperative Federalism, Bottom-up Approach, Evidence-Based Policy Making, Social Audit, 73rd and 74th Constitutional Amendment Acts, Shanta Kumar Committee, Monitoring and Evaluation (M&E) Framework, Citizen Participation, Output-Outcome Monitoring Framework, Digital India, Direct Benefit Transfer (DBT), Capacity Building, Bureaucratic Inertia, Stakeholder Consultation","Stages of the policy cycle and their interdependencies, Evidence-based policymaking and role of big data, Top-down versus bottom-up implementation models, Bureaucratic discretion and its impact on policy outcomes, Role of institutional design in minimizing implementation gaps, Inter-departmental coordination and silo-based challenges, Stakeholder engagement and public participation in design, Mechanisms for monitoring and process evaluation, Impact of political economy and interest groups on policy, Resource mobilization and budgetary constraints in implementation, Use of ICT and e-governance for transparency in delivery, Analysis of policy failures and the ""implementation gap"", Role of social audit and community-based monitoring, Capacity building of administrative agencies for effective execution",,,High
cmopjvbdx0066z3r0ckwub5or,monitoring-evaluation-of-government-schemes,Monitoring & Evaluation of Government Schemes,GOVERNANCE,GS2,"Development Monitoring and Evaluation Office (DMEO), Social Audit, Direct Benefit Transfer (DBT), JAM Trinity, Performance Audit by CAG, Outcome Budgeting, Shanta Kumar Committee, Public Financial Management System (PFMS), Citizen's Charter, Right to Information (RTI) Act 2005, NITI Aayog, Third-Party Evaluation, Inclusion and Exclusion Errors, Management Information System (MIS) Dashboards, E-Governance and PRAGATI platform","Role of Development Monitoring and Evaluation Office (DMEO), Output-Outcome Monitoring Framework (OOMF), Data Governance Quality Index (DGQI), Results-Based Management (RBM), Logical Framework Approach in project design, Social Audit mechanisms and community participation, Role of NITI Aayog in performance tracking, Impact evaluation methodologies (Experimental vs Quasi-experimental), Management Information Systems (MIS) and real-time monitoring, Challenges of data reliability and leakage in scheme implementation, Third-party evaluations and independent audits, Use of GIS and remote sensing in infrastructure monitoring, Performance-linked fund release mechanisms, Public Financial Management System (PFMS) for tracking expenditures",,,Medium
cmopjvdzr0076z3r0oywgcwgy,civil-services-reforms-lateral-entry-capacity-building-accountability,"Civil Services Reforms — Lateral Entry, Capacity Building & Accountability",GOVERNANCE,GS2,"Mission Karmayogi, Lateral Entry, 2nd Administrative Reforms Commission, Article 309, Article 310, Article 311, Article 312, Hota Committee, Basawan Committee, 360-Degree Appraisal Mechanism, Right to Information Act, Citizen's Charters, Prevention of Corruption Act 1988, Lokpal and Lokayuktas Act, iGOT-Karmayogi Platform, Civil Services Board","Mission Karmayogi and National Programme for Civil Services Capacity Building, Lateral entry at Joint Secretary and Director levels, 360-degree appraisal mechanism and SPARROW system, Recommendations of the 2nd Administrative Reforms Commission on civil services, Fixed tenure for civil servants and the T.S.R. Subramanian judgment, Transition from rules-based to roles-based training (FRACs framework), Generalist vs. Specialist debate in Indian administration, Performance-linked promotions and compulsory retirement for inefficiency, Ethical frameworks and Code of Ethics for civil servants, Role of the Civil Services Board in transfers and postings, Digital governance and iGOT-Karmayogi platform, Accountability through Citizen's Charters and Social Audits, Impact of lateral entry on cadre morale and institutional memory, Capacity building in data analytics and emerging technologies",,,High
cmopjvevo007hz3r0gn3xmhid,whistleblowers-protection-legal-framework-cases,Whistleblowers Protection — Legal Framework & Cases,GOVERNANCE,GS2,"Whistle Blowers Protection Act 2014, Satyendra Dubey Case, Shanmugam Manjunath Case, 2nd Administrative Reforms Commission, UN Convention Against Corruption, Official Secrets Act 1923, Right to Information Act 2005, Public Interest Disclosure and Protection of Informers Resolution, SEBI (LODR) Regulations, Companies Act 2013, Law Commission 179th Report, Whistle Blowers Protection (Amendment) Bill 2015, Corporate Governance, Internal vs External Whistleblowing","Evolution of whistleblower protection in India from Law Commission reports to 2014 Act, Provisions of the Whistleblowers Protection Act 2014 and reason for non-notification, Public Interest Disclosure and Protection of Informers (PIDPI) Resolution 2004, Role of Central Vigilance Commission (CVC) as a designated authority, Satyendra Dubey case and its impact on judicial activism, Comparison of public sector vs private sector whistleblowing under Companies Act 2013, Safeguards against victimization and harassment of complainants, Mechanisms for maintaining anonymity and confidentiality of whistleblowers, Penalties for unauthorized disclosure of whistleblower identity, Provisions for punishment against frivolous or false complaints, Second Administrative Reforms Commission (ARC) recommendations on whistleblowing, Global best practices and the UN Convention against Corruption (UNCAC) framework, Conflict between national security and the right to disclose wrongdoing, Role of the Audit Committee and Independent Directors in corporate whistleblowing mechanisms",,,Medium
cmopjvfrv0081z3r0bcel62nm,e-governance-models-applications-successes-limitations,"E-Governance — Models, Applications, Successes & Limitations",GOVERNANCE,GS2,"National e-Governance Plan (NeGP), e-Kranti (NeGP 2.0), Digital India, 2nd Administrative Reforms Commission (11th Report), G2C G2B G2G and G2E Models, Information Technology Act 2000, SMART Governance, Mission Mode Projects (MMPs), Common Service Centres (CSCs), UMANG App, PRAGATI, DigiLocker, MyGov platform, Digital Divide, Government Process Re-engineering (GPR)","G2C G2G G2B and G2E interaction models, National e-Governance Plan and Mission Mode Projects, e-Kranti (NeGP 2.0) objectives and thrust areas, Digital India pillars and its impact on service delivery, Role of Common Service Centres in rural digital inclusion, Success stories of MCA21 and e-Procurement systems, Impact of Aadhaar-enabled Unified Payment Interface on financial inclusion, Challenges of digital divide and linguistic barriers in e-governance, Issues of data privacy and cybersecurity in government databases, Effectiveness of Umang and DigiLocker in citizen empowerment, Role of e-NAM in transforming agricultural marketing, Implementation and limitations of Direct Benefit Transfer via JAM trinity, Participatory governance through MyGov and open data initiatives, Administrative reforms and government process re-engineering for digitization",,,High
cmopjvdzp0070z3r0rhr7vls7,schemes-for-minorities-welfare,Schemes for Minorities Welfare,GOVERNANCE,GS2,"Prime Minister's New 15-Point Programme for Minorities, Pradhan Mantri Jan Vikas Karyakram, Article 29, Article 30, National Commission for Minorities Act 1992, Sachar Committee Report, Nai Manzil, USTTAD Scheme, Seekho aur Kamao, Jiyo Parsi, Nai Udaan, Naya Savera, Maulana Azad National Fellowship, PM-Vikas, Begum Hazrat Mahal National Scholarship, National Minorities Development and Finance Corporation","Constitutional provisions for religious and linguistic minorities (Articles 29 and 30), Prime Minister’s New 15-Point Programme for the Welfare of Minorities, Pradhan Mantri Jan Vikas Karyakram (PMJVK) for area development, Nai Udaan scheme for UPSC and State PSC aspirants, Seekho Aur Kamao (Learn and Earn) skill development initiative, USTTAD scheme for traditional arts and crafts, Nai Roshni leadership development program for minority women, Jiyo Parsi scheme for population stabilization, Hamari Dharohar scheme for cultural heritage preservation, Maulana Azad National Fellowship (MANF) for research scholars, Pre-Matric and Post-Matric scholarship schemes under DBT mode, Padho Pardesh interest subsidy for overseas studies, Role of National Minorities Development and Finance Corporation (NMDFC) in concessional credit, Challenges in implementation of minority welfare schemes and inclusion/exclusion errors",,,Medium
cmopjvfrv0082z3r0jtqo6bu1,higher-education-reforms-ugc-nep-2020-autonomy,"Higher Education Reforms — UGC, NEP 2020 & Autonomy",GOVERNANCE,GS2,"National Education Policy 2020, University Grants Commission, Academic Bank of Credits, Multiple Entry and Exit System, National Higher Education Regulatory Council, Higher Education Commission of India, National Accreditation Council, General Education Council, Higher Education Grants Council, Graded Autonomy, National Research Foundation, Multidisciplinary Education and Research Universities, Gross Enrolment Ratio, National Credit Framework, Swayam, Institutions of Eminence Scheme","National Education Policy 2020 and Higher Education Vision, Higher Education Commission of India (HECI) and its four verticals, University Grants Commission (UGC) role and reforms, Academic Bank of Credits (ABC) and student mobility, Multiple Entry and Exit System (MEES) in degree programs, National Research Foundation (NRF) and research funding, Multidisciplinary Education and Research Universities (MERUs), Graded autonomy and phasing out of the college affiliation system, Internationalization of higher education and foreign university campuses in India, National Educational Technology Forum (NETF) for digital integration, Gross Enrolment Ratio (GER) targets and SEDG inclusivity, National Higher Education Qualifications Framework (NHEQF), Vocational education integration in higher studies, Institutional Development Plans (IDP) and governance autonomy",,,High
cmopjvevl007fz3r0vd00ocvs,mgnrega-design-impact-implementation-issues,"MGNREGA — Design, Impact & Implementation Issues",GOVERNANCE,GS2,"Right to Work, Mahatma Gandhi National Rural Employment Guarantee Act 2005, Article 21, Article 41, Panchayati Raj Institutions, Social Audit (Section 17), Gram Sabha, Minimum Wages Act 1948, GeoNREGA, Aadhaar-Based Payment System (ABPS), National Mobile Monitoring System (NMMS), Shanta Kumar Committee, Decentralized Planning, Demand-Driven Wage Employment, Unemployment Allowance","Legal entitlement to 100 days of work and unemployment allowance, Rights-based approach vs welfare-based approach, Role of Gram Sabhas in decentralized planning and social audits, Impact on rural wage rates and distress migration, Empowerment of women and marginalized communities through inclusive participation, Challenges of wage payment delays and the Aadhaar-Based Payment System, Performance of durable community and individual asset creation, Funding patterns and central-state financial sharing issues, Technological interventions like Geo-NREGA and National Mobile Monitoring System, Convergence with other schemes like PMGSY and Mission Amrit Sarovar, Analysis of budgetary allocations and demand-driven nature, Project UNNATI for skill development of workers, Effectiveness of grievance redressal mechanisms and the Ombudsperson, Impact on groundwater levels and agricultural productivity via water conservation works",,,High
cmopjvbk0006ez3r00sz1uh0u,csr-corporate-social-responsibility-framework-issues,CSR — Corporate Social Responsibility Framework & Issues,GOVERNANCE,GS2,"Section 135 of Companies Act 2013, Schedule VII of Companies Act, Companies (Corporate Social Responsibility Policy) Rules 2014, 2% CSR Mandate, CSR Committee Composition, Business Responsibility and Sustainability Report, Impact Assessment Guidelines, National CSR Portal, High Level Committee on CSR (Injeti Srinivas Committee), Decriminalization of CSR Non-compliance, CSR-1 Registration, Stakeholder Capitalism vs Shareholder Capitalism, Unspent CSR Account, Social Audit, Corporate Governance Reforms","Section 135 of the Companies Act 2013, Eligibility criteria for mandatory CSR spending, Schedule VII of the Companies Act, Role and composition of CSR Committees, 2% average net profit spending rule, Impact of CSR on Article 51A(g) and environmental duties, Geographical imbalance in CSR fund distribution, Sectoral concentration in education and healthcare, Compliance vs. transformative impact in corporate social investment, Monitoring and evaluation of CSR projects, ESG (Environmental Social and Governance) integration, Role of Ministry of Corporate Affairs in CSR oversight, Corporate Social Responsibility Policy Rules 2014, Impact assessment requirements for large projects, Tax treatment of CSR expenditure, International models of CSR (South Africa and Indonesia) vs India, Polluter Pays Principle in corporate environmental responsibility",,,Medium
cmopjvew2007qz3r0qka5cjvl,health-infrastructure-in-india-public-vs-private,Health Infrastructure in India — Public vs Private,GOVERNANCE,GS2,"National Health Policy 2017, Ayushman Bharat PM-JAY, PM-ABHIM, Article 21, Article 47, Universal Health Coverage, Out-of-Pocket Expenditure, Public-Private Partnerships, National Health Mission, Bhore Committee, Clinical Establishments Act 2010, Sustainable Development Goal 3, Pradhan Mantri Swasthya Suraksha Yojana, Indian Public Health Standards","Three-tier structure of public healthcare (PHC, CHC, and District Hospitals), Rural-urban disparity in healthcare accessibility and infrastructure, Out-of-pocket expenditure and its impact on poverty, Role and regulation of the private healthcare sector in India, Public-private partnership (PPP) models in healthcare delivery, National Health Policy 2017 targets and implementation, Ayushman Bharat - PMJAY and Health and Wellness Centres, PM Ayushman Bharat Health Infrastructure Mission (PM-ABHIM), Doctor-to-population ratio and shortage of specialized medical personnel, Inter-state disparities in health outcomes and infrastructure, Digital health interventions and Ayushman Bharat Digital Mission, Quality of care and accreditation standards (NABH/IPHS), Medical education reforms and the role of National Medical Commission, Universal Health Coverage (UHC) challenges and way forward",,,High
cmopjvfrx008bz3r0i2a8yie3,skill-development-national-skill-development-mission-pmkvy,Skill Development — National Skill Development Mission & PMKVY,GOVERNANCE,GS2,"Skill India Mission, National Skill Development Corporation (NSDC), National Skill Qualification Framework (NSQF), Recognition of Prior Learning (RPL), Sector Skill Councils (SSC), Sharda Prasad Committee, SANKALP, STRIVE, Pradhan Mantri Kaushal Kendras (PMKK), National Apprenticeship Promotion Scheme (NAPS), National Policy on Skill Development and Entrepreneurship 2015, Skill India Digital Hub (SIDH), National Council for Vocational Education and Training (NCVET)","Evolution from PMKVY 1.0 to 4.0 and key changes, Seven core sub-missions of the National Skill Development Mission, Institutional structure of MSDE and National Skill Development Corporation (NSDC), Role of Sector Skill Councils (SSCs) and Training Partners (TPs), Implementation of National Skills Qualification Framework (NSQF), Recognition of Prior Learning (RPL) component and certification, Demand-supply mismatch and skill gap analysis in the Indian economy, Integration of vocational training with National Education Policy 2020, Industry 4.0 technologies including AI and Robotics in skilling, Challenges of placement and post-training tracking of candidates, Formalization of the informal workforce through skill certification, Role of Kaushal and Rozgar Melas in employment linkage, Funding models and Direct Benefit Transfer (DBT) in skill development, Impact of the Skill India Mission on India's demographic dividend",,,High
cmopjvdzq0073z3r0t3edd2p1,food-security-nfsa-pds-reforms-dbt-in-food,"Food Security — NFSA, PDS Reforms & DBT in Food",GOVERNANCE,GS2,"National Food Security Act 2013, Targeted Public Distribution System, Shanta Kumar Committee, Article 21, Direct Benefit Transfer, One Nation One Ration Card, Fair Price Shops, Food Corporation of India, Antyodaya Anna Yojana, PM Garib Kalyan Anna Yojana, Integrated Child Development Services, Mid-Day Meal Scheme, PM Matru Vandana Yojana, Buffer Stock Norms, Inclusion and Exclusion Errors, End-to-End Computerization of PDS Operations","Evolution from welfare to rights-based approach under NFSA 2013, Legal entitlements of priority households and Antyodaya Anna Yojana, Nutritional support for pregnant women and lactating mothers, Role of Food Corporation of India in procurement and storage, Impact of One Nation One Ration Card on migrant food security, Challenges of inclusion and exclusion errors in beneficiary identification, Shanta Kumar Committee recommendations on PDS restructuring, Effectiveness of Direct Benefit Transfer in food subsidies, SMART-PDS and technological reforms for transparency, Role of State Food Commissions and grievance redressal mechanisms, Linkage between Article 21 and the right to food, Integration of ICDS and Mid-Day Meal Scheme under the NFSA framework, Impact of PDS leakages and diversion to the open market, Use of Aadhaar seeding and biometrics in Fair Price Shop automation",,,High
cmopjvbk0006dz3r03txfh3tf,development-vs-growth-human-development-index-amartya-sen-framework,Development vs Growth — Human Development Index & Amartya Sen Framework,GOVERNANCE,GS2,"Capability Approach, Human Development Index (HDI), Inequality-adjusted HDI (IHDI), Multidimensional Poverty Index (MPI), Gender Development Index (GDI), Gender Inequality Index (GII), Planetary Pressures-Adjusted HDI (PHDI), Millennium Development Goals (MDGs), Sustainable Development Goals (SDGs), Functionings and Capabilities, Right to Education (Article 21A), Directive Principles of State Policy (Article 38 and 39), Human Development Report (UNDP), Welfare Economics, Social Justice and Equity, Empowerment and Agency, Amartya Sen’s Development as Freedom, Mahbub ul Haq’s Human Development paradigm","Difference between economic growth and economic development, Conceptual foundations of Amartya Sen's Capability Approach, Functionings versus Capabilities in human welfare, Components and calculation methodology of the Human Development Index, Evolution of HDI from 1990 to 2010 including methodology changes, Inequality-adjusted Human Development Index (IHDI) and its significance, Multi-dimensional Poverty Index (MPI) as a measure of deprivation, Gender Development Index (GDI) and Gender Inequality Index (GII), Limitations of GDP as a sole indicator of progress, Role of Mahbub ul Haq in the creation of Human Development Reports, Impact of health and education on long-term economic productivity, Relationship between Human Development and Sustainable Development Goals (SDGs), Critical analysis of India's performance in global human development rankings, Policy implications of the capability approach for governance and social justice",,,High
cmopjvbk2006hz3r0e455n0cz,schemes-for-scst-welfare-constitutional-legislative-framework,Schemes for SC/ST Welfare — Constitutional & Legislative Framework,GOVERNANCE,GS2,"Article 15(4), Article 16(4), Article 17, Article 46, Article 338, Article 338A, Article 341, Article 342, Protection of Civil Rights Act 1955, Scheduled Castes and the Scheduled Tribes (Prevention of Atrocities) Act 1989, SC/ST Amendment Act 2015, National Commission for Scheduled Castes, National Commission for Scheduled Tribes, Article 330, Article 332, Fifth and Sixth Schedules, Stand Up India Scheme, PM-AJAY, National Safai Karamcharis Finance and Development Corporation","SC and ST Prevention of Atrocities Act 1989 and 2015 Amendments, Article 17 and the Abolition of Untouchability, Article 46 and the Promotion of Educational and Economic Interests, Role and Powers of National Commission for Scheduled Castes (Article 338), Role and Powers of National Commission for Scheduled Tribes (Article 338A), Fifth and Sixth Schedules of the Constitution, Provisions of the PESA Act 1996, Scheduled Tribes and Other Traditional Forest Dwellers (Recognition of Forest Rights) Act 2006, Reservation in Public Employment (Article 16(4) and 16(4A)), Reservation in Educational Institutions (Article 15(4)), Special Central Assistance to Scheduled Castes Sub Plan (SCA to SCSP), Pradhan Mantri Anusuchit Jaati Abhyuday Yojana (PM-AJAY), Pre-Matric and Post-Matric Scholarship Schemes for SC/ST students, Venture Capital Fund for Scheduled Castes, Stand-Up India Scheme for SC/ST entrepreneurs",,,High
cmopjvbdv0065z3r0mau7c5c1,direct-benefit-transfer-dbt-design-success-gaps,"Direct Benefit Transfer (DBT) — Design, Success & Gaps",GOVERNANCE,GS2,"JAM Trinity, Aadhaar Act 2016, PM Jan Dhan Yojana, Public Financial Management System, National Payments Corporation of India, Aadhaar Payment Bridge System, Business Correspondent Model, PAHAL Scheme, PM-KISAN, MGNREGA, Exclusion and Inclusion Errors, Shanta Kumar Committee, Digital India Mission, Financial Inclusion, Direct Benefit Transfer Mission, Rule of Law and Welfare State, Section 7 of Aadhaar Act","Evolution of DBT from Central Plan Scheme Monitoring System (CPSMS), Role of JAM Trinity (Jan Dhan-Aadhaar-Mobile) in welfare delivery, Beneficiary Account Validation System and Aadhaar Payment Bridge (APB), Success of PAHAL (DBTL) in LPG subsidy rationalization, Impact of DBT on MGNREGS wage payments and leakages, Challenges of exclusion errors and mandatory e-KYC norms, Digital divide and connectivity issues for Banking Correspondents in rural areas, Efficiency gains and cumulative fiscal savings across central schemes, Issues of transaction failures and non-standardized payment systems, Role of Public Financial Management System (PFMS) in fund routing, Choice-based DBT (cash vs. in-kind) in the Public Distribution System (PDS), Last-mile delivery challenges and the role of Common Service Centres (CSCs), Accountability through the DBT Bharat Portal and state-level implementation gaps, Impact of DBT on financial inclusion and social mobility for marginalized groups",,,High
cmopjvbdr0062z3r00axkt2k3,outcome-budgeting-zero-base-budgeting,Outcome Budgeting & Zero-Base Budgeting,GOVERNANCE,GS2,"Performance Budgeting, Programming Budgeting System, Peter Phyrr, Sunset Legislation, Output-Outcome Framework, Results-Based Management, Public Financial Management System, 2nd Administrative Reforms Commission, Rule of Lapse, Gender Budgeting, Green Budgeting, Social Audit, NITI Aayog Monitoring and Evaluation Office, Department of Expenditure, Fiscal Responsibility and Budget Management Act 2003","Evolution of Outcome Budgeting in India, Differences between Output and Outcome, Framework of Zero-Base Budgeting (ZBB), Peter Pyhrr’s 1969 ZBB Model, Decision Packages and Ranking Process in ZBB, Role of NITI Aayog in Outcome Monitoring, Evaluation of the Performance Budgeting and Outcome Budgeting Linkage, Challenges in Quantifying Social Outcomes, Impact of ZBB on Reducing Fiscal Deficit, Strategic Reallocation of Resources through ZBB, Limitations of Incremental Budgeting vs. ZBB, Monitoring and Evaluation (M&E) Frameworks for Government Schemes, Application of ZBB in Public Sector Undertakings (PSUs), Integration of Outcome Budget with Sustainable Development Goals (SDGs)",,,Medium
cmopjvbdx006bz3r0ibzykdgg,self-help-groups-microfinance-rural-development,Self Help Groups — Microfinance & Rural Development,GOVERNANCE,GS2,"Deendayal Antyodaya Yojana-National Rural Livelihoods Mission (DAY-NRLM), SHG-Bank Linkage Programme (SBLP), NABARD, Microfinance Institutions (MFIs), Priority Sector Lending, Panchasutras, Lakhpati Didi Scheme, Kudumbashree Model, SHG-Business Correspondent (Bank Sakhi) Model, Interest Subvention Scheme, Community Investment Fund, Revolving Fund, Social Capital and Women Empowerment, Financial Inclusion, SHG Federations (VOs and CLFs)","Evolution of SHGs and the SHG-Bank Linkage Programme (SBLP), Role of NABARD in promoting microfinance, Impact of Deendayal Antyodaya Yojana-National Rural Livelihoods Mission (DAY-NRLM), SHGs as catalysts for women's social and political empowerment, Challenges of low financial literacy and digital divide in rural groups, Problems of over-indebtedness and multiple lending, Role of SHGs in poverty alleviation and inclusive growth, Structural barriers including patriarchal norms and caste-based exclusion, Performance of SHG federations and Community Managed Resource Centres (CMRC), Integration of SHGs with Farmer Producer Organisations (FPOs), Role of SHGs in delivering public services like PDS and mid-day meals, Case studies such as Kudumbashree (Kerala) and MAVIM (Maharashtra), The 'Lakhpati Didi' scheme and rural entrepreneurship, Impact of micro-credit on reducing dependence on informal moneylenders",,,High
cmopjvdzr0075z3r0d7pl6inw,disability-welfare-rights-of-persons-with-disabilities-act,Disability Welfare — Rights of Persons with Disabilities Act,GOVERNANCE,GS2,"Rights of Persons with Disabilities Act 2016, UN Convention on the Rights of Persons with Disabilities (UNCRPD), Accessible India Campaign (Sugamya Bharat Abhiyan), Unique Disability ID (UDID) Project, Article 41, Article 14, Article 15, Article 21, National Trust Act 1999, Rehabilitation Council of India Act 1992, Chief Commissioner for Persons with Disabilities, State Commissioner for Persons with Disabilities, Divyangjan Swavalamban Yojana, Scheme for Implementation of the Rights of Persons with Disabilities Act (SIPDA), ADIP Scheme, National Policy for Persons with Disabilities 2006, 21 Specified Disabilities, Reservation in Education and Employment, Reasonable Accommodation, Inclusive Education","Salient features of RPwD Act 2016 vs PwD Act 1995, Definition of benchmark disability and high support needs, Rights and entitlements of disabled women and children, Reservation in government employment and higher education institutions, Inclusive education and vocational training mandates, Universal accessibility standards for public infrastructure and transport, Role and functions of the Chief Commissioner for Persons with Disabilities, Unique Disability ID (UDID) project implementation, Legal capacity and limited guardianship provisions, Redressal mechanisms and penalties for offenses against PwDs, Impact of the Accessible India Campaign (Sugamya Bharat Abhiyan), Role of National Trust for Autism and Cerebral Palsy, Social security and health insurance for persons with disabilities, Integration of ICT accessibility and GIGW 3.0 guidelines",,,High
cmopjvfrx0089z3r0jyglnxxb,health-indicators-imr-mmr-life-expectancy-comparisons,"Health Indicators — IMR, MMR, Life Expectancy & Comparisons",GOVERNANCE,GS2,"Infant Mortality Rate (IMR), Maternal Mortality Ratio (MMR), Life Expectancy at Birth, Sustainable Development Goal 3, National Health Mission (NHM), Janani Suraksha Yojana (JSY), Janani Shishu Suraksha Karyakram (JSSK), Ayushman Bharat - PMJAY, Sample Registration System (SRS), National Family Health Survey (NFHS), Registrar General of India, Neonatal Mortality Rate (NMR), Under-5 Mortality Rate (U5MR), Empowered Action Group (EAG) States, Mission Indradhanush, Shishu Suraksha Bhawan, Article 47, Public Health Expenditure (National Health Policy 2017)","Trends in Infant Mortality Rate and Neonatal Mortality Rate in India, Causes of maternal mortality including obstetric hemorrhage and hypertensive disorders, Socio-economic determinants of child survival such as maternal education and wealth quintiles, Impact of birth spacing and maternal age on infant survival, Regional disparities in health outcomes between empowered action group and southern states, India's progress toward Sustainable Development Goal 3 targets for MMR and U5MR, Role of Sample Registration System and National Family Health Survey in health data, Impact of institutional deliveries and skilled birth attendance on MMR, Nutritional indicators including stunting wasting and anemia prevalence, Comparison of India's health indicators with global averages and OECD countries, Evaluation of National Health Policy targets for mortality reduction, Impact of sanitation and clean water access on infant health, Effectiveness of immunization programs and antenatal care visits, Life expectancy trends and demographic transition in India",,,High
cmopjvdzp0071z3r0sg6tk34l,old-age-welfare-pension-schemes-senior-citizen-issues,Old Age Welfare — Pension Schemes & Senior Citizen Issues,GOVERNANCE,GS2,"Article 41, Maintenance and Welfare of Parents and Senior Citizens Act 2007, National Policy on Older Persons 1999, Atal Vayo Abhyudaya Yojana, Rashtriya Vayoshri Yojana, Indira Gandhi National Old Age Pension Scheme, Senior Care Ageing Growth Engine, Silver Economy, Feminization of Ageing, Integrated Programme for Senior Citizens, Elderline, National Programme for Health Care of the Elderly, Old-age Dependency Ratio, Article 46","Demographic transition and feminization of ageing in India, Indira Gandhi National Old Age Pension Scheme (IGNOAPS) implementation gaps, Maintenance and Welfare of Parents and Senior Citizens Act 2007 and 2019 amendments, Atal Vayo Abhyuday Yojana (AVYAY) components, Effectiveness of Rashtriya Vayoshri Yojana in providing assistive devices, Challenges of geriatric healthcare infrastructure and NPHCE, Digital exclusion and literacy among senior citizens, SACRED portal and re-employment opportunities for elderly, Impact of nuclear families and urban migration on elder care, Silver Economy and potential of the ageing population, Social security reforms and universal pension coverage debates, Issues of elder abuse and grievance redressal mechanisms, Role of National Council for Senior Citizens in policy making, Integrated Programme for Senior Citizens (IPSrC) and NGO involvement.",,,Medium
cmopjvdzp006yz3r05g7m6kcp,schemes-for-women-child-welfare,Schemes for Women & Child Welfare,GOVERNANCE,GS2,"Beti Bachao Beti Padhao, Mission Shakti, Mission Vatsalya, POSHAN Abhiyaan, Article 15(3), Pradhan Mantri Matru Vandana Yojana, Integrated Child Development Services, Juvenile Justice Act 2015, POSCO Act, National Commission for Women, One Stop Centres, Janani Suraksha Yojana, Samagra Shiksha Abhiyaan, PM CARES for Children, Gender Budgeting","Mission Shakti and its sub-schemes Sambal and Samarthya, Mission Vatsalya for child protection and welfare, Saksham Anganwadi and POSHAN 2.0, Pradhan Mantri Matru Vandana Yojana (PMMVY), Beti Bachao Beti Padhao (BBBP) and its impact on sex ratio, Sukanya Samriddhi Yojana (SSY) for financial security, PM CARES for Children scheme, Integrated Child Development Services (ICDS) and Anganwadi services, One Stop Centre (OSC) scheme for women in distress, Implementation of Juvenile Justice (Child Care and Protection) Act, Protection of Children from Sexual Offences (POCSO) Act framework, PM POSHAN (formerly Mid-Day Meal) scheme, Nirbhaya Fund and safety initiatives, National Commission for Protection of Child Rights (NCPCR) role, Digital literacy and online safety for women and children",,,High
cmopjvdzt007ez3r0wqb5su3z,vip-culture-privilege-security-reforms,"VIP Culture — Privilege, Security & Reforms",GOVERNANCE,GS2,"Article 14, Article 21, Rule of Law, Red Beacon Ban 2017, Second Administrative Reforms Commission, Sevottam Model, Citizen's Charters, All India Services (Conduct) Rules 1968, Ethical Governance, Trusteeship Theory, Citizen-Centric Administration, Abhay Singh v. Union of India, Seven-Step Model for Citizen Centricity, Transparency and Accountability, Empathy in Governance","Historical and colonial legacy of the 'Mai-Baap' culture, Impact of VIP culture on Article 14 (Equality before Law), Ethical dimensions of privilege vs. public service (Trusteeship), Analysis of the 26th Constitutional Amendment Act 1971, Evaluation of the 2017 Red Beacon (Lal Batti) ban, Security categorization (X, Y, Z, Z+) and threat-based rationalization, Impact of VIP convoys on Right to Life (Article 21) and emergency services, Disparity in access to public infrastructure and religious places, Role of digitalization in reducing discretionary powers and preferential treatment, Comparison of VIP privileges in Indian vs. global democracies, Judicial interventions and the Abhay Singh v. Union of India case, Social impact of status symbols on the citizen-administrator relationship, Administrative reforms to curb bureaucratic sycophancy and elitism, Fiscal cost of state-funded VIP security and perks.",,,Low
cmopjvfrx0087z3r0ne6oa6xv,skill-development-vocational-education,Skill Development & Vocational Education,GOVERNANCE,GS2,"National Skill Development Mission, Pradhan Mantri Kaushal Vikas Yojana, National Education Policy 2020, Skill India Mission, SANKALP, STRIVE, Jan Shikshan Sansthan, National Apprenticeship Promotion Scheme, Craftsman Training Scheme, National Council for Vocational Education and Training, Recognition of Prior Learning, National Skill Qualification Framework, Article 41, Demographic Dividend, Industrial Training Institutes, PM Vishwakarma Yojana","National Policy for Skill Development and Entrepreneurship 2015, National Skill Development Mission institutional framework, Pradhan Mantri Kaushal Vikas Yojana (PMKVY) implementation, Integration of vocational education under National Education Policy 2020, SANKALP and STRIVE projects for institutional strengthening, Role of Sector Skill Councils (SSCs) and National Skill Development Corporation (NSDC), Industrial Training Institutes (ITIs) modernization and apprenticeship reforms, Skills development for marginalized sections and minorities, Bridging the industry-skill gap and employability challenges, Digital skill initiatives and Industry 4.0 training, Global skill mapping and overseas employment opportunities, Recognition of Prior Learning (RPL) framework, Impact of Skill India on demographic dividend and economic growth, Convergence of multi-sectoral skilling initiatives across ministries",,,Medium
cmopjvdzq0074z3r09a5aombo,rti-act-functioning-threats-amendments,"RTI Act — Functioning, Threats & Amendments",GOVERNANCE,GS2,"Right to Information Act 2005, RTI Amendment Act 2019, Central Information Commission, State Information Commission, Section 4 (Proactive Disclosure), Section 8 (Exemptions), Public Authority, Public Information Officer, Digital Personal Data Protection Act 2023, Whistleblowers Protection Act 2014, Article 19(1)(a), Mazdoor Kisan Shakti Sangathan, Shailesh Gandhi Case, Second Administrative Reforms Commission (6th Report), Official Secrets Act 1923","Evolution from Section 19 and 21 of the Constitution, Definition of public authorities under Section 2(h), Suo motu disclosure under Section 4(1)(b), Exemptions under Section 8(1) and Section 24, Role and powers of Central and State Information Commissions, Impact of RTI Amendment Act 2019 on autonomy and service conditions, Conflict between RTI Act and Official Secrets Act 1923, Intersection with Digital Personal Data Protection Act 2023, Challenges of vacancy and pendency in Information Commissions, Protection of whistleblowers and RTI activists from intimidation, Judicial interpretations and major Supreme Court judgments, Use of RTI in exposing major scams and improving PDS, Comparison between RTI and the Right to Privacy, Bureaucratic resistance and culture of secrecy in administration",,,High
cmopjvew2007tz3r09n8t9696,right-to-education-rte-implementation-issues,Right to Education (RTE) — Implementation & Issues,GOVERNANCE,GS2,"Article 21A, 86th Constitutional Amendment Act 2002, Right of Children to Free and Compulsory Education Act 2009, Article 45, Article 39(f), Section 12(1)(c), School Management Committees, Pupil-Teacher Ratio, Continuous and Comprehensive Evaluation, No Detention Policy, Samagra Shiksha Abhiyan, Sarva Shiksha Abhiyan, National Achievement Survey, ASER Report, Unnikrishnan JP vs State of Andhra Pradesh, Right to Education Rules 2010","86th Constitutional Amendment Act and Article 21A, Provisions of Section 12(1)(c) for EWS reservation, Challenges in 25% quota implementation and reimbursement, No-Detention Policy and its impact on learning outcomes, Pupil-Teacher Ratio (PTR) norms and teacher vacancies, Quality of education vs. enrollment rates, Infrastructural gaps in rural vs. urban schools, Impact of RTE on out-of-school children and dropouts, Monitoring role of NCPCR and SCPCRs, Grievance redressal mechanisms for students and parents, Inclusion of Children with Special Needs (CWSN), Challenges of age-appropriate admission and special training, Regulation and recognition of private unaided schools, Financing and budgetary allocations for RTE, Synergy between RTE and Samagra Shiksha Abhiyan",,,High
cmopjvbdx0067z3r0pm9roy5u,ngos-role-accountability-fcra-issues,"NGOs — Role, Accountability & FCRA Issues",GOVERNANCE,GS2,"Foreign Contribution Regulation Act (FCRA), Societies Registration Act 1860, Indian Trusts Act 1882, Article 19(1)(c), Section 8 Companies, 2nd Administrative Reforms Commission (ARC), NGO Darpan Portal, Foreign Contribution Regulation Amendment Act 2020, Social Stock Exchange (SSE), National Policy on Voluntary Sector 2007, FCRA NGO Bank Account (SBI New Delhi Main Branch), Administrative Expense Cap, Prohibition on Grant Transfers, Intelligence Bureau Report on Foreign Funding, Voluntary Organization (VO) Accreditation mechanism","Constitutional basis under Article 19(1)(c) and Article 43, Evolution of civil society in India, Role of NGOs as pressure groups and service providers, Foreign Contribution (Regulation) Act (FCRA) 2010 objectives, Impact of FCRA Amendment Act 2020 on NGO operations, Cap on administrative expenses from foreign funds, Prohibition on sub-granting and re-granting, Mandatory SBI New Delhi account for foreign receipts, Aadhaar as identification for office bearers, NGOs and internal security concerns, Accountability and transparency through NGO-DARPAN portal, Impact of license cancellations on grassroots organizations, Self-regulation vs state-led regulation of NGOs, Role of NGOs in disaster management and humanitarian response, Relationship between NGOs and Corporate Social Responsibility (CSR) funds, Supreme Court's stance on the right to receive foreign funding, Comparison of FCRA with FEMA for foreign fund flow",,,High
cmopjvevo007iz3r0s5eipixp,education-structure-primary-secondary-higher-education,"Education Structure — Primary, Secondary & Higher Education",GOVERNANCE,GS2,"National Education Policy 2020, Right to Education Act 2009, Article 21A, 86th Constitutional Amendment Act, 5+3+3+4 Curricular Structure, Higher Education Commission of India, University Grants Commission, Foundational Literacy and Numeracy, Rashtriya Uchchatar Shiksha Abhiyan, Kothari Commission, National Curriculum Framework, Gross Enrolment Ratio, Vocational Education Integration, Academic Bank of Credits, PARAKH, NIPUN Bharat, Article 51A(k)","Evolution from 10+2 to 5+3+3+4 pedagogical structure, Foundational Literacy and Numeracy (FLN) mission and targets, Integration of Early Childhood Care and Education (ECCE) into formal schooling, Vocational education and internships from Class 6 onwards, Assessment reforms and the role of PARAKH, Multilingualism and the Three-Language Formula in school education, Measures to achieve 100% Gross Enrolment Ratio (GER) in school education by 2030, Restructuring of Higher Education Institutions (HEIs) into research and teaching universities, Academic Bank of Credits (ABC) and multiple entry-exit options in UG programs, Higher Education Commission of India (HECI) and the four vertical regulatory pillars, Phasing out the affiliation system and granting autonomy to colleges, National Professional Standards for Teachers (NPST) and 4-year integrated B.Ed., Internationalization of education and entry of foreign universities in India, Strategies for bridging the digital divide and the National Educational Technology Forum (NETF)",,,High
cmopjvfrw0083z3r0xjrt2lg0,national-health-policy-evolution-current-status,National Health Policy — Evolution & Current Status,GOVERNANCE,GS2,"National Health Policy 2017, Ayushman Bharat PM-JAY, Universal Health Coverage, National Health Mission, Article 21, Article 47, Sustainable Development Goal 3, National Digital Health Mission, PM-Ayushman Bharat Health Infrastructure Mission, National Health Authority, Mudaliar Committee, Bhore Committee, National Health Policy 1983, National Health Policy 2002, 15th Finance Commission recommendations on Health","Objectives and goals of National Health Policy 2017, Shift from sick-care to wellness and preventive healthcare, Universal Health Coverage (UHC) framework and targets, Public health expenditure target of 2.5% of GDP by 2025, Strengthening primary healthcare through Ayushman Arogya Mandirs, Role of National Health Mission (NRHM and NUHM) in rural and urban health, Ayushman Bharat Digital Mission and electronic health records, PM-Ayushman Bharat Health Infrastructure Mission (PM-ABHIM), Mainstreaming of AYUSH systems in public health delivery, Financial protection through Pradhan Mantri Jan Arogya Yojana (PM-JAY), Integration of ASHA workers in community healthcare, Challenges of out-of-pocket expenditure and health-induced poverty, Regulatory framework for drug quality and clinical establishments, Public-private partnerships and strategic purchasing in healthcare, Evolution of health policies from 1983 and 2002 to 2017",,,High
cmopjvdzq0072z3r08j6batax,telemedicine-digital-health-ecosystem,Telemedicine & Digital Health Ecosystem,GOVERNANCE,GS2,"Telemedicine Practice Guidelines 2020, Ayushman Bharat Digital Mission, National Health Policy 2017, Digital Personal Data Protection Act 2023, National Digital Health Blueprint, Ayushman Bharat Health Account, eSanjeevani, National Health Stack, Unified Health Interface, Right to Privacy Article 21, Information Technology Act 2000, Medical Council of India, National Medical Commission Act 2019, Health Data Management Policy, Digital India Mission","Ayushman Bharat Digital Mission (ABDM) and Health IDs, Telemedicine Practice Guidelines 2020, eSanjeevani and eSanjeevaniOPD platforms, National Digital Health Blueprint (NDHB), Hub-and-Spoke model in primary healthcare, Digital divide and rural healthcare accessibility, Data privacy and security in health records, Role of AI and Big Data in personalized medicine, Internet of Medical Things (IoMT) and wearable devices, Electronic Health Records (EHR) interoperability, Ethical challenges of AI and algorithmic bias in diagnostics, National Health Stack by NITI Aayog, Use of Blockchain for secure health data exchange, Impact of digital health on doctor-patient ratio and universal health coverage, Regulatory role of the National Medical Commission (NMC) in online consultations",,,Medium
cmopjvew2007rz3r0poskf73e,social-audit-mgnrega-community-participation,Social Audit — MGNREGA & Community Participation,GOVERNANCE,GS2,"Mahatma Gandhi National Rural Employment Guarantee Act 2005, Section 17 of MGNREGA, MGNREG Audit of Scheme Rules 2011, Social Audit Unit, Gram Sabha, 73rd Constitutional Amendment Act, Comptroller and Auditor General of India, Jan Sunwai, Transparency and Accountability, Right to Information Act 2005, Community Participation, Village Resource Persons, Management Information System, Social Audit Standards, Citizen's Charter","Evolution of social audit from MKSS movement to MGNREGA Section 17, Institutional framework of Social Audit Units (SAU), Role and powers of Gram Sabha in conducting social audits, MGNREGA Audit of Schemes Rules 2011, Procedures for door-to-door verification and muster roll authentication, Social Audit Gram Sabha and Public Hearing (Jan Sunwai) protocols, Role of Village Social Auditors and selection criteria, Mechanisms for grievance redressal and follow-up action on audit findings, Synergy between RTI Act 2005 and social audit processes, Impact on curbing leakages and ghost workers in rural employment, Challenges of administrative interference and lack of independent funding, Best practices from Andhra Pradesh and Rajasthan models, Social audit as a tool for community mobilization and women empowerment, Accountability standards for implementing agencies and field assistants",,,High
cmopjvfrx0088z3r0uozahwxf,citizens-charter-design-implementation-failures,"Citizens Charter — Design, Implementation & Failures",GOVERNANCE,GS2,"Sevottam Model, Second Administrative Reforms Commission (2nd ARC), Department of Administrative Reforms and Public Grievances (DARPG), Right of Citizens for Time Bound Delivery of Goods and Services and Redressal of their Grievances Bill 2011, Right to Information Act 2005, Principles of Service First, Jan Soochana Portal, Public Service Guarantee Acts, Minimum Government and Maximum Governance, Indian Institute of Public Administration (IIPA) Recommendations, Grievance Redressal Mechanism, Quality Management Systems (IS 15700:2005)","Evolution and historical context of Citizens' Charter in the UK and India, Six core principles of the Citizens' Charter movement, Mandatory components of a standard Citizens' Charter document, Sevottam Model: Three modules for excellence in service delivery, Seven Step Model for Citizen Centricity recommended by 2nd ARC, Implementation challenges: Top-down approach and lack of employee training, Evaluation of grievance redressal mechanisms and compensation commitments, Causes of failure: Vague standards and lack of legal enforceability, Role of Department of Administrative Reforms and Public Grievances (DARPG), IS 15700:2005 Quality Management Systems for public service, Impact of linguistic barriers and poor information dissemination on accessibility, Best practices and reforms: Periodic review and stakeholder consultation processes",,,High
cmopjvevo007gz3r0yuhdy05j,hunger-malnutrition-poshan-abhiyaan-sdg-targets,Hunger & Malnutrition — POSHAN Abhiyaan & SDG Targets,GOVERNANCE,GS2,"National Food Security Act 2013, Sustainable Development Goal 2, Poshan Tracker, Hidden Hunger, Global Hunger Index, Integrated Child Development Services, PM Matru Vandana Yojana, Mid-Day Meal Scheme, Stunting and Wasting, Mission Shakti, Saksham Anganwadi and Poshan 2.0, Article 47, Jan Andolan, Anaemia Mukt Bharat, National Nutrition Council","Evolution from POSHAN Abhiyaan to Mission Poshan 2.0, Multi-sectoral convergence and the role of NITI Aayog, Lifecycle approach and the first 1000 days of life, Digital transformation via Poshan Tracker and ICT-enabled monitoring, Saksham Anganwadi initiative for infrastructure modernization, Incremental Learning Approach for frontline worker capacity building, Community mobilization through Jan Andolan and Poshan Maah, Impact of food fortification and leveraging millets under Poshan 2.0, Comparative analysis of NFHS-4 and NFHS-5 nutrition indicators, Challenges of fiscal underutilization in nutrition schemes, Criticism of Global Hunger Index methodology in the Indian context, Role of Integrated Child Development Services and PM-POSHAN under NFSA, Targeted interventions for Severe Acute Malnutrition and Hidden Hunger, Alignment with SDG 2 (Zero Hunger) and Human Capital Index targets",,,High
cmopjvdzp006zz3r04kzlgcyk,schemes-for-obc-welfare,Schemes for OBC Welfare,GOVERNANCE,GS2,"Article 340, Article 338B, 102nd Constitutional Amendment Act, National Commission for Backward Classes (NCBC), Mandal Commission, Kaka Kalelkar Commission, Indra Sawhney Case (Creamy Layer), PM-YASASVI, SHREYAS Scheme, National Fellowship for OBC Students, Pre-Matric and Post-Matric Scholarships for OBCs, Venture Capital Fund for OBCs, National Backward Classes Finance and Development Corporation (NBCFDC), Rohini Commission (Sub-categorization of OBCs)","National Commission for Backward Classes (NCBC) constitutional status and functions, PM-YASASVI scheme for educational empowerment, Pre-Matric and Post-Matric Scholarship schemes for OBC students, National Fellowship for OBCs, Dr. Ambedkar Scheme of Interest Subsidy on Educational Loans for Overseas Studies, Performance of the Creamy Layer criteria in reservations, Venture Capital Fund for Backward Classes, National Backward Classes Finance and Development Corporation (NBCFDC) loan schemes, Skill development initiatives under PM-DAKSH for OBC artisans, Implementation and impact of 27% reservation in central educational institutions, Justice Rohini Commission on sub-categorization of OBCs, Reservation for OBCs in Panchayati Raj Institutions and Urban Local Bodies, Constitutional provisions under Article 340 and Article 15(4), Challenges in identification and inclusion of Transgender persons within OBC category, Impact of Caste Census on OBC welfare policy formulation",,,Medium
cmopjvfrx008az3r0fhlbcdop,poverty-measurement-tendulkar-rangarajan-secc-data,"Poverty Measurement — Tendulkar, Rangarajan & SECC Data",GOVERNANCE,GS2,"Tendulkar Committee 2009, Rangarajan Committee 2014, Socio Economic and Caste Census (SECC) 2011, Monthly Per Capita Expenditure (MPCE), Uniform Reference Period (URP), Mixed Reference Period (MRP), Modified Mixed Reference Period (MMRP), Poverty Line Basket (PLB), Alagh Committee 1979, Lakdawala Committee 1993, Multidimensional Poverty Index (MPI), Calorie Norms vs Basic Needs, Headcount Ratio, Expert Group on Poverty Estimation, Planning Commission vs NITI Aayog Task Force","Evolution of poverty lines from Alagh and Lakdawala to Tendulkar and Rangarajan, Methodology of Tendulkar Committee and shift to Mixed Reference Period (MRP), Shift from calorie-based to consumption-based poverty estimation, Components of the Tendulkar Poverty Line Basket (PLB) including health and education, Rangarajan Committee's recommendations on separate rural and urban baskets, Modified Mixed Reference Period (MMRP) and its impact on data accuracy, Socio-Economic and Caste Census (SECC) 2011 criteria for identification of beneficiaries, Comparison between consumption-based poverty and multidimensional deprivation, Use of SECC data in targeting social welfare schemes like Ayushman Bharat, Criticisms of the Rs 32 and Rs 47 daily expenditure thresholds, Impact of public expenditure on social services on poverty estimation, Limitations of the uniform PLB across diverse geographical regions, Role of NITI Aayog in monitoring multidimensional poverty, Significance of official poverty estimates for fiscal devolution and resource allocation",,,High
cmopjvew2007oz3r00vpma0xp,good-governance-features-citizen-centric-administration,"Good Governance — Features, Citizen-Centric Administration",GOVERNANCE,GS2,"2nd Administrative Reforms Commission (ARC), Right to Information Act 2005, Citizens Charters, Sevottam Model, E-Governance, Lokpal and Lokayuktas Act, Social Audit, 73rd and 74th Constitutional Amendment Acts, Rule of Law, Transparency and Accountability, Minimum Government Maximum Governance, Digital India, Mission Karmayogi, Public Records Act 1993","Core principles of good governance (accountability, transparency, responsiveness), 2nd ARC Report on Citizen-Centric Administration, Right to Information (RTI) Act and its implementation, Citizen’s Charters and service delivery standards, E-governance and ICT tools for public service delivery, Centralized Public Grievance Redress and Monitoring System (CPGRAMS), Role of social audits in accountability, Public Service Guarantee Acts in Indian states, Decentralization and delegation of powers to local bodies, Ethical governance and anti-corruption measures, Participation of civil society and NGOs in governance, Impact of New Public Management on administration, Good Governance Index (GGI) and sector-wise performance, Transparency and proactive disclosure under Section 4 of RTI Act, Digital India Mission and its role in governance reforms",,,High
cmopjv3p4003pz3r0qbd41meh,folk-dance-forms-of-india-region-wise,Folk Dance Forms of India — Region-wise,INDIAN CULTURE,GS1,"Sangeet Natak Akademi, UNESCO Representative List of the Intangible Cultural Heritage of Humanity, Article 29 of the Indian Constitution, Zonal Cultural Centres, Scheme for Safeguarding the Intangible Cultural Heritage, Martial Art-based Folk Dances, Tribal Cultural Expressions, Harvest and Agrarian Rituals, Bhakti Movement Influence, Chhau Dance, Kalbelia Folk Arts, Natya Shastra and Desi Traditions","Historical evolution of folk vs classical dance forms, Social and ritualistic significance of tribal dances in Central India, Role of agrarian cycles and harvest festivals in regional dances, Martial traditions and sword-based folk dances of North East and South India, Impact of the Bhakti movement on regional dance narratives, Community-specific dances and the preservation of oral traditions, Transition and revival of 'Dasi Attam' to Bharatanatyam, Regional diversity in mask dances and their symbolic meanings, Socio-economic impact of state patronage on folk artists, Influence of mythological and folk theater on dance-drama traditions, Cultural repository function of folk dances for specific ethnic groups, Differences in Tandava and Lasya aspects within regional folk forms",,,Medium
cmopjv4ec003yz3r0nf3z43bu,musical-instruments-of-india-classification-history,Musical Instruments of India — Classification & History,INDIAN CULTURE,GS1,"Tata Vadya, Sushira Vadya, Avanaddha Vadya, Ghana Vadya, Natya Shastra, Sangita Ratnakara, Hindustani vs Carnatic Instruments, Indo-Persian Musical Influence, Ancient Textual Sources, Harappan Flute and Ravanahatha, Medieval Treatises on Percussion, Gharana Specific Instruments, Bhakti Movement and Devotional Instruments, UNESCO Recognition of Performing Arts, Leading Exponents of Classical Instruments","Fourfold classification of Atodhya Vadya in Natya Shastra, Tata Vadya (Chordophones) and evolution of stringed instruments, Sushira Vadya (Aerophones) and the physics of air columns, Avanaddha Vadya (Membranophones) and classification by drum orientation, Ghana Vadya (Idiophones) and non-tuned resonant instruments, Evolution of instruments from Vedic to medieval periods, Differences between Hindustani and Carnatic musical instruments, Geographical distribution and regional folk instruments of India, Structural components and materials used in traditional instrument making, Musical instruments depicted in temple architecture and ancient sculpture, Role of instruments in rituals and ceremonial contexts, Impact of Persian and foreign influences on Indian musical instruments, Socio-economic and cultural significance of hereditary instrument makers, Integration of musical instruments in classical dance forms and Rasa theory",,,Medium
cmopjv3j3003iz3r0dxsgd4pt,mauryan-architecture-sculpture-ashoka-pillars-stupas,"Mauryan Architecture & Sculpture (Ashoka Pillars, Stupas)",INDIAN CULTURE,GS1,"Court Art and Popular Art, Mauryan Polish, Monolithic Ashokan Pillars, Sarnath Lion Capital, Stupa Architecture, Sanchi Stupa, Barabar Rock-cut Caves, Lomas Rishi Cave, Yaksha and Yakshini Sculptures, Achaemenid versus Mauryan Pillar Comparison, Dhamma Propagation via Edicts, Pataliputra Palace Architecture, Didarganj Yakshini, Terracotta Art of Mauryan Period","Evolution of Mauryan court art vs. popular/folk art, Comparison between Ashokan and Achaemenid (Persian) pillars, Structural components of Ashokan pillars (monolithic shaft, abacus, capital), Significance of Mauryan high polish technique on stone, Anatomical realism in Mauryan animal capitals (Sarnath Lion Capital, Rampurva Bull), Iconographic symbolism of the Wheel of Dhamma (Dharmachakra), Architectural evolution of the Stupa from burial mounds to religious monuments, Structural elements of Sanchi Stupa (Anda, Harmika, Chhatraveli, Medhi), Purpose and symbolism of Toranas (gateways) and Jataka story reliefs, Characteristics of Mauryan rock-cut cave architecture (Barabar and Nagarjuni hills), Architectural features of the Lomas Rishi and Sudama caves, Socio-religious significance of Viharas for the Ajivika and Buddhist sects, Material transition from wood to stone in royal architecture at Pataliputra, Features and archaeological significance of Northern Black Polished Ware (NBPW), Large-scale Mauryan sculptures (Yakshas and Yakshis from Didarganj and Parkham)",,,High
cmopjv1t2002uz3r0jxf9e45p,drama-theatre-sanskrit-folk-modern-indian-theatre,"Drama & Theatre — Sanskrit, Folk & Modern Indian Theatre",INDIAN CULTURE,GS1,"Natyashastra, Bharata Muni, Rasa Theory, Bhasa (Svapnavasavadattam), Kalidasa (Abhijnanashakuntalam), Mricchakatika of Shudraka, Bhavabhuti, Kutiyattam, Yakshagana, Nautanki, Bhavai, Jatra, Ramlila, Tamasha, Parsi Theatre, IPTA (Indian People's Theatre Association), Sangeet Natak Akademi, National School of Drama","Natyashastra and the origins of Indian dramaturgy, Ten types of Rupakas in classical Sanskrit drama, Structure and characteristics of the Sanskrit stage, Contributions of Bhasa and Kalidasa to classical theatre, Distinction between Lokadharmi and Natyadharmi traditions, Ritualistic folk theatre forms like Kutiyattam and Yakshagana, Traditional puppet theatre across different Indian states, Evolution of Parsi theatre and its commercial impact, Influence of Western realism on Modern Indian theatre, Social and political themes in the Indian People's Theatre Association (IPTA) movement, Post-independence experimental theatre and the ""Theatre of Roots"", Role of National School of Drama in promoting contemporary practitioners, Challenges and preservation of dying regional folk theatre forms, Significance of Bharatendu Harishchandra in Hindi theatre development",,,Medium
cmopjv4qa0042z3r0xkru4t8l,indian-pottery-craft-traditions,Indian Pottery & Craft Traditions,INDIAN CULTURE,GS1,"Ochre Coloured Pottery (OCP), Black and Red Ware (BRW), Painted Grey Ware (PGW), Northern Black Polished Ware (NBPW), Harappan Red and Black Pottery, Blue Pottery of Jaipur, Geographical Indications of Goods (Registration and Protection) Act 1999, One District One Product (ODOP) Scheme, Indo-Islamic Glazed Pottery, Terracotta Art and Molela Plaques, Khurja Pottery, Longpi Stone Pottery, National Handicraft Development Programme, GI Tags for Indian Handicrafts","Neolithic handmade and foot-wheel pottery, Chalcolithic Black and Red Ware (BRW) and Ochre Coloured Pottery (OCP), Harappan wheel-made red ware with black painted designs, Significance of perforated and burial pottery in Indus Valley Civilisation, Vedic era Painted Grey Ware (PGW) and its association with iron phase, Northern Black Polished Ware (NBPW) as a hallmark of Second Urbanisation, Elite usage and distribution of NBPW in the Mauryan period, Kushan period Red Polished Ware with stamped and molded designs, Gupta era excellence in Red Ware and figurative terracotta, Transition to glazed pottery under Persian and Islamic influence in the Medieval period, Regional pottery traditions like Blue Pottery of Jaipur and Khurja pottery, Role of pottery in reconstructing socio-economic and religious history, Technical evolution from hand-shaping to universal use of the potter's wheel, Significance of pottery in determining archaeological stratigraphy and cultural sequences",,,Medium
cmopjv4w90045z3r06zpnrcb3,indian-literature-ancient-medieval-modern,"Indian Literature — Ancient, Medieval & Modern",INDIAN CULTURE,GS1,"Vedic Literature, Sangam Literature, Bhakti Movement Literature, Sufi Literature, Classical Sanskrit Drama, Buddhist Pali Canon, Jain Agamas, Eighth Schedule of the Constitution, Sahitya Akademi, Classical Language Status, Persian Literary Influence in Medieval India, Nationalist Literature during the Freedom Struggle, Vernacular Literary Traditions","Vedic literature and the distinction between Shruti and Smriti, Philosophical foundations of the Upanishads (Brahman and Atman), Buddhist Tipitakas and Jataka tales, Jain Agamas and their linguistic medium, Sangam literature and the Akam-Puram classification, Evolution of the Sanskrit epics Ramayana and Mahabharata, Literary contributions of Kalidasa and Bhasa in the Gupta era, Development of Bhakti literature in regional languages (Alvars and Nayanars), Impact of the Sufi movement on Indo-Persian literature, Court literature of the Delhi Sultanate and Mughal Empire (Amir Khusrau and Abul Fazl), Rise of Urdu literature and the role of Mirza Ghalib, 19th-century Bengal Renaissance and the works of Rabindranath Tagore, Progressive Writers Movement and the nationalist theme in modern Indian literature, Evolution of South Indian literature (Vijayanagara and Tanjore schools)",,,High
cmopjv4ec003xz3r0t3jyhjxt,culture-social-change-globalisations-impact-on-indian-culture,Culture & Social Change — Globalisation's Impact on Indian Culture,INDIAN CULTURE,GS1,"Cultural Homogenization, Glocalization, McDonaldization, Hybridization, Cultural Imperialism, Digital Transformation, Impact on Joint Family System, Changes in Food and Fashion, Linguistic Hegemony of English, Impact on Caste Rigidities, Secularization of Rituals, Commodification of Traditions, Women Empowerment, Consumerism, Reverse Brain Drain","Impact on joint family system and rise of nuclear families, Globalization and changing marriage values (divorce and live-in relationships), Homogenization vs. glocalization of Indian culture, Impact on traditional food habits and rise of fast-food culture, Westernization of clothing and disappearance of traditional attire, Globalization's influence on Indian classical arts and music, Impact on regional languages and dominance of English, Changing status of elderly and growth of old age homes, Impact on gender roles and women's workforce participation, Transformation of festivals and their global celebration, Globalization and its impact on tribal livelihoods and land alienation, Influence of global media and social networking on social interactions, Changing value systems from collectivism to individualism, Impact of multinational corporations on traditional crafts and occupations",,,High
cmopjv1t40034z3r06289lsud,cave-architecture-ajanta-ellora-elephanta,"Cave Architecture — Ajanta, Ellora, Elephanta",INDIAN CULTURE,GS1,"Chaitya and Vihara, Hinayana and Mahayana phases, Jataka tales, Fresco-secco technique, Kailasa Temple (monolithic architecture), UNESCO World Heritage Sites, Satavahana and Vakataka patronage, Rashtrakuta and Kalachuri dynasties, Ajanta paintings (Bodhisattva Padmapani), Dashavatara and Ravana shaking Mount Kailash, Trimurti sculpture at Elephanta, Rock-cut architectural evolution, Religious pluralism in Ellora, Archaeological Survey of India (ASI) protection, Deccan school of art","Hinayana and Mahayana phases of Ajanta, Vihara and Chaitya architectural differences, Mural and Fresco Secco techniques in Ajanta, Jataka tales and Bodhisattva Padmapani iconography, Kailashnath Temple (Cave 16) monolithic excavation, Tri-religious nature of Ellora (Buddhist, Hindu, Jain), Trimurti and Maheshmurti sculptures of Elephanta, Satavahana and Vakataka patronage at Ajanta, Rashtrakuta contribution to Ellora, Architectural evolution from Hinayana to Mahayana, Socio-economic life depicted in cave paintings, Comparison between Ajanta and Ellora architectural styles, Significance of UNESCO World Heritage status for Deccan caves",,,High
cmopjv3v9003qz3r0n0o4n8by,post-mauryan-art-gandhara-mathura-amaravati-schools,"Post-Mauryan Art — Gandhara, Mathura, Amaravati Schools",INDIAN CULTURE,GS1,"Gandhara Art, Mathura Art, Amaravati Art, Kushana Dynasty, Satavahana Dynasty, Shunga Art, Stupa Architecture, Rock-cut Architecture, Buddha Iconography, Greco-Roman Influence, Chaityas and Viharas, Narrative Reliefs","Greco-Roman influence on Gandhara sculpture, Use of blue-grey schist and stucco in Gandhara art, Anthropomorphic representation of Buddha in Mathura and Gandhara, Red mottled sandstone in Mathura school, White marble and narrative reliefs in Amaravati art, Patronage of Kushanas and Satavahanas, Comparison of Buddha’s physical features across schools, Iconography of Bodhisattvas like Padmapani and Vajrapani, Jataka tales and narrative storytelling in Amaravati, Religious pluralism in Mathura art (Buddhism, Hinduism, Jainism), Regional ethos and geographical distribution of art centers, Development of stupa architecture at Amaravati and Nagarjunakonda, Differences in drapery and anatomical realism, Impact of maritime trade on Amaravati school’s development, Evolution from symbolic to human representation of Buddha",,,High
cmopjv3va003sz3r0g7m1bdec,indian-paintings-miniature-mughal-rajput-pahari-modern,"Indian Paintings — Miniature, Mughal, Rajput, Pahari, Modern",INDIAN CULTURE,GS1,"Shadanga (Six Limbs of Indian Painting), Miniature Traditions (Pala and Apabhramsa Schools), Mughal School of Art (Akbar and Jahangir periods), Rajput Schools (Mewar, Marwar, Kishangarh, and Bundi-Kota), Pahari Schools (Basohli and Kangra), Deccani Schools (Bijapur and Golconda), Bengal School of Art (Revivalist Movement), Progressive Artists' Group (PAG), Company School of Painting (Patna School), Modern and Contemporary Indian Art, Mural Traditions (Ajanta, Ellora, and Sittannavasal), Folk Art GI Tags (Madhubani, Pattachitra, Kalamkari)","Pala and Jain school palm-leaf manuscript traditions, Evolution of the Mughal atelier under Akbar and Jahangir, Amalgamation of Indo-Persian and European styles in Mughal art, Distinctive features of Mewar and Kishangarh schools of Rajput painting, Symbolic use of colors and motifs in Ragamala paintings, Development of the Basohli and Kangra styles in the Pahari region, Differences between Mughal naturalism and Deccan decorative traditions, Impact of the Bhakti and Sufi movements on painting themes, Transition from manuscript illustrations to portraiture and court scenes, Rise of the Company School during the colonial period, Bengal School of Art and the revival of indigenous techniques, Use of natural pigments and the tempera technique in miniatures, Features of Kalighat paintings and their transition to modernism, Representation of flora and fauna in Jahangiri paintings",,,Medium
cmopjv4qb0043z3r0zht5p6q1,temple-architecture-nagara-dravida-vesara-styles,"Temple Architecture — Nagara, Dravida & Vesara Styles",INDIAN CULTURE,GS1,"Nagara Style, Dravida Style, Vesara Style, Garbhagriha, Shikhara and Vimana, Mandapa, Gopuram, Panchayatana Style, Antarala, Jagati, Amalaka and Kalasha, Hoysala Stellate Plan, UNESCO World Heritage Sites, Shilpa Shastra, Pallava Architecture, Chola Architecture, Chalukya Architecture, Khajuraho School, Odisha School, Solanki School","Garbhagriha and its evolution from Gupta period, Distinction between Shikhara and Vimana, Components of Nagara style: Jagati, Amalaka and Kalash, Dravida features: Gopurams, Mandapas and Temple Tanks, Vesara style as a synthesis of Nagara and Dravida, Regional variations: Odisha (Kalinga), Khajuraho (Chandel), and Solanki schools, Evolution of Pallava rock-cut and structural temples, Chola temple architecture and the Brihadisvara Temple, Hoysala architecture: Star-shaped platforms and lathe-turned pillars, Comparison of decorative elements: Mithunas vs Dvarapalas, Development of Panchayatana style and cruciform plans, Impact of geographical and climatic factors on regional styles",,,High
cmopjv3j3003kz3r0txhy6btj,classical-dance-forms-bharatanatyam-kathak-odissi-manipuri-etc,"Classical Dance Forms — Bharatanatyam, Kathak, Odissi, Manipuri, etc.",INDIAN CULTURE,GS1,"Natya Shastra, Abhinaya Darpana, Nritta, Nritya, Natya, Tandava and Lasya, Navarasa, Devadasi tradition, Sangeet Natak Akademi, Ministry of Culture, Mudras and Karanas, Bhakti movement impact, Ekaharya, Tribhanga and Chowk, Sattriya and Ankiya Nat, Manipuri Sankirtana, Kathakali Aharya, Guru-Shishya Parampara","Natyashastra and Abhinaya Darpana as foundational texts, Distinction between Nritta Nritya and Natya, Tandava and Lasya aspects in classical dance, Evolution of temple dance and the Devadasi tradition, Navarasa and the theory of aesthetic experience, Technical elements of Bharatanatyam including Alarippu and Thillana, Role of Bhakti movement in the evolution of Kathak and Sattriya, Distinctive features of Kathakali makeup and costumes, Use of mudras and facial expressions in storytelling, Impact of regional patronage on dance forms like Kuchipudi and Manipuri, Comparison between Hindustani and Carnatic music accompaniments, Contemporary challenges and the revival movement of classical dances",,,High
cmopjv3cu003ez3r0nxe6m4xk,indus-valley-civilisation-art-culture-architecture,"Indus Valley Civilisation — Art, Culture & Architecture",INDIAN CULTURE,GS1,"Town Planning and Grid System, Citadel and Lower Town, Great Bath of Mohenjo-daro, Granaries and Food Storage, Advanced Drainage and Sanitation Systems, Terracotta Figurines and Mother Goddess, Seals and Pashupati Seal, Lost Wax Technique and Bronze Casting, Steatite and Stone Statues, Harappan Pottery and Motifs, Bead-making Industry and Ornaments, Water Harvesting and Management at Dholavira, Dockyard at Lothal, Burials and Afterlife Beliefs, Decipherment of Harappan Script, Mature Harappan Phase vs Early Harappan Phase","Town planning and grid system, Citadel and Lower Town classification, Advanced drainage and sanitation systems, Use of standardized burnt bricks, Great Bath of Mohenjo-daro and ritualistic significance, Granaries and public infrastructure, Bronze casting techniques and the Dancing Girl statue, Steatite seals and the Pashupati motif, Terracotta figurines and Mother Goddess cult, Bead-making industry and jewelry craftsmanship, Distinctive red and black pottery styles, Stone sculptures including the Bearded Priest, Dockyard at Lothal and maritime architecture, Water management and reservoir system at Dholavira, Burial practices and funerary architecture",,,High
cmopjv1t2002yz3r04rxq885b,religion-indian-philosophy-vedanta-buddhism-jainism-sufism,"Religion & Indian Philosophy — Vedanta, Buddhism, Jainism, Sufism",INDIAN CULTURE,GS1,"Advaita Vedanta, Vishishtadvaita, Dvaita Vedanta, Four Noble Truths, Eightfold Path, Anekantavada, Syadvada, Silsilahs, Pir-Murid tradition, Shramana tradition, Nastika and Astika schools, Atman and Brahman, Nirvana and Moksha, Dhamma, Tripitaka, Jain Agamas","Distinction between Astika and Nastika schools of philosophy, Four Noble Truths and Eightfold Path of Buddhism, Concept of Anekantavada and Syadvada in Jainism, Schools of Vedanta including Advaita and Vishishtadvaita, Silsilas of Sufism and their characteristics, Impact of Bhakti and Sufi movements on syncretic culture, Doctrine of Purusha and Prakriti in Samkhya, Patanjali's Ashtanga Yoga and its stages, Atomism in Vaisheshika philosophy, Logic and epistemology of Nyaya school, Ritualism versus knowledge in Mimamsa and Vedanta, Concept of Nirvana and Moksha across different traditions, Contributions of Shankaracharya and Ramanujacharya to Indian thought, Influence of religious philosophies on Indian art and architecture, Role of Buddhist Councils in the spread of Dhamma",,,High
cmopjv486003vz3r0xci2kuvi,classical-music-hindustani-carnatic-traditions,Classical Music — Hindustani & Carnatic Traditions,INDIAN CULTURE,GS1,"Natyashastra, Sangeeta Ratnakara, Raga and Tala system, Hindustani Gharana system, Dhrupad and Khayal, Carnatic Trinity, Melakarta and Thaat classification, Persian and Arab influences in Hindustani music, Guru-Shishya Parampara, Samaveda, Purandara Dasa, Tansen, Thumri and Ghazal, Musical instruments classification (Atodya)","Evolution of Dhrupad and Khayal styles, Comparison of Thaat and Melakarta systems, Structural differences between Kriti and Bandish, Role of Persian and Islamic influences on Hindustani music, Distinctive features of various Hindustani Gharanas, Significance of the Trinity of Carnatic music, Rhythmic complexity of Suladi Sapta Tala system, Differences in voice production and ornamentation (Gamakas), Classification of instruments in Hindustani and Carnatic ensembles, Impact of the Bhakti movement on Carnatic traditions, Concepts of Raga Alapana vs Hindustani Alap, Historical significance of texts like Natya Shastra and Sangeeta-Ratnakara, Role of royal patronage versus temple traditions in musical evolution",,,Medium
cmopjv1t40035z3r029cbdcvg,puppet-forms-of-india,Puppet Forms of India,INDIAN CULTURE,GS1,"Kathputli, Kundhei, Gombeyatta, Bommalattam, Togalu Gombeyatta, Tholu Bommalata, Ravanachhaya, Pavakoothu, Putul Nach, Yampuri, UNESCO Intangible Cultural Heritage, Sutradhar, Yakshagana, Kathakali, Jatra, Ramayana and Mahabharata Epics, Puranas, Traditional Folk Art, Intangible Cultural Heritage of India, National Museum's Puppetry Collection","Historical references in Silappadikaram and Mahabharata, Philosophical symbolism of Sutradhara and the puppeteer in ancient texts, String Puppets of Rajasthan (Kathputli) and their features, Kundhei string puppetry of Odisha and Jatra influence, Gombeyatta string puppets of Karnataka and Yakshagana style, Bommalattam of Tamil Nadu as a blend of rod and string techniques, Tholu Bommalata shadow puppetry of Andhra Pradesh, Ravanachhaya shadow puppets of Odisha and their opaque shadows, Putul Nautch rod puppetry of West Bengal and its Jatra theatre connection, Yampuri rod puppets of Bihar and themes of morality, Pavakoothu glove puppets of Kerala and Kathakali influence, Technological challenges and the impact of modern mass media on traditional puppetry, Role of Sangeet Natak Akademi in reviving near-extinct puppet forms, Puppetry as a tool for social communication and moral education in rural India",,,Medium
cmopjv4ef0040z3r0v8t8e8u6,bhakti-sufi-movements-social-impact,Bhakti & Sufi Movements — Social Impact,INDIAN CULTURE,GS1,"Alvars and Nayanars, Saguna and Nirguna Bhakti, Chishti and Suhrawardi Silsilas, Vachana Literature, Lingayatism, Social Egalitarianism, Vernacularization of Religion, Religious Syncretism, Impact on Women’s Status, Rejection of Caste Hierarchy, Khanqahs and Dargahs, Guru Nanak and Sikhism, Kabir’s Monotheism, Interaction between Bhakti and Sufism, Influence on Regional Literature and Music","Evolution of Alvars and Nayanars in South India, Nirguna vs Saguna Bhakti traditions, Role of women saints like Andal and Mirabai in challenging patriarchy, Impact of Bhakti movement on the caste hierarchy and untouchability, Contributions of Kabir and Guru Nanak to religious syncretism, Development of vernacular literature and regional languages, Integration of local folk traditions with mainstream religion, Growth of the Chishti and Suhrawardi Sufi orders in India, Concept of Wahdat-ul-Wajood and its social implications, Impact of Sufism on the growth of Indo-Islamic architecture and music, Role of Khanqahs as centers of social service and egalitarianism, Influence of Lingayatism on social reform in Karnataka, Shrimanta Sankardeva and the Neo-Vaishnavite movement in Assam, Legacy of the Bhakti-Sufi movements on the composite culture (Ganga-Jamuni Tehzeeb) of India",,,High
cmopjv1t40036z3r0avl18x11,paleolithic-pre-historic-art-of-india,Paleolithic & Pre-Historic Art of India,INDIAN CULTURE,GS1,"Bhimbetka Rock Shelters, Upper Paleolithic Art, Mesolithic Rock Paintings, Chalcolithic Art Transitions, V.S. Wakankar, UNESCO World Heritage Sites in India, Adamgarh Rock Shelters, Lakhudiyar Caves, Petroglyphs and Pictographs, Zoo Rock, Natural Pigments and Ochre, Shamanism and Ritualistic Art, Prehistoric Hunter-Gatherer Lifestyle, Belan Valley, Narmada Valley Art Sites","Bhimbetka rock shelters and their discovery by V.S. Wakankar, Lower and Middle Paleolithic stone tool evolution, Upper Paleolithic green and red paintings, Mesolithic transition to stick-like human figures, Use of minerals like hematite and chalcedony for pigments, Superimposition techniques and layers of rock art, Depiction of hunting-gathering and community life, Zoo Rock and representation of fauna, Transition from nomadic lifestyle to settled cultivation, Petroglyphs vs pictographs in prehistoric contexts, Regional variations in rock art across Madhya Pradesh and South India, Significance of symbolic and religious motifs in cave art, Cultural evolution from hunter-gatherers to early agriculture, Archaeological sites of Lakhajuar and Adamgarh, Technological advancement in weaponry from bows to metal tools",,,Medium
cmopjv4ec003zz3r0nsbmg0va,government-institutions-for-art-culture-asi-sangeet-natak-akademi-etc,"Government Institutions for Art & Culture (ASI, Sangeet Natak Akademi, etc.)",INDIAN CULTURE,GS1,"Archaeological Survey of India, Sangeet Natak Akademi, Sahitya Akademi, Lalit Kala Akademi, Ancient Monuments and Archaeological Sites and Remains Act 1958, Antiquities and Art Treasures Act 1972, National School of Drama, Indira Gandhi National Centre for the Arts, Centre for Cultural Resources and Training, National Museum, National Archives of India, Kalakshetra Foundation, Zonal Cultural Centres, Article 49, Article 51A(f)","Archaeological Survey of India (ASI) role in heritage conservation and the Antiquities and Art Treasures Act 1972, Sangeet Natak Akademi's mandate for preserving performing arts and its Fellowship (Ratna) awards, Sahitya Akademi's contribution to literary excellence and promotion of 24 recognized languages, Lalit Kala Akademi's initiatives for visual arts and the National Exhibition of Art, National School of Drama (NSD) and its role in modern Indian theatre training and Bharat Rang Mahotsav, Indira Gandhi National Centre for the Arts (IGNCA) research on cultural context and multimedia documentation, Centre for Cultural Resources and Training (CCRT) role in linking education with culture for teachers and students, Kalakshetra Foundation's preservation of classical dance forms and the Guru-Shishya Parampara, India Institute of Heritage's focus on museology and art conservation training, National Archives of India's role in preserving public records and historical documents, Functioning of Zonal Cultural Centres in promoting regional and folk arts, Impact of budgetary allocations and administrative challenges on the efficiency of National Akademis, Ministry of Culture’s Kala Sanskriti Vikas Yojana and its sub-schemes like Repertory Grant, Recommendations of the Standing Committee on the governance and regional outreach of cultural institutions, Role of government institutions in cultural diplomacy and the Global Engagement Scheme",,,Medium
cmopjvm5300ahz3r0c37h0di8,digital-payments-upi-bhim-fintech-ecosystem,"Digital Payments — UPI, BHIM & Fintech Ecosystem",INDIAN ECONOMY,GS3,"Unified Payments Interface, BHIM App, National Payments Corporation of India, Payment and Settlement Systems Act 2007, Digital Public Infrastructure, JAM Trinity, Financial Inclusion, Regulatory Sandbox, MDR and Zero-MDR Policy, Immediate Payment Service, Bharat Bill Payment System, RBI Vision Document on Payments, Digital India Mission, Interoperability, Cyber Security in Fintech","Evolution of UPI from IMPS infrastructure, Role of NPCI as an umbrella organization for retail payments, Four-pillar push-pull interoperable model of UPI, Features of UPI 2.0 and one-time mandates, Impact of Zero MDR policy on banks and PSPs, Market concentration risks and the 30% market cap rule, Digital gender divide in rural UPI adoption, Security protocols including two-factor authentication and biometrics, Interoperability between banks and third-party application providers (TPAPs), Integration of RuPay credit cards with UPI, Socio-economic impact on street hawkers and MSMEs, Cross-border expansion through NIPL, Technical strain on Core Banking Systems (CBS) from micro-transactions, Regulatory framework of the Payment and Settlement Systems Act 2007, Role of BHIM app in promoting common standards and financial inclusion",,,High
cmopjvjna009jz3r03s9pr7vt,indian-economy-at-independence-challenges-choices,Indian Economy at Independence — Challenges & Choices,INDIAN ECONOMY,GS3,"Colonial Exploitation, Drain of Wealth Theory, Zamindari System, Mahalwari System, Ryotwari System, Stagnant Agriculture, De-industrialisation, Commercialisation of Agriculture, Mixed Economy Model, Planning Commission, Five-Year Plans, Nehru-Mahalanobis Model, Industrial Policy Resolution 1948, Industrial Policy Resolution 1956, Self-reliance, Bombay Plan, Visvesvaraya Plan, People's Plan, Gandhian Plan, National Planning Committee 1938","Impact of the Zamindari system and land revenue policies on agrarian structure, Deindustrialization of traditional handicraft and textile industries, The Drain of Wealth theory and its economic consequences, Stagnation of per capita income and GDP during the colonial era, Commercialization of agriculture and its impact on food security, State of infrastructure including railways and communication networks in 1947, Occupational structure and over-dependence on the primary sector, Demographic profile including high birth rates and low life expectancy, Impact of the Partition on agricultural resources and industrial units, Monopoly trade policies and the composition of foreign trade, Evolution of the mixed economy model and state-led industrialization, Challenges of mass poverty and illiteracy at the time of independence, Rationale for the establishment of the Planning Commission, Colonial impact on the breakdown of the village self-sufficiency model",,,Medium
cmopjvkuw009zz3r0bp1fzq35,inland-waterways-development,Inland Waterways Development,INDIAN ECONOMY,GS3,"National Waterways Act 2016, Inland Vessels Act 2021, Inland Waterways Authority of India (IWAI), Jal Marg Vikas Project, Arth Ganga Concept, Sagarmala Programme, Maritime India Vision 2030, Harit Nauka Guidelines, Seventh Schedule Entry 24 Union List, Indo-Bangladesh Protocol Route, PM Gati Shakti National Master Plan, Multi-Modal Logistics Terminals","National Waterways Act 2016 and categorization of 111 waterways, Jal Marg Vikas Project (JMVP) and capacity augmentation of NW-1, Arth Ganga concept and community-led economic development, Comparative logistics cost analysis between IWT and surface transport, Inland Vessels Act 2021 and unified regulatory framework, Technical challenges of Least Available Depth (LAD) and siltation management, Environmental implications of dredging on riverine biodiversity and dolphins, Development of Multi-Modal Terminals at Varanasi and Sahibganj, Indo-Bangladesh Protocol (IBP) route for Northeast connectivity, Private sector participation and Public-Private Partnership (PPP) hurdles, Role of IWAI in fairway development and navigational aids, Integration of waterways with the PM Gati Shakti National Master Plan",,,Medium
cmopjvluu00a9z3r0n7u5grc1,venture-capital-start-up-funding-ecosystem,Venture Capital & Start-up Funding Ecosystem,INDIAN ECONOMY,GS3,"Startup India Action Plan, DPIIT Recognition, Fund of Funds for Startups (FFS), Startup India Seed Fund Scheme (SISFS), SEBI Alternative Investment Funds (AIF) Regulations, Angel Tax (Section 56(2)(viib) of Income Tax Act), Section 80-IAC Tax Exemption, Credit Guarantee Scheme for Startups (CGSS), SIDBI, National Startup Advisory Council, MAARG Mentorship Portal, Self-Certification under Labour and Environment Laws, Foreign Venture Capital Investor (FVCI) Regulations, Press Note 3 (2020) on FDI, Category I and II AIFs","Differences between angel investors and venture capital, Stages of startup funding from seed to IPO, Role of SEBI in regulating venture capital funds, Alternative Investment Funds (AIF) categories in India, Impact of Startup India initiative on capital formation, Challenges of ""funding winter"" and valuation markdowns, Exit strategies including IPOs and Mergers & Acquisitions, Tax incentives such as Angel Tax and its exemptions, Role of SIDBI and the Fund of Funds for Startups, Importance of incubators and accelerators in the funding lifecycle, Trends in corporate venture capital and private equity, Due diligence process and term sheet components for startups, Impact of digital public infrastructure on fintech startups, Significance of unicorns and soonicorns in the Indian economy",,,Medium
cmopjvno500b2z3r0j8k8bo4s,fdi-policy-sectoral-limits-impact,"FDI — Policy, Sectoral Limits & Impact",INDIAN ECONOMY,GS3,"Automatic Route, Government Route, Foreign Exchange Management Act (FEMA) 1999, Department for Promotion of Industry and Internal Trade (DPIIT), Press Note 3 (2020), Sectoral Caps, Brownfield and Greenfield Investments, FIPB Abolition, Consolidated FDI Policy, Beneficial Ownership, External Commercial Borrowings (ECB), Foreign Portfolio Investment (FPI), Atmanirbhar Bharat, Ease of Doing Business, National Security Clearance, Make in India","Difference between Automatic and Government Routes, Evolution of Consolidated FDI Policy (DPIIT), Foreign Exchange Management Act (FEMA) and NDI Rules 2019, FDI Sectoral Caps in Strategic Sectors (Defense and Insurance), Restrictions on FDI in Multi-brand vs Single-brand Retail, Impact of FDI on Technology Transfer and Domestic Manufacturing, Greenfield vs Brownfield Investment in Pharmaceuticals, Prohibited Sectors for FDI in India, Role of Foreign Investment Facilitation Portal (FIFP), Press Note 3 (2020) and land-bordering nations' restrictions, FDI in E-commerce Marketplace vs Inventory Models, Impact of FDI on Balance of Payments and Exchange Rates, Sectoral trends in FDI inflows (Services vs Manufacturing), Role of State-level reforms in attracting FDI inflows",,,High
cmopjvluw00adz3r088q7zsrp,tax-reforms-gst-direct-tax-code-compliance,"Tax Reforms — GST, Direct Tax Code & Compliance",INDIAN ECONOMY,GS3,"101st Constitutional Amendment Act, Article 279A, GST Council, Kelkar Task Force, Central Goods and Services Tax Act 2017, Integrated Goods and Services Tax Act 2017, GST Compensation to States Act 2017, Input Tax Credit, Anti-Profiteering Measures, Direct Tax Code, Tax-to-GDP Ratio, Laffer Curve, Shome Committee, Cooperative Federalism, Tax Buoyancy","Dual GST model (CGST/SGST/IGST/UTGST), GST Council composition and decision-making mechanism, Input Tax Credit (ITC) and cascading effect, GST Compensation Cess and its phase-out post-2025 reforms, Two-tier GST rate rationalization (5% and 18% slabs), Anti-Profiteering Framework and role of Competition Commission of India, E-way bill system and its integration with e-invoicing, Direct Tax Code (DTC) objectives and impact on corporate tax, Tax-to-GDP ratio and challenges in revenue mobilization, Digital tools for tax compliance and evasion prevention, Impact of GST on cooperative federalism, Zero-rated supplies and export competitiveness, Taxation of the digital economy and global minimum tax, Reforms in personal income tax and the New Tax Regime (NTR)",,,High
cmopjvkuw00a0z3r0hhv5tp5p,ease-of-doing-business-reforms-indias-global-ranking,Ease of Doing Business — Reforms & India's Global Ranking,INDIAN ECONOMY,GS3,"World Bank Doing Business Report, Business Reform Action Plan, Department for Promotion of Industry and Internal Trade, Insolvency and Bankruptcy Code 2016, National Single Window System, Jan Vishwas Act 2023, SPICe+ Form, Global Competitiveness Index, Taxation Laws Amendment Act 2019, Regulatory Compliance Portal, PM Gati Shakti, Minimum Alternate Tax, Economic Survey of India, Digital India Land Records Modernization Programme, MSME Development Act","World Bank Doing Business indicators and methodology, Business Reform Action Plan (BRAP) and competitive federalism, National Single Window System (NSWS), Jan Vishwas Acts for decriminalizing minor offences, Four Labour Codes and their impact on compliance, GST 2.0 and tax certainty reforms, Insolvency and Bankruptcy Code (IBC) for resolving insolvency, Shifting from clearance to compliance-based governance, Logistics costs and the PM Gati Shakti master plan, Digital trade facilitation and Customs Integrated System (CIS), Rationalization of Minimum Alternate Tax (MAT), District Business Reform Action Plan (D-BRAP), Impact of Faceless Assessment on rent-seeking, Challenges of land acquisition and digitized titles, FDI limits and sectoral reforms in insurance and manufacturing",,,High
cmopjvluo00a7z3r0b8t11w78,subsidies-merit-vs-non-merit-rationalisation-dbt,"Subsidies — Merit vs Non-Merit, Rationalisation & DBT",INDIAN ECONOMY,GS3,"Direct Benefit Transfer (DBT), Merit vs Non-Merit Subsidies, Aadhaar (Targeted Delivery of Financial and Other Subsidies, Benefits and Services) Act 2016, Fiscal Responsibility and Budget Management (FRBM) Act, JAM Trinity (Jan Dhan-Aadhaar-Mobile), Shanta Kumar Committee, Public Distribution System (PDS) Reforms, Fertilizer Subsidy and Neem Coated Urea, PM-KISAN, Minimum Support Price (MSP), PM-KUSUM, 16th Finance Commission Recommendations, National Institute of Public Finance and Policy (NIPFP), Fiscal Deficit and Revenue Expenditure, Explicit vs Implicit Subsidies","Definition and examples of merit vs non-merit goods in India, Fiscal implications of explicit and implicit subsidies, Evolution of DBT from JAM Trinity to PAHAL, Challenges in Aadhaar-based payment systems and last-mile delivery, Impact of subsidy rationalisation on fiscal deficit and the FRBM Act, Leakages and exclusion errors in the PDS and fertiliser subsidies, Economic rationale for nutrient-based subsidy (NBS) reforms, Case study of PM-Kisan vs price support mechanisms, Impact of electricity subsidies on groundwater and DISCOM health, Role of Public Financial Management System (PFMS) in DBT, Cross-subsidisation in railways and its economic impact, Evaluation of the ""Give It Up"" campaign for LPG subsidies, Impact of WTO Agreement on Agriculture on India’s subsidy regime, Minimum Support Price (MSP) as a form of indirect subsidy and its distortions",,,High
cmopjvkuw00a1z3r0bnfn0rl9,start-up-ecosystem-funding-policy-angel-investment,"Start-up Ecosystem — Funding, Policy & Angel Investment",INDIAN ECONOMY,GS3,"Startup India Initiative, Fund of Funds for Startups (FFS), Startup India Seed Fund Scheme (SISFS), Angel Tax (Section 56 of Income Tax Act), Department for Promotion of Industry and Internal Trade (DPIIT), Alternative Investment Funds (AIFs), Credit Guarantee Scheme for Startups (CGSS), Atal Innovation Mission (AIM), National Startup Advisory Council (NSAC), Insolvency and Bankruptcy Code 2016 (Fast-track Exit), Self-Certification under Labour and Environment Laws, MAARG Portal, SEBI (Alternative Investment Funds) Regulations 2012","DPIIT recognition criteria and benefits, Startup India Action Plan and its 19 action points, Angel Tax and its abolition under Section 56(2)(viib), Startup India Seed Fund Scheme (SISFS), Fund of Funds for Startups (FFS) managed by SIDBI, Credit Guarantee Scheme for Startups (CGSS), Section 80-IAC tax holiday and eligibility, Self-certification regime for labor and environmental laws, Fast-tracking of Intellectual Property Rights (SIPP), Relaxed norms for public procurement and GeM Startup Runway, Alternative Investment Funds (AIFs) and venture capital trends, ESOP tax deferral reforms, Exit mechanisms and fast-track winding up under Insolvency and Bankruptcy Code, Role of incubators and accelerators in Tier 2 and Tier 3 cities",,,High
cmopjvkuw009yz3r0jt3cw1xd,civil-aviation-udan-scheme-airport-development,Civil Aviation — UDAN Scheme & Airport Development,INDIAN ECONOMY,GS3,"National Civil Aviation Policy 2016, Viability Gap Funding, Ude Desh ka Aam Nagrik Scheme, Airports Authority of India Act 1994, Regional Connectivity Scheme, Greenfield and Brownfield Airports, Public Private Partnership in Infrastructure, Aircraft Act 1934, Directorate General of Civil Aviation, Atmanirbhar Aircraft Acquisition, Krishi UDAN, Aviation Turbine Fuel Tax Reforms, Essential Services Maintenance Act, Viksit Bharat 2047 Vision, International Civil Aviation Organization Standards","Evolution of UDAN from 1.0 to 5.2 and Modified UDAN 2026-36, Mechanisms and criteria for Viability Gap Funding (VGF), Airfare capping models and indexation for regional routes, Concessions by Central and State governments on taxes and utilities, Role of Airports Authority of India in reviving unserved and underserved aerodromes, Development of water aerodromes and heliports for last-mile connectivity, Impacts on regional tourism and Tier-2/Tier-3 city economic growth, Challenges of commercial sustainability after the three-year VGF period, Infrastructure gap in remote and hilly regions for aviation operations, Integration of Krishi UDAN for agri-logistics and value realization, Impact of UDAN on the growth of regional airline operators and diverse fleets, Public-private partnership models in regional airport development, Alignment with National Civil Aviation Policy 2016 objectives, Role of Lifeline UDAN in emergency response and healthcare logistics, Atmanirbhar Bharat initiatives in indigenous aircraft procurement for regional routes",,,Medium
cmopjvkuv009sz3r0gjk47eey,nbfc-sector-shadow-banking-regulation,NBFC Sector — Shadow Banking & Regulation,INDIAN ECONOMY,GS3,"Scale Based Regulation (SBR) Framework, Prompt Corrective Action (PCA) Framework for NBFCs, RBI Act 1934 (Section 45-IA), Liquidity Risk Management Framework, Asset Liability Management (ALM), High Quality Liquid Assets (HQLA), Liquidity Coverage Ratio (LCR), Net Owned Funds (NOF) Requirements, Systemically Important NBFCs (NBFC-ND-SI), Core Investment Companies (CICs), Shadow Banking Risks, Infrastructure Debt Funds (IDF-NBFCs), Housing Finance Companies (HFCs) Regulation, 50-50 Test for Principal Business, NPA Classification Norms (90-day rule)","Difference between banks and NBFCs, Scale Based Regulation (SBR) framework, Asset-Liability Management (ALM) and maturity mismatch, Systemically Important NBFCs (NBFC-ND-SI), Prompt Corrective Action (PCA) framework for NBFCs, Role in financial inclusion and MSME financing, Impact of IL&FS crisis on liquidity, NBFC-Micro Finance Institution (NBFC-MFI) regulations, Statutory liquidity and capital adequacy requirements, Inclusion of NBFCs under Insolvency and Bankruptcy Code (IBC), RBI risk weight norms for bank lending to NBFCs, Shadow banking risks and financial stability, Core Investment Companies (CIC) and Housing Finance Companies (HFC) regulation, Digital lending and FinTech partnerships with NBFCs",,,High
cmopjvn2g00axz3r0s8z6h97m,special-economic-zones-sezs-issues-outcomes,Special Economic Zones (SEZs) — Issues & Outcomes,INDIAN ECONOMY,GS3,"Special Economic Zones Act 2005, SEZ Rules 2006, Baba Kalyani Committee, Development of Enterprise and Service Hubs (DESH) Bill, Export Processing Zones (EPZs), Domestic Tariff Area (DTA), WTO Agreement on Subsidies and Countervailing Measures, Net Foreign Exchange (NFE), Single Window Clearance, Minimum Alternate Tax (MAT) Exemption, Employment and Economic Enclaves (3Es), 100% Income Tax Exemption (Section 10AA), Board of Approval, Foreign Trade Policy, Land Acquisition and Displacement Issues","Evolution and objectives of SEZ Act 2005, Baba Kalyani Committee recommendations on SEZs, Development of Enterprise and Service Hubs (DESH) Bill 2022, Performance and export trends of Indian SEZs, Issues of land acquisition and displacement for SEZs, Underutilization of land and idle infrastructure in SEZs, Impact of Minimum Alternate Tax (MAT) and Dividend Distribution Tax (DDT) on SEZ growth, WTO compatibility of India's export-linked subsidies, Comparison of Indian SEZs with Chinese models, Role of SEZs in manufacturing vs services sector growth, Concepts of Domestic Tariff Area (DTA) and deemed exports, Challenges of single-window clearance and administrative bottlenecks, Impact of Free Trade Agreements (FTAs) on SEZ competitiveness, Proposal for conversion of SEZs into Employment and Economic Enclaves (3Es)",,,Medium
cmopjvl1h00a2z3r08tdsyx76,energy-infrastructure-power-sector-reforms-grid-management,Energy Infrastructure — Power Sector Reforms & Grid Management,INDIAN ECONOMY,GS3,"Electricity Act 2003, Electricity (Amendment) Bill 2022, National Electricity Policy, PM-KUSUM Scheme, Revamped Distribution Sector Scheme (RDSS), AT&C Losses, ACS-ARR Gap, One Nation One Grid, Open Access Policy, Cross-Subsidy Surcharge, Renewable Purchase Obligation (RPO), Central Electricity Regulatory Commission (CERC), State Electricity Regulatory Commission (SERC), Smart Grid and Smart Metering, Payment Security Mechanism","Evolution of India's power sector from Electricity Act 1910 to 2003, Financial viability and debt restructuring of DISCOMs under UDAY and RDSS schemes, Impacts of high Aggregate Technical and Commercial (AT&C) losses on grid stability, Rationalization of electricity tariffs and the ACS-ARR gap, Role of Central and State Electricity Regulatory Commissions in tariff determination, Integration of renewable energy into the national grid and the Green Energy Corridor, Implementation of smart metering and Advanced Metering Infrastructure (AMI), Development of One Sun One World One Grid (OSOWOG) initiative, Grid management challenges and the role of Load Despatch Centers, Decentralized renewable energy systems and microgrids for rural electrification, Impact of cross-subsidization on industrial competitiveness, Policies for promotion of Electric Vehicle (EV) charging infrastructure, Role of the Power System Development Fund (PSDF) in grid security, Performance analysis of Deen Dayal Upadhyaya Gram Jyoti Yojana (DDUGJY) and Saubhagya schemes",,,High
cmopjvn3s00azz3r05uzbnbt6,road-highway-development-nhdp-bharatmala,"Road & Highway Development — NHDP, Bharatmala",INDIAN ECONOMY,GS3,"Bharatmala Pariyojana, National Highways Development Project (NHDP), PM Gati Shakti National Master Plan, Hybrid Annuity Model (HAM), Toll-Operate-Transfer (TOT) Model, Infrastructure Investment Trusts (InvITs), National Highways Authority of India Act 1988, Central Road and Infrastructure Fund (CRIF), Multi-Modal Logistics Parks (MMLPs), Logistics Efficiency Enhancement Program (LEEP), National Infrastructure Pipeline (NIP), Golden Quadrilateral, North-South and East-West Corridors (NS-EW), Economic Corridors, Asset Monetization Strategy","Evolution of National Highways Development Project (NHDP) phases, Seven components of Bharatmala Pariyojana, Golden Quadrilateral and North-South East-West Corridor integration, Economic Corridors and Inter-corridor feeder routes, National Corridor Efficiency Improvement and debottlenecking, Border and International Connectivity Roads for regional trade, Coastal and Port Connectivity Roads under Sagarmala linkage, Logistics efficiency and target reduction of logistics costs, Financing models including Toll-Operate-Transfer (TOT) and Hybrid Annuity Model (HAM), Role of National Highways Authority of India (NHAI) and NHIDCL, Land acquisition challenges and Right to Fair Compensation Act, Environmental impact assessment and Green Highways Policy, PM GatiShakti National Master Plan integration, Multi-Modal Logistics Parks (MMLPs) development, Road safety audits and rectification of blackspots",,,High
cmopjvmmt00alz3r0i7b7acx9,industrial-policy-evolution-ipr-1948-1956-1991-nip,"Industrial Policy Evolution — IPR 1948, 1956, 1991 & NIP",INDIAN ECONOMY,GS3,"Industrial Policy Resolution 1948, Industrial Policy Resolution 1956, New Industrial Policy 1991, Liberalization Privatization and Globalization (LPG), License-Permit-Quota Raj, Mahalanobis Model, Monopolies and Restrictive Trade Practices (MRTP) Act 1969, Foreign Exchange Regulation Act (FERA) 1973, Foreign Exchange Management Act (FEMA) 1999, De-reservation of Public Sector, Disinvestment, MSME Development Act 2006, Make in India, Atmanirbhar Bharat, Production Linked Incentive (PLI) Scheme, Industrial Licensing, National Manufacturing Policy 2011","Classification of industries under IPR 1948, Mahalanobis model and the 1956 Economic Constitution, Schedule A B and C industries under IPR 1956, Evolution of the License Raj and its impact on competition, Monopolies and Restrictive Trade Practices (MRTP) Act 1969, Industrial Policy Statements of 1977 and 1980, Balance of Payments crisis and rationale for 1991 reforms, Abolition of industrial licensing and de-reservation of public sector, Liberalization of Foreign Direct Investment (FDI) and FERA to FEMA transition, Impact of disinvestment and professionalization of PSUs (Maharatna/Navaratna), Repeal of MRTP and enactment of the Competition Act 2002, Phased Manufacturing Programme and Mandatory Convertibility Clause, Shift from state-led industrialization to market-oriented incentive-driven policies",,,High
cmopjvl1h00a5z3r0frjt0qh0,external-trade-ftp-wto-obligations-trade-disputes,"External Trade — FTP, WTO Obligations & Trade Disputes",INDIAN ECONOMY,GS3,"Foreign Trade Policy 2023, Agreement on Agriculture, Amber Box, Blue Box, Green Box, TRIPS Agreement, General Agreement on Trade in Services, Dispute Settlement Understanding, Special and Differential Treatment, Most Favoured Nation Principle, RoDTEP Scheme, Districts as Export Hubs, SEZ Act 2005, Trade Facilitation Agreement, Countervailing Duties, Anti-Dumping Duties, WTO Appellate Body Crisis, Bilateral Investment Treaties, CEPA and CETA, Export Promotion Capital Goods Scheme","Foreign Trade Policy 2023 pillars and targets, Export Promotion Capital Goods (EPCG) scheme, RoDTEP and RoSCTL schemes, Districts as Export Hubs initiative, WTO Agreement on Agriculture and subsidy boxes, WTO Trade Facilitation Agreement (TFA) implementation, Anti-dumping and countervailing duties framework, SCOMET licensing and export control regime, Trade settlement in Indian Rupee (INR), E-commerce export hubs and Dak Ghar Niryat Kendras, WTO Dispute Settlement Mechanism and Appellate Body crisis, Non-tariff barriers and Sanitary and Phytosanitary (SPS) measures, Status Holder Scheme and Towns of Export Excellence, General Agreement on Trade in Services (GATS) and Mode 4 delivery, Special Economic Zones (SEZ) vs Export Oriented Units (EOU) frameworks",,,High
cmopjvl1h00a3z3r0tu5ypxmu,port-development-sagarmala-maritime-logistics,Port Development — Sagarmala & Maritime Logistics,INDIAN ECONOMY,GS3,"Sagarmala Programme, Maritime India Vision 2030, Major Port Authorities Act 2021, Coastal Economic Zones, Port-led Industrialization, National Perspective Plan, Blue Economy, National Logistics Portal (Marine), Project Unnati, Coastal Shipping and Inland Waterways Transport, Deep Draft Ports, Landlord Port Model, Multi-Modal Logistics Parks, Maritime India Summit, Merchant Shipping Bill, SAGAR (Security and Growth for All in the Region)","Five pillars of Sagarmala Programme, Port-led industrialization and Coastal Economic Zones (CEZs), Landlord model of port development, Strategic importance of Vadhavan and Paradip Outer Harbour ports, Multi-modal connectivity and last-mile rail-road linkages, Role of Sagarmala Development Company (SDC) and SPVs, National Perspective Plan (NPP) for maritime sector, Project Unnati for operational efficiency and KPIs, Impact of Sagarmala on logistics cost reduction and EXIM competitiveness, Coastal community development and skilling initiatives, Development of National Maritime Heritage Complex at Lothal, Promotion of coastal shipping and inland water transport (IWT) modal share, Digital infrastructure and Enterprise Business System (EBS) in ports, Challenges in port-rail connectivity and dedicated freight corridors, Maritime Amrit Kaal Vision 2047 and Sagarmala 2.0 objectives",,,High
cmopjvkuv009vz3r0fshg03jq,fiscal-deficit-frbm-act-targets-fiscal-consolidation,"Fiscal Deficit — FRBM Act, Targets & Fiscal Consolidation",INDIAN ECONOMY,GS3,"Fiscal Responsibility and Budget Management Act 2003, N.K. Singh Committee, Fiscal Deficit, Revenue Deficit, Effective Revenue Deficit, Primary Deficit, Debt-to-GDP Ratio, Fiscal Consolidation, Escape Clause, Medium-Term Fiscal Policy Statement, Macroeconomic Framework Statement, Fiscal Policy Strategy Statement, Inter-generational Equity, Article 292, Article 293, Fiscal Council, Monetized Deficit, Crowding Out Effect, Public Debt Management Agency, Fiscal Glide Path","Objectives and rationale of the FRBM Act 2003, NK Singh Committee recommendations on fiscal architecture, Debt-to-GDP ratio as a fiscal anchor, Evolution of fiscal deficit targets and consolidation glide path, FRBM Escape Clause and its invocation triggers, Mandated fiscal documents under FRBM (MTFP and FPS), Impact of the 15th Finance Commission on fiscal deficit targets, Concept of effective revenue deficit and its removal, Primary deficit vs fiscal deficit in Indian context, Challenges of off-budget borrowings and fiscal transparency, Fiscal consolidation vs social sector spending trade-offs, Impact of exogenous shocks on fiscal consolidation (COVID-19 case study), Role of an independent Fiscal Council in oversight, Sovereign credit ratings and their link to fiscal deficits",,,High
cmopjvkuv009rz3r00glh15ll,new-economic-policy-1991-lpg-reforms-outcomes,New Economic Policy 1991 — LPG Reforms & Outcomes,INDIAN ECONOMY,GS3,"Balance of Payments Crisis 1991, Liberalisation Privatisation and Globalisation (LPG), Industrial Policy Resolution 1991, Abolition of License Raj, MRTP Act Amendments, Devaluation of Rupee, Current Account Convertibility, Foreign Development Investment (FDI) Policy, Disinvestment of PSUs, Financial Sector Reforms (Narasimham Committee), Tax Reforms (Raja Chelliah Committee), Export-Import (EXIM) Policy, World Bank and IMF Conditionalities, WTO and Trade Liberalisation, Structural Adjustment Programme","Balance of Payments crisis of 1991 and IMF conditionalities, Abolition of industrial licensing and end of License Raj, De-reservation of industries for the public sector, Disinvestment and strategic sale of Public Sector Undertakings, Impact of rupee devaluation and transition to market-linked exchange rates, Reduction and rationalization of import tariffs and customs duties, Replacement of FERA with the Foreign Exchange Management Act (FEMA), Deregulation of interest rates and entry of private sector banks, Shift from Nehru-Mahalanobis model to market-oriented development, Impact of reforms on service-led growth and the IT sector boom, Challenges of jobless growth and rising income inequality post-1991, Structural reforms in taxation and transition toward value-added taxes, Impact of globalization on the informal sector and formalization of the economy, Selective opening of sectors and the Middle Path approach to reforms",,,High
cmopjvn0h00awz3r0xr625rqj,msme-sector-role-problems-policy-support,"MSME Sector — Role, Problems & Policy Support",INDIAN ECONOMY,GS3,"MSMED Act 2006, Revised MSME Definition 2020, Udyam Registration Portal, Priority Sector Lending, Credit Guarantee Fund Trust for Micro and Small Enterprises (CGTMSE), Raising and Accelerating MSME Performance (RAMP) Scheme, Trade Receivables Discounting System (TReDS), PM Vishwakarma Scheme, Self Reliant India (SRI) Fund, Zero Defect Zero Effect (ZED) Certification, Prime Minister’s Employment Generation Programme (PMEGP), Public Procurement Policy for MSEs Order 2012, MSME Competitive (LEAN) Scheme, Scheme of Fund for Regeneration of Traditional Industries (SFURTI), ASPIRE Scheme","Revised definition of MSMEs (2020) and composite criteria, Evolution of MSMED Act 2006, Credit gap and challenges in accessing formal institutional finance, Impact of delayed payments and TReDS platform, Role of MSMEs in employment generation and rural industrialization, Contribution to India's GDP and manufacturing output, Export potential and challenges for small enterprises, Impact of formalization through GST and Udyam registration, Raising and Accelerating MSME Performance (RAMP) scheme, PM Vishwakarma and support for traditional artisans, Technological obsolescence and Digital Saksham initiative, MSME Cluster Development Programme (MSE-CDP), Zero Defect Zero Effect (ZED) certification, U.K. Sinha Committee recommendations on MSME reforms",,,High
cmopjvm0z00aez3r09kw06rdz,banking-sector-npa-crisis-recapitalisation-reforms,"Banking Sector — NPA Crisis, Recapitalisation & Reforms",INDIAN ECONOMY,GS3,"Non-Performing Assets (NPA), Insolvency and Bankruptcy Code (IBC), SARFAESI Act 2002, Asset Reconstruction Companies (ARC), Recapitalization of PSBs, Prompt Corrective Action (PCA), Mission Indradhanush, Narasimham Committee Recommendations, Twin Balance Sheet Problem, Basel III Norms, National Asset Reconstruction Company Limited (NARCL), PJ Nayak Committee, Asset Quality Review (AQR), Bank Board Bureau (BBB), Indradhanush Framework for PSBs, Priority Sector Lending (PSL) NPAs, Financial Stability Report (FSR), Capital to Risk-Weighted Assets Ratio (CRAR)","Definition and classification of NPAs (Substandard, Doubtful, and Loss assets), Gross vs Net NPAs and Provisioning Coverage Ratio, Causes of the Twin Balance Sheet problem in India, Impact of NPAs on bank profitability and credit transmission, RBI’s Asset Quality Review (AQR) and Prompt Corrective Action (PCA) framework, Insolvency and Bankruptcy Code (IBC) and its effectiveness in resolution, Role of National Asset Reconstruction Company Limited (NARCL) or Bad Banks, Government’s 4R strategy (Recognition, Resolution, Recapitalisation, and Reforms), Recapitalisation of Public Sector Banks through bonds and budgetary support, Indradhanush plan for systemic reforms in PSBs, Governance reforms including the role of Banks Board Bureau (Financial Services Institutions Bureau), SARFAESI Act and Debt Recovery Tribunals (DRT) for recovery, Impact of loan write-offs vs loan waivers on the banking ecosystem, Difference between wilful defaulters and genuine business failures",,,High
cmopjvjt8009pz3r0k3nahz6x,five-year-plans-objectives-phases-niti-aayog,"Five Year Plans — Objectives, Phases & NITI Aayog",INDIAN ECONOMY,GS3,"Planning Commission, Harrod-Domar Model, Nehru-Mahalanobis Model, Gadgil Formula, Garibi Hatao, Rolling Plan, Indicative Planning, LPG Reforms, Cooperative Federalism, NITI Aayog, Team India Hub, Knowledge and Innovation Hub, Three Year Action Agenda, 12th Five Year Plan, Faster Sustainable and More Inclusive Growth, National Development Council","Evolution of economic planning from Planning Commission to NITI Aayog, Harrod-Domar vs Mahalanobis growth models, Comparative analysis of all twelve Five Year Plans, Objectives of inclusive and sustainable growth in the 11th and 12th FYPs, Shift from centralized planning to cooperative federalism, Structure and composition of NITI Aayog, Bottom-up approach vs top-down planning, Strategy for New India at 75 initiatives, Role of National Development Council in plan approval, Impact of LPG reforms on the 8th Five Year Plan, Critical evaluation of Plan Holidays and Rolling Plans, Financial resources and allocation mechanisms in planning, Monitoring and evaluation framework of NITI Aayog, Indices and competitive federalism reports by NITI Aayog",,,Medium
cmopjvkuv009xz3r0n2pq87yf,make-in-india-manufacturing-ecosystem-challenges,Make in India — Manufacturing Ecosystem & Challenges,INDIAN ECONOMY,GS3,"Production Linked Incentive (PLI) Scheme, Ease of Doing Business, PM Gati Shakti National Master Plan, National Manufacturing Policy 2011, National Industrial Corridor Programme (NICP), Zero Defect Zero Effect (ZED), Foreign Direct Investment (FDI) Policy Reforms, National Single Window System (NSWS), Skill India Mission, Startup India, Digital India, India Semiconductor Mission, MSME Development Act, Export Promotion Capital Goods (EPCG) Scheme, Special Economic Zones (SEZs)","Evolution of manufacturing share in India's GDP (16% to 25% target), Four pillars of Make in India: New Processes, New Infrastructure, New Sectors, and New Mindset, Performance of 27 focus sectors under Make in India 2.0, Impact of Production Linked Incentive (PLI) schemes on domestic value addition, National Infrastructure Pipeline and Gati Shakti's role in logistics efficiency, Ease of Doing Business reforms and the Jan Vishwas Act, China Plus One strategy and India's position in global supply chains, Skill gap challenges and integration with Skill India Mission, Challenges of low R&D investment and Industry 4.0 adoption, Structural bottlenecks: land acquisition, labor laws, and high power costs, Role of MSMEs in the manufacturing ecosystem and credit accessibility, Impact of FDI liberalization on strategic sectors like Defense and Railways, ""Zero Defect Zero Effect"" (ZED) model for sustainable manufacturing, Evaluation of Industrial Corridors and Smart Cities in regional development.",,,High
cmopjvluw00abz3r04slz2bl6,public-private-partnership-models-issues-reforms,"Public-Private Partnership — Models, Issues & Reforms",INDIAN ECONOMY,GS3,"Vijay Kelkar Committee Recommendations, Build-Operate-Transfer (BOT), Hybrid Annuity Model (HAM), Engineering Procurement and Construction (EPC), Viability Gap Funding (VGF), Swiss Challenge Method, Draft National PPP Policy, Model Concession Agreement (MCA), Build-Own-Operate-Transfer (BOOT), Infrastructure Debt Funds (IDFs), Public Private Partnership Appraisal Committee (PPPAC), Value for Money (VfM) Analysis, 3PI (Public Private Partnership India), Special Purpose Vehicle (SPV)","Evolution of PPP models in India from BOT to HAM, Vijay Kelkar Committee recommendations 2015, Risk allocation and mitigation frameworks, Hybrid Annuity Model (HAM) features and impact, Swiss Challenge Method in procurement, Model Concession Agreement (MCA) and its limitations, Infrastructure PPP Adjudication Tribunal (IPAT), Challenges in land acquisition and environmental clearances, Viability Gap Funding (VGF) mechanism, Performance-based monitoring and service delivery standards, Dispute resolution mechanisms and 3P India initiative, National Monetization Pipeline (NMP) vs traditional PPP, Role of Independent Regulators in PPP sectors, Financing challenges and role of Development Finance Institutions (DFIs)",,,High
cmopjvno500b3z3r08yvtj42l,railway-reforms-safety-privatisation-high-speed-rail,"Railway Reforms — Safety, Privatisation & High-Speed Rail",INDIAN ECONOMY,GS3,"Bibek Debroy Committee, Kakodkar Committee, Rakesh Mohan Committee, Sam Pitroda Committee, Railway Regulatory Authority of India, Dedicated Freight Corridors, National Rail Plan 2030, High Speed Rail (Bullet Train), PM Gati Shakti, Asset Monetization, Rashtriya Rail Sanraksha Kosh, Railways Act 1989, Kavach System, Public Private Partnership in Railways, Mission Raftar","Bibek Debroy Committee recommendations on restructuring, Rail Development Authority (RDA) and independent regulation, Privatisation of passenger train operations and the Tejas model, Monetization of railway assets through National Monetization Pipeline, Rashtriya Rail Sanraksha Kosh (RRSK) for safety upgrades, Implementation of KAVACH anti-collision technology, Challenges of cross-subsidization of passenger fares by freight, Dedicated Freight Corridors (DFC) and their economic impact, High-speed rail projects including Mumbai-Ahmedabad bullet train, Accounting reforms from cash-based to accrual-based systems, Decentralization of powers to General Managers and DRMs, Separation of core and non-core activities like schools and hospitals, National Rail Plan 2030 for capacity enhancement, Impact of 100% Electrification on operational efficiency and carbon footprint, Station redevelopment through PPP and the Amrit Bharat Station Scheme",,,Medium
cmopjvluu00aaz3r097r5bf9z,capital-markets-sebi-regulation-bond-market-corporate-governance,"Capital Markets — SEBI Regulation, Bond Market & Corporate Governance",INDIAN ECONOMY,GS3,"SEBI Act 1992, Securities Contracts (Regulation) Act 1956, SEBI (LODR) Regulations 2015, SEBI (ICDR) Regulations 2018, Corporate Governance, Clause 49 of Listing Agreement, Initial Public Offering (IPO), Primary and Secondary Markets, Insider Trading Regulations, Takeover Code, Securities Appellate Tribunal (SAT), Investor Education and Protection Fund (IEPF), Bond Market, Corporate Bond Market Reforms, ASBA System, T+1 Settlement Cycle, SCORES Portal, Qualified Institutional Placement (QIP)","Evolution of SEBI from a non-statutory to a statutory body, SEBI's role in protecting investor interests and preventing insider trading, Regulation of stock exchanges and market intermediaries by SEBI, Impact of dematerialization and T+1 settlement cycles, Framework for Initial Public Offerings (IPOs) and Follow-on Public Offers (FPOs), Role and importance of the Corporate Bond Market in India, Challenges in the development of the Indian Bond Market, Uday Kotak Committee recommendations on Corporate Governance, Governance standards for listed companies and independent directors, Mechanisms for investor grievance redressal such as SCORES and IPF, SEBI’s powers of search and seizure and enforcement actions, Impact of technological advancements like Algorithmic and High-Frequency Trading, Regulations regarding Credit Rating Agencies and Mutual Funds, Corporate governance issues in promoter-led vs professionally managed firms",,,High
cmopjvjnb009nz3r0putd05af,nehruvian-socialist-economy-vs-liberalisation,Nehruvian Socialist Economy vs Liberalisation,INDIAN ECONOMY,GS3,"Mixed Economy, Five-Year Plans, Planning Commission, Nehru-Mahalanobis Model, License-Permit Raj, Public Sector Undertakings (PSUs), Import Substitution Industrialization, 1991 Economic Reforms, LPG Reforms (Liberalization, Privatization, Globalization), Industrial Policy Resolution 1956, Monopolies and Restrictive Trade Practices (MRTP) Act 1969, Foreign Exchange Regulation Act (FERA), Washington Consensus, Command Economy, P.V. Narasimha Rao Government, Manmohan Singh's 1991 Budget Speech","Mahalanobis Model and heavy industrialization, License-Permit Raj and bureaucratic hurdles, Import Substitution Industrialization (ISI) vs Export-led growth, Evolution of Public Sector Undertakings (PSUs) and 'Temples of Modern India', Impact of the 1991 Balance of Payments crisis on policy shift, Abolition of industrial licensing and MRTP Act reforms, Trade liberalization and reduction of tariff barriers, Privatization and disinvestment of state-owned enterprises, Impact of liberalization on poverty reduction and GDP growth rates, Shift from centralized planning to market-led development, Globalization and integration with the global value chain, Comparative analysis of Hindu Rate of Growth vs post-reform growth periods, Impact of neoliberal reforms on income inequality and the informal sector, Role of the private sector in infrastructure and service delivery post-1991",,,High
cmopjvkuv009uz3r0s5i5a728,government-budgeting-types-outcome-budget-process,"Government Budgeting — Types, Outcome Budget & Process",INDIAN ECONOMY,GS3,"Article 112, Article 113, Article 114, Article 115, Article 116, Article 265, Article 266, Article 267, Fiscal Responsibility and Budget Management (FRBM) Act 2003, NK Singh Committee, Revenue Budget vs Capital Budget, Fiscal Deficit, Revenue Deficit, Effective Revenue Deficit, Primary Deficit, Zero-Based Budgeting, Performance Budgeting, Outcome Budgeting, Gender Budgeting, Finance Bill, Appropriation Bill, Consolidated Fund of India, Contingency Fund of India, Public Account of India, Cut Motions, Guillotine, Vote on Account, Interim Budget, Fiscal Consolidation, Crowding Out Effect","Constitutional provisions under Article 112, Difference between Revenue and Capital Budget, Stages of budget enactment in Parliament, Types of Cut Motions and their significance, Role of the Department of Economic Affairs in budget preparation, Zero-Based Budgeting and its applications, Objectives and components of Outcome Budgeting, Gender Budgeting and its impact on inclusive development, Concepts of Fiscal, Revenue, and Primary Deficits, Fiscal Responsibility and Budget Management (FRBM) Act, Difference between Plan and Non-Plan expenditure, Performance Budgeting vs Line-Item Budgeting, Role of the Finance Bill and Appropriation Bill, Impact of Crowding Out effect and Fiscal Consolidation strategies",,,High
cmopjvmz200auz3r0lvkrkmwm,investment-models-ppp-viability-gap-funding-hybrid-annuity,"Investment Models — PPP, Viability Gap Funding, Hybrid Annuity",INDIAN ECONOMY,GS3,"Build-Operate-Transfer (BOT), Hybrid Annuity Model (HAM), Viability Gap Funding (VGF), Vijay Kelkar Committee on Revitalising PPP, EPC Model, Swiss Challenge Method, Toll-Operate-Transfer (TOT), National Infrastructure Pipeline (NIP), PM Gati Shakti, Model Concession Agreement (MCA), Build-Own-Operate (BOO), Design-Build-Finance-Operate (DBFO)","Evolution of investment models from public-funded to PPP, Characteristics of Build-Operate-Transfer (BOT) and its variants, Engineering Procurement and Construction (EPC) model vs PPP, Risk allocation mechanisms in Hybrid Annuity Model (HAM), Role and revamped guidelines of Viability Gap Funding (VGF), Kelkar Committee recommendations on revitalizing PPPs, Challenges of infrastructure financing and Twin Balance Sheet problem, Significance of Special Purpose Vehicles (SPV) in infrastructure, Asset monetization through Toll-Operate-Transfer (TOT) model, Impact of regulatory hurdles and land acquisition on project bankability, Institutional framework including PPP Appraisal Committee (PPPAC), Role of National Infrastructure Pipeline (NIP) in mobilizing private capital, Evaluation of social sector PPPs in health and education, Comparison of annuity-based vs toll-based revenue models",,,High
cmopjvl1h00a4z3r0kb0vxo42,insolvency-bankruptcy-code-ibc-framework-cases,Insolvency & Bankruptcy Code (IBC) — Framework & Cases,INDIAN ECONOMY,GS3,"Insolvency and Bankruptcy Code 2016, Corporate Insolvency Resolution Process (CIRP), Committee of Creditors (CoC), Insolvency and Bankruptcy Board of India (IBBI), National Company Law Tribunal (NCLT), National Company Law Appellate Tribunal (NCLAT), Pre-Packaged Insolvency Resolution Process (PPIRP), Information Utilities, Waterfall Mechanism, Moratorium, Cross-Border Insolvency, UNCITRAL Model Law on Cross-Border Insolvency, Financial vs Operational Creditors, SICA Act, SARFAESI Act","Evolution from SICA and SARFAESI to IBC, Four pillars of IBC institutional infrastructure, Roles and functions of the Insolvency and Bankruptcy Board of India (IBBI), Corporate Insolvency Resolution Process (CIRP) timelines and stages, Waterfall mechanism and priority of claims under Section 53, Duties and powers of Insolvency Professionals (IPs), Role of Information Utilities (IUs) in establishing default, Pre-packaged Insolvency Resolution Process (PIRP) for MSMEs, Judicial delays and capacity of National Company Law Tribunal (NCLT), Cross-border insolvency framework and UNCITRAL Model Law, Impact of IBC on Non-Performing Assets (NPAs) and credit culture, Evaluation of ""haircuts"" and recovery rates for financial vs operational creditors, Group insolvency and substantive consolidation, 2026 amendments regarding mandatory admission and out-of-court resolutions",,,High
cmopjvkuv009qz3r0go8cnamo,inclusive-growth-concept-strategies-indias-record,"Inclusive Growth — Concept, Strategies & India's Record",INDIAN ECONOMY,GS3,"Sabka Saath Sabka Vikas, Mahatma Gandhi National Rural Employment Guarantee Act, PM Jan Dhan Yojana, Ayushman Bharat - PM Jan Arogya Yojana, National Food Security Act 2013, Right to Education Act 2009, Article 38, Article 39, JAM Trinity, PM Mudra Yojana, National Education Policy 2020, Skill India Mission, PM Awas Yojana, Digital India Mission, Gini Coefficient","Multidimensional Poverty Index and India's progress, Wealth concentration and Gini coefficient trends in India, JAM Trinity and digital financial inclusion, Labor force participation rate and jobless growth concerns, Impact of NEP 2020 on equitable education access, Skill India Mission and employability gap, Gender-responsive budgeting and women's workforce participation, MGNREGA and rural livelihood security, Regional disparities in HDI across Indian states, PM Jan Dhan Yojana and formal banking penetration, Ayushman Bharat and reduction in out-of-pocket health expenditure, Social security coverage for informal sector workers, Impact of GST on small and medium enterprises, Direct Benefit Transfer and leakage reduction in welfare schemes, Role of SHG-Bank Linkage in grassroots empowerment",,,High
cmopjvmyw00atz3r0oukh1jcb,bad-bank-narcl-concept-implementation,Bad Bank (NARCL) — Concept & Implementation,INDIAN ECONOMY,GS3,"National Asset Reconstruction Company Limited, India Debt Resolution Company Limited, Non-Performing Assets, SARFAESI Act 2002, Insolvency and Bankruptcy Code 2016, Security Receipts, Government Guarantee, Asset Reconstruction Company, ARC-AMC Structure, Asset Quality Review, 15:85 Cash-to-SR Ratio, Capital Recycling, Stressed Asset Management Verticals, Bad Bank Model, Financial Stability Report, Prompt Corrective Action Framework","Definition and objectives of National Asset Reconstruction Company Limited (NARCL), Role and functions of India Debt Resolution Company Limited (IDRCL), The 15:85 cash and security receipts (SRs) payment structure, Government guarantee for security receipts and its invocation, Dual structure of NARCL-IDRCL and operational efficiency challenges, Asset acquisition process and the Swiss Challenge method, Impact on bank balance sheets and capital provisioning, Comparison between NARCL and existing Asset Reconstruction Companies (ARCs), Twin Balance Sheet problem and its historical context, Role of K.V. Kamath Committee in stressed asset resolution, Moral hazard and taxpayer burden associated with government-backed bad banks, Pricing discrepancies and valuation issues of non-performing assets, Synergies and differences between NARCL and Insolvency and Bankruptcy Code (IBC) processes, Potential impact on credit flow and economic growth stimulus",,,Medium
cmopjvkuv009wz3r0kkx8tk7n,rbi-monetary-policy-inflation-targeting-mpc,"RBI — Monetary Policy, Inflation Targeting & MPC",INDIAN ECONOMY,GS3,"Reserve Bank of India Act 1934, Monetary Policy Committee, Flexible Inflation Targeting, Consumer Price Index, Repo Rate, Reverse Repo Rate, Liquidity Adjustment Facility, Marginal Standing Facility, Cash Reserve Ratio, Statutory Liquidity Ratio, Urjit Patel Committee, Open Market Operations, Monetary Policy Framework Agreement, Standing Deposit Facility, Weighted Average Call Money Rate","Evolution of monetary policy framework in India, Composition and mandate of the Monetary Policy Committee, Flexible Inflation Targeting (FIT) framework and its legal basis, Determinants of the Consumer Price Index (CPI) target, Liquidity Adjustment Facility (LAF) and the policy corridor, Standing Deposit Facility (SDF) vs Reverse Repo, Marginal Standing Facility (MSF) and Bank Rate alignment, Quantitative tools including CRR and SLR, Open Market Operations (OMO) and Market Stabilisation Scheme (MSS), Transmission of monetary policy to lending rates, Expansionary versus Contractionary monetary policy stances, Role of the Weighted Average Call Rate (WACR) as an operating target, Impact of external shocks on monetary policy decisions, Trade-offs between inflation targeting and economic growth objectives",,,High
cmopjvnia00b1z3r0odkejqly,industrial-corridors-manufacturing-hubs,Industrial Corridors & Manufacturing Hubs,INDIAN ECONOMY,GS3,"National Industrial Corridor Development Programme (NICDP), National Industrial Corridor Development and Implementation Trust (NICDIT), PM GatiShakti National Master Plan, Delhi-Mumbai Industrial Corridor (DMIC), Amritsar-Kolkata Industrial Corridor (AKIC), Chennai-Bengaluru Industrial Corridor (CBIC), Special Economic Zones (SEZs), National Investment and Manufacturing Zones (NMIZs), Make in India Initiative, Multi-modal Connectivity, Plug-and-Play Infrastructure, Sagarmala Project, Act East Policy, East Coast Economic Corridor (ECEC)","National Industrial Corridor Development Programme (NICDP) objectives, Role of National Industrial Corridor Development and Implementation Trust (NICDIT), Integration with PM Gati Shakti National Master Plan, Plug-and-play infrastructure and walk-to-work urban planning, Multi-modal connectivity via Dedicated Freight Corridors (DFC), Impact on logistics cost reduction and global competitiveness, Development of greenfield smart industrial cities and townships, Role of Special Economic Zones (SEZs) and NIMZs within corridors, Challenges in land acquisition and inter-departmental coordination, Contribution to Atmanirbhar Bharat and Make in India initiatives, Environmental impact and Low-Carbon City (LCC) frameworks, Sector-specific clusters like electronics and defense in CBIC and HBIC, Socio-economic impact on regional disparity and employment generation, Comparison between industrial corridors and traditional industrial regions",,,Medium
cmopjvlur00a8z3r0qavxf4yk,foreign-investment-fdi-vs-fpi-fipb-policy-changes,"Foreign Investment — FDI vs FPI, FIPB & Policy Changes",INDIAN ECONOMY,GS3,"Foreign Direct Investment (FDI), Foreign Portfolio Investment (FPI), Foreign Exchange Management Act (FEMA) 1999, Department for Promotion of Industry and Internal Trade (DPIIT), Foreign Investment Promotion Board (FIPB) Abolition, Automatic Route vs Government Route, Sectoral Caps, Brownfield vs Greenfield Investment, Securities and Exchange Board of India (SEBI), Reserve Bank of India (RBI) Regulations, Qualified Foreign Investor (QFI), Hot Money, Balance of Payments (BoP), External Commercial Borrowings (ECB)","Conceptual differences between FDI and FPI based on 10 percent equity threshold, Stability of FDI vs volatility of FPI as hot money, Evolution of FDI policy and the abolition of Foreign Investment Promotion Board (FIPB), Automatic vs Government approval routes for foreign capital, Impact of FDI on technology transfer and domestic employment, Sectoral caps and prohibited sectors for foreign investment, Role of Department for Promotion of Industry and Internal Trade (DPIIT) in FDI regulation, FPI regulations under SEBI and its impact on stock market liquidity, Reclassification of FPI as FDI under updated RBI guidelines, Foreign Exchange Management Act (FEMA) and its role in capital account transactions, Trends in Greenfield vs Brownfield investments in India, Significance of External Commercial Borrowings (ECB) and Depository Receipts, Impact of global interest rates and US Fed tapering on FPI flows, Back-end infrastructure and local sourcing norms in Multi-Brand Retail Trading (MBRT)",,,High
cmopjvl1h00a6z3r0xhz9m0av,telecom-infrastructure-bharatnet-5g-digital-divide,"Telecom Infrastructure — BharatNet, 5G & Digital Divide",INDIAN ECONOMY,GS3,"BharatNet, Digital Bharat Nidhi, National Broadband Mission, National Digital Communications Policy 2018, Digital India, Bharat Broadband Network Limited (BBNL), Universal Service Obligation Fund (USOF), Public-Private Partnership (PPP) Model, Right of Way (RoW) Rules, Fiberization of Towers, PM GatiShakti, 5G Rollout, Digital Divide, Telecom Act 2023, Last Mile Connectivity","Evolution of NOFN to BharatNet, Three-phase implementation strategy of BharatNet, Role of Bharat Broadband Network Limited (BBNL), Public-Private Partnership (PPP) models in rural connectivity, Impact of Digital Bharat Nidhi (DBN) on telecom funding, 5G deployment challenges in rural vs urban areas, Last-mile connectivity and the usage gap, Impact of high-speed internet on e-governance and DBT, Satellite and wireless technologies for remote area connectivity, Role of Village Level Entrepreneurs (VLEs) in digital adoption, Impact of plummeted data costs on digital inclusion, Integration of 5G with Digital Public Infrastructure (DPI), Spectrum allocation and telecom regulatory framework for 5G, Socio-economic impact of broadband on rural education and healthcare",,,High
cmopjvn3s00ayz3r0wdzxa1c2,financial-inclusion-jan-dhan-payment-banks-digital-finance,"Financial Inclusion — Jan Dhan, Payment Banks & Digital Finance",INDIAN ECONOMY,GS3,"Pradhan Mantri Jan Dhan Yojana, JAM Trinity, Unified Payments Interface, Payment Banks, Small Finance Banks, Direct Benefit Transfer, National Strategy for Financial Inclusion 2019-2024, Deepak Mohanty Committee, Nachiket Mor Committee, RBI Digital Payments Index, Aadhaar-enabled Payment Systems, RuPay, Financial Literacy and Consumer Protection, Payment and Settlement Systems Act 2007, Digital Lending Guidelines, BC Sakhi Model","Evolution of PMJDY from Swabhimaan to universal household coverage, National Strategy for Financial Inclusion 2019-2024, Role of Business Correspondents and Bank Mitras in last-mile delivery, Impact of JAM Trinity on leakage reduction and Direct Benefit Transfer, Operational and regulatory framework for Payment Banks, Transition from cash-based to paperless economy through UPI and RuPay, Challenges of account dormancy and inactive PMJDY accounts, Financial literacy and the digital divide between rural and urban populations, Role of NPCI in developing payment-and-settlement infrastructure, Use of Aadhaar-enabled Payment Systems (AePS) for underserved demographics, Integration of micro-insurance and pension schemes into basic savings accounts, Cybersecurity concerns and consumer protection in digital finance, Impact of digital financial inclusion on women's empowerment and economic independence, Scaling small-value transactions with UPI Lite and AutoPay features",,,High
cmopjvkuv009tz3r009isz45v,public-debt-market-borrowing-sovereign-debt-sustainability,"Public Debt — Market Borrowing, Sovereign Debt & Sustainability",INDIAN ECONOMY,GS3,"Internal Debt, External Debt, Fiscal Responsibility and Budget Management (FRBM) Act 2003, Article 292, Article 293, N.K. Singh Committee, Debt-to-GDP Ratio, Crowding Out Effect, Sovereign Debt Sustainability, Consolidated Fund of India, Public Account of India, Treasury Bills, Dated Securities, Public Debt Management Cell (PDMC), Debt Service Ratio, Primary Deficit","Internal and External Debt Classification, Debt-to-GDP Ratio Trends and Targets, NK Singh Committee Recommendations on FRBM, Sovereign Gold Bond Scheme and Market Borrowing, Debt Sustainability Indicators (r-g dynamics), Fiscal Consolidation Glide Path, Crowding Out Effect of Public Debt, Public Debt Management Agency (PDMA), Maturity Profile and Refinancing Risk, Off-Budget Borrowings and Transparency, Impact of Sovereign Credit Ratings on Borrowing Costs, Debt Servicing Burden and Revenue Receipts, General Government Debt (Centre vs States) Ratio, Role of RBI as Debt Manager to the Government",,,High
cmopju8h1000m13jj133i9l05,communalism-history-causes-legal-framework,"Communalism — History, Causes & Legal Framework",INDIAN SOCIETY,GS1,"Divide and Rule Policy, Morley-Minto Reforms 1909, Communal Award 1932, Partition of India, Section 153A of IPC, Section 295A of IPC, Section 123 of Representation of the People Act 1951, Religious Institutions (Prevention of Misuse) Act 1988, Sachar Committee, Justice Ranganath Misra Commission, Nanavati-Mehta Commission, Article 15, Article 25, National Integration Council, Nehru-Liaquat Pact","Evolution of communalism in ancient and medieval India, British policy of divide and rule and its institutional impact, Impact of 19th-century socio-religious reform movements on communal identity, Role of separate electorates and Morley-Minto Reforms 1909, Growth of communal organizations like Muslim League and Hindu Mahasabha, Impact of the Partition of Bengal 1905 on communal discord, Role of biased colonial historiography in creating religious antagonism, Communalization of politics in the post-independence era, Socio-economic causes of communalism including poverty and unemployment, Legal and constitutional safeguards against communalism in India, Impact of communalism on national integration and social harmony, Role of social media and fake news in modern radicalization, Analysis of major communal riots and their long-term consequences, Psychological factors and the ""us versus them"" mindset in sectarianism",,,High
cmopju9tw001613jj0crhn2lm,poverty-alleviation-programmes-design-implementation-gaps,Poverty Alleviation Programmes — Design & Implementation Gaps,INDIAN SOCIETY,GS1,"Multidimensional Poverty Index, Mahatma Gandhi National Rural Employment Guarantee Act (MGNREGA), Pradhan Mantri Garib Kalyan Anna Yojana, National Food Security Act 2013, Direct Benefit Transfer (DBT), JAM Trinity, Deendayal Antyodaya Yojana (DAY-NRLM), Tendulkar Committee, Rangarajan Committee, Sustainable Development Goal 1, Pradhan Mantri Awas Yojana, Shanta Kumar Committee, Exclusion and Inclusion Errors, Gini Coefficient","Evolution from universal to targeted poverty alleviation strategies, Top-down vs participatory identification of beneficiaries, Leakages and diversion in the Public Distribution System, Inclusion and exclusion errors in BPL identification, Role of Panchayati Raj Institutions in last-mile delivery, Impact of corruption and middleman intervention on benefit transfer, Challenges in skill development and market-linkage in NRLM/NULM, Implementation gaps in MGNREGA wage payments and asset creation, Effectiveness of Direct Benefit Transfer (DBT) in reducing administrative overheads, Regional disparities in the performance of poverty alleviation schemes, Role of Self-Help Groups (SHGs) in social mobilization and financial inclusion, Convergence of multi-sectoral schemes (Housing, Water, Electricity) for holistic upliftment",,,High
cmopju7is000b13jjlukf9z23,urban-waste-management-sanitation,Urban Waste Management & Sanitation,INDIAN SOCIETY,GS1,"Solid Waste Management Rules 2016, Solid Waste Management Rules 2026, Swachh Bharat Mission (Urban) 2.0, Article 21, Article 47, 74th Constitutional Amendment Act, Manual Scavenging Act 2013, Extended Producer Responsibility, Circular Economy, Plastic Waste Management Rules, Central Pollution Control Board, Urban Local Bodies, Behavioral Change and Jan Andolan, Sustainable Development Goal 6, Sustainable Development Goal 11","Sociological impact of rapid urbanization on waste generation, Gender dimensions of sanitation and waste picking, Social exclusion and stigmatization of manual scavengers, Role of community participation and Jan Andolan in Swachh Bharat Mission, Caste-based divisions in traditional sanitation work, Impact of poor sanitation on women's safety and dignity, Social challenges of source segregation and behavioral change, Informal waste-pickers and their integration into formal urban systems, Slum sanitation challenges and the ""pay-and-use"" model, Impact of urban waste on public health and marginalized communities, Role of NGOs and Self-Help Groups in decentralized waste management, Cultural barriers to the 3Rs (Reduce, Reuse, Recycle) in Indian households, Sanitation as a tool for social empowerment and dignity, Governance of urban local bodies in managing community sanitation hubs",,,Medium
cmopju81s000f13jjsl88gwhr,social-change-in-india-causes-repercussions,Social Change in India — Causes & Repercussions,INDIAN SOCIETY,GS1,"Sanskritization, Westernization, Modernization, Globalization, Scheduled Castes and Scheduled Tribes (Prevention of Atrocities) Act, Article 17, Article 15, Article 46, Mandal Commission, 73rd and 74th Constitutional Amendment Acts, Urbanization, Nuclearization of Families, Digitalization, Demographic Dividend, Social Empowerment, Protection of Women from Domestic Violence Act 2005","Constitutional provisions for social justice and equality, Impact of modernization on traditional value systems, Role of education as an agent of social change, Globalization and its socio-cultural consequences, Changing dimensions of the joint family system and rise of nuclear families, Impact of legislation on caste-based discrimination and untouchability, Social ramifications of internal migration and urbanization, Digitalization and its influence on social interactions and political participation, Women's movements and legislative impacts on gender rights, Evolution of agrarian structures and rural social change, Impact of mass media and social media on cultural homogenization, Secularization of worldviews and life goals in contemporary India, Social consequences of economic planning and development policies, Empowerment of marginalized groups through reservation and affirmative action, Emerging patterns of social mobility and occupational diversification",Social Justice and Reservation Policies; Dalit Literature and Activism; Neoliberalism and its socio-economic effects,"Critically analyze how globalization has accelerated both modernization and inequality in Indian society.; Discuss the shifting role of caste in contemporary Indian life, using examples from urban spaces.; To what extent have digital platforms redefined social interactions and political participation in India?",High
cmopju8yr000p13jjwcu23uqk,caste-movements-ambedkar-periyar-social-reform,"Caste Movements — Ambedkar, Periyar & Social Reform",INDIAN SOCIETY,GS1,"Self-Respect Movement, Mahad Satyagraha, Annihilation of Caste, Poona Pact 1932, Article 17, Protection of Civil Rights Act 1955, Temple Entry Movements, Vaikom Satyagraha, Dalit Buddhist Movement, Bahujan Movement, Manusmriti Dahan, Justice Party, Kudi Arasu, Satyashodhak Samaj, Scheduled Castes Federation","Jyotiba Phule and Satyashodhak Samaj, Periyar and the Self-Respect Movement, Ambedkar's Annihilation of Caste, Mahad Satyagraha and Temple Entry Movements, Communal Award and Poona Pact 1932, Difference between Gandhi and Ambedkar on Caste, Role of education in Dalit empowerment, Constitutional safeguards for Scheduled Castes, Impact of mass conversion to Buddhism in 1956, Evolution of the term Dalit, Intersectionality of caste and gender in social reform, Justice Party and Dravidian identity, Anti-Brahminical movements in South India, Socio-economic impact of land reforms on caste hierarchy, Dalit Panther Movement and radical activism",,,High
cmopju8ys000q13jjd2iy9t9e,regionalism-theories-manifestations-management,"Regionalism — Theories, Manifestations & Management",INDIAN SOCIETY,GS1,"Dhar Commission, JVP Committee, Fazal Ali Commission, States Reorganisation Act 1956, Son of the Soil Doctrine, Sub-nationalism, Secessionism, Article 371, 6th Schedule of the Indian Constitution, Inter-State Council, Zonal Councils, National Integration Council, Linguistic Reorganisation, Regional imbalances and development disparities, 7th Constitutional Amendment Act","Positive vs negative regionalism, Internal colonialism and peripheral exploitation theories, Evolution of linguistic states and States Reorganisation Commission 1956, Secessionism vs separatism manifestations, Supra-state and inter-state regionalism, Sons of the soil ideology and nativism, Impact of regional imbalances and lopsided development, Role of regional political parties in national integration, Administrative and political failures as drivers of sub-regionalism, Constitutional safeguards for regional autonomy and 6th Schedule, Inter-state water and territorial disputes, Ethnic autonomy movements in North-East India, Impact of regionalism on federalism and center-state relations, Role of local governance and decentralization in managing regional aspirations",,,High
cmopju8h0000j13jjq8vogs79,social-empowerment-persons-with-disabilities,Social Empowerment — Persons with Disabilities,INDIAN SOCIETY,GS1,"Rights of Persons with Disabilities Act 2016, UN Convention on the Rights of Persons with Disabilities, Article 14, Article 15, Article 17, Article 21, Article 41, National Trust Act 1999, Rehabilitation Council of India Act 1992, Accessible India Campaign (Sugamya Bharat Abhiyan), Deendayal Disabled Rehabilitation Scheme, Unique Disability ID (UDID) Project, National Fund for Persons with Disabilities, 5 percent reservation in higher education, 4 percent reservation in government jobs","Rights of Persons with Disabilities Act 2016 provisions, Evolution from medical to social model of disability, Accessibility standards for public infrastructure and Sugamya Bharat Abhiyan, Challenges in inclusive education and 5% reservation in higher education, Employment barriers and 4% reservation in government jobs, Social stigma and psychological impact of disability, Role of assistive technology and digital accessibility, Empowerment of women and children with disabilities, Institutional mechanisms like Chief Commissioner for Persons with Disabilities, Impact of the UN Convention on the Rights of Persons with Disabilities (UNCRPD) on Indian law, Issues of certification and the UDID project, Disability-inclusive disaster management and relief, Financial inclusion and insurance coverage for PwDs, Role of NGOs and civil society in disability advocacy",,,High
cmopju7hi000913jjkdsdl6z2,social-empowerment-obcs-reservation-policy,Social Empowerment — OBCs & Reservation Policy,INDIAN SOCIETY,GS1,"Mandal Commission, Indra Sawhney Case (1992), Article 15(4), Article 16(4), Creamy Layer Concept, Rohini Commission, 102nd Constitutional Amendment Act, Article 338B (NCBC), Sub-categorization of OBCs, Article 340, Kalelkar Commission, Socially and Educationally Backward Classes (SEBC), 127th Constitution Amendment Bill, Vertical vs Horizontal Reservation","Constitutional provisions under Articles 15(4) and 16(4), Mandal Commission recommendations and impact, Indra Sawhney vs Union of India judgment (1992), Creamy Layer criteria and exclusion mechanism, National Commission for Backward Classes (NCBC) constitutional status under 102nd Amendment, G. Rohini Commission on sub-categorization of OBCs, Evolution of reservation from the Poona Pact to current policies, Socio-economic impact of 27% reservation in central services, Challenges of over-inclusion and under-inclusion in the Central List, Impact of 103rd Amendment (EWS) on existing OBC quotas, Representation of OBCs in higher judiciary and academia, Distinction between social and educational backwardness vs economic backwardness, Role of caste census in determining OBC population and policy, Reservation in local bodies and the Triple Test criteria prescribed by Supreme Court",Federalism and Center-State Relations (Devolution of power in education/employment).; Social Justice Movements (History of anti-caste movements and their modern relevance).; Livelihood Security and Economic Development Policies (Linking reservations to employment/income generation).,Critically examine the constitutional provisions ensuring social justice and analyze their efficacy in addressing caste-based inequalities in modern India.; Discuss whether reservations alone can achieve true social empowerment or if institutional reforms and economic inclusion are equally vital. (15 marks); Assess the challenges posed by the widening gap between the legally designated 'backward' groups and their actual socio-economic status.,Medium
cmopju7el000613jjahy1vw4l,violence-against-women-acid-attacks-marital-rape-honour-killing,"Violence Against Women — Acid Attacks, Marital Rape, Honour Killing",INDIAN SOCIETY,GS1,"Protection of Women from Domestic Violence Act 2005, Bharatiya Nyaya Sanhita 2023, Article 15, Article 21, Article 51A(e), Laxmi v. Union of India, Vishaka Guidelines, CEDAW, National Commission for Women, Nirbhaya Fund, SHe-Box, One Stop Centre Scheme, Beti Bachao Beti Padhao, POCSO Act, Justice Verma Committee Report","Socio-cultural roots of patriarchy and gender-based violence, Section 326A and 326B of IPC on acid attacks, Judicial perspective on marital rape exception in Section 375, Justice Verma Committee recommendations on sexual assault reforms, Role of Khap Panchayats in honour killings, Constitutional violations of Articles 14 15 and 21 in honour crimes, Laxmi v. Union of India and regulation of acid sales, Impact of gendered socialization on violence against women, Challenges in rehabilitation and social reintegration of survivors, Global Gender Gap Index and its correlation with violence, Effectiveness of the Criminal Law (Amendment) Act 2013, Psychological and economic consequences of disfigurement, International conventions like CEDAW and Beijing Platform for Action, Role of law enforcement in curbing heinous gender-based crimes","Patriarchy and Gender Inequality; Criminal Justice System failures; Human Rights Discourse (CEDAW, Beijing Platform)","Critically examine how socio-cultural norms perpetuate violence against women, despite stringent legal frameworks. (250 words); Discuss the role of law enforcement and judicial reforms in effectively curbing heinous crimes like acid attacks and honour killings.; Has the emphasis on individual accountability succeeded in addressing systemic gender biases that lead to violence against women? (150 words)",High
cmopju9nu001213jjdhhmy04q,mdgssdgs-indias-health-targets,MDGs/SDGs & India's Health Targets,INDIAN SOCIETY,GS1,"Sustainable Development Goal 3, Millennium Development Goals, National Health Policy 2017, Ayushman Bharat PMJAY, Article 21, Article 47, Universal Health Coverage, POSHAN Abhiyaan, Maternal Mortality Ratio, Infant Mortality Rate, NITI Aayog SDG India Index, Health and Wellness Centres, NFHS-5, Out-of-Pocket Expenditure, Reproductive and Child Health Services","Transition from MDGs to SDGs in India's health sector, SDG 3 targets and national indicators, Maternal Mortality Ratio (MMR) trends and 2030 targets, Neonatal and Under-5 mortality reduction strategies, Universal Health Coverage (UHC) and financial risk protection, National Health Policy 2017 health targets, Role of NITI Aayog in SDG coordination and monitoring, Communicable vs Non-Communicable disease burden in India, Reproductive and child health (RMNCH+N) interventions, Impact of social determinants like sanitation and nutrition on health goals, Strengthening healthcare infrastructure and HRH management, Inter-state variations in achieving health-related SDGs",,,High
cmopjucek001y13jj3h3fpw4v,street-children-child-abandonment,Street Children & Child Abandonment,INDIAN SOCIETY,GS1,"Juvenile Justice (Care and Protection of Children) Act 2015, Mission Vatsalya, Child and Adolescent Labour (Prohibition and Regulation) Act 1916, Article 24, Article 39(f), Article 21A, UN Convention on the Rights of the Child, Integrated Child Protection Scheme (ICPS), Childline 1098, NCPCR, Adoption Regulations (CARA), Children in Street Situations (CiSS) Guidelines, Operation Muskaan, Right to Education Act 2009, POCSO Act 2012","UNICEF classification of street children, Factors leading to child abandonment and homelessness, Vulnerability to organized crime and drug peddling, Impact of family conflict and domestic violence on runaway children, Legal definition of Children in Need of Care and Protection (CNCP), Role and powers of Child Welfare Committees (CWC), Implementation of Juvenile Justice (Care and Protection of Children) Act 2015, Challenges in identification and enumeration of floating populations, Socio-economic impact of substance abuse among street children, Constitutional safeguards for destitute children under Articles 21 and 39, Integrated Programme for Street Children and SAARE initiatives, Rehabilitation and social re-integration strategies for abandoned youth, Gender-specific vulnerabilities of girl children on streets, Impact of urban poverty and migration on child homelessness",,,Medium
cmopju951000r13jj9tj0qo90,linguistic-minorities-issues-constitutional-protections,Linguistic Minorities — Issues & Constitutional Protections,INDIAN SOCIETY,GS1,"Article 29, Article 30, Article 347, Article 350A, Article 350B, Commissioner for Linguistic Minorities, States Reorganisation Act 1956, 7th Constitutional Amendment Act, Three-Language Formula, National Education Policy 2020, 8th Schedule, Linguistic Reorganisation of States, Cultural and Educational Rights, Mother Tongue-Based Multilingual Education","Definition and determination of linguistic minorities at state level, Article 29 and conservation of distinct language and script, Article 30 and right to establish and administer educational institutions, Article 350A and instruction in mother tongue at primary stage, Article 350B and role of Special Officer for Linguistic Minorities, Eighth Schedule and status of non-scheduled languages, TMA Pai Foundation case and state-wise identification of minorities, Issues of linguistic chauvinism and identity politics, Impact of Hindi imposition and three-language formula, Educational and administrative barriers for linguistic minorities, Role of National Commission for Minority Educational Institutions, Constitutional safeguards under Article 347 for official recognition, Protection of endangered and minor languages, Impact of New Education Policy 2020 on mother tongue instruction, Linguistic federalism and challenges of state reorganization on linguistic lines",,,Medium
cmopju7eh000313jjz1gvabiu,rural-poverty-agrarian-distress,Rural Poverty & Agrarian Distress,INDIAN SOCIETY,GS1,"National Commission on Farmers, M.S. Swaminathan Report, Agrarian Crisis, Farmer Suicides, Minimum Support Price, Land Reforms, Institutional Credit, Kisan Credit Card, National Rural Health Mission, MGNREGA, Food Security, Article 47, Rural Indebtedness, Feminization of Agriculture, Small and Marginal Farmers","Causes of rural poverty in India, Feminization of agriculture and its social impact, Male outmigration and its effect on rural households, Impact of climate change on agrarian livelihoods, Landless labor and rural social stratification, Caste-based disparities in land ownership, Debt trap and psychological impact on farmer families, Socio-economic consequences of farmer suicides, Role of Self-Help Groups in rural poverty alleviation, Impact of globalization on smallholder farmers, Structural issues in rural credit and institutional access, Digital divide in rural education and health services, Food insecurity among marginal farmers and laborers, Marginalization of women in agricultural decision-making, Role of MGNREGA in addressing seasonal unemployment and distress migration",,,High
cmopju9d2000v13jj5i9ibkq8,child-labour-legal-framework-ground-reality,Child Labour — Legal Framework & Ground Reality,INDIAN SOCIETY,GS1,"Article 23, Article 24, Child Labour (Prohibition and Regulation) Amendment Act 2016, Right to Education Act 2009, ILO Convention No. 138, ILO Convention No. 182, National Child Labour Project (NCLP) Scheme, Gurupadaswamy Committee, PENCIL Portal, Sustainable Development Goal 8.7, M.C. Mehta v. State of Tamil Nadu, National Commission for Protection of Child Rights (NCPCR), Juvenile Justice (Care and Protection of Children) Act 2015","Constitutional provisions under Articles 23, 24, and 39, Evolution of Child Labour Prohibition and Regulation Act from 1986 to 2016, Distinction between Child and Adolescent under the 2016 Amendment, Impact of the Right to Education Act on child labor eradication, Critical analysis of the family enterprise exemption in the 2016 Act, Compliance with ILO Conventions 138 and 182, Prevalence of child labor in hazardous informal sectors like brick kilns and zari work, Role of the National Child Labour Project and PENCiL portal, Judicial mandates from the M.C. Mehta and Bachpan Bachao Andolan cases, Linkages between rural poverty and bonded child labor, Socio-psychological impact of hazardous work on child development, Gender dimensions of child labor in domestic service and agriculture",,,Medium
cmopju9nu001313jjvvxhq7c0,women-in-politics-reservation-representation,Women in Politics — Reservation & Representation,INDIAN SOCIETY,GS1,"Nari Shakti Vandan Adhiniyam 2023, 106th Constitutional Amendment Act, 73rd Constitutional Amendment Act, 74th Constitutional Amendment Act, Article 243D, Article 243T, Article 330A, Article 332A, Article 334A, Women's Reservation Bill, Panchayati Raj Institutions, Urban Local Bodies, Sarpanch Pati Culture, Intersectional Representation, CEDAW, Beijing Declaration 1995, Global Gender Gap Report, Reservation in Lok Sabha and State Assemblies","Evolution of women's representation in Lok Sabha from 1952 to 2024, Provisions of 106th Constitutional Amendment Act (Nari Shakti Vandan Adhiniyam) 2023, Impact of 73rd and 74th Constitutional Amendments on grassroots leadership, Phenomenon of Sarpanch-Pati and proxy representation, Constitutional debates on gender-based reservation (Renuka Ray and Hansa Mehta), Barriers to political entry: financial constraints and party nomination bias, Intersectionality of caste and gender in political reservation, Role of criminalization and violence in deterring women's participation, Comparative analysis of global quotas and India's legislative approach, Impact of women representatives on village-level developmental priorities, Legislative history of the Women's Reservation Bill since 1996, Linkage between census publication and delimitation for reservation implementation",,,High
cmopju9zr001a13jj1b6p4h4w,food-security-pds-nfsa-buffer-stocks,"Food Security — PDS, NFSA, Buffer Stocks",INDIAN SOCIETY,GS1,"National Food Security Act 2013, Public Distribution System, Targeted Public Distribution System, Buffer Stocks, Food Corporation of India, Antyodaya Anna Yojana, Article 21, Article 47, Shanta Kumar Committee, One Nation One Ration Card, Minimum Support Price, PM-POSHAN, Integrated Child Development Services, POSHAN Abhiyaan, Global Hunger Index","Evolution of PDS from wartime rationing to rights-based approach, Societal impact of National Food Security Act (NFSA) 2013 on vulnerable groups, Identification of beneficiaries and targeting errors (Inclusion vs Exclusion), Role of Antyodaya Anna Yojana (AAY) in poverty alleviation, Food security as a component of Article 21 (Right to Life), Social audits and grievance redressal mechanisms in PDS, Impact of One Nation One Ration Card (ONORC) on migrant workers, Nutritional security vs food security (hidden hunger and biofortification), Socio-economic implications of buffer stocks and price stabilization, Challenges of leakages and diversion in the supply chain, Role of Food Corporation of India (FCI) in procurement and storage, Impact of PDS on household consumption and dietary diversity, Gender dimensions of NFSA (Eldest woman as head of family), Feasibility and impact of Direct Benefit Transfer (DBT) in food subsidy",,,Medium
cmopju7iu000d13jjsmw6xdun,urban-transport-issues-reforms,Urban Transport — Issues & Reforms,INDIAN SOCIETY,GS1,"National Urban Transport Policy, Motor Vehicles (Amendment) Act 2019, Transit-Oriented Development, Multi-modal Integration, FAME-II Scheme, PM e-Bus Sewa, Metro Rail Policy 2017, Smart Cities Mission, Non-Motorised Transport, Gendered Mobility, Last Mile Connectivity, National Logistics Policy, Intelligent Transport Systems, Sustainable Urban Mobility, PM-eDrive Scheme","National Urban Transport Policy (NUTP) ""moving people vs moving vehicles"" philosophy, Impact of traffic congestion on economic productivity and $22 billion annual loss, Social and gender-sensitive design in urban mobility, Transit-Oriented Development (TOD) and integrated land-use planning, Challenges of last-mile connectivity and para-transit integration, Sustainable mobility through non-motorized transport (NMT) and pedestrian infrastructure, Financial viability and ridership gap in high-cost Metro rail projects, Role of Unified Metropolitan Transport Authorities (UMTAs) in multi-modal coordination, Environmental impact of vehicular emissions and adoption of electric buses under PM e-Bus Sewa, Success and failure of Bus Rapid Transit (BRT) systems in Indian cities, Fare sensitivity and affordability for low-income urban commuters, Technology interventions like Automated Passenger Counting (APC) and smart ticketing systems, Parking reforms and congestion pricing as demand management tools, Lessons from global best practices in urban transit systems (e.g. London or Curitiba)",,,Medium
cmopju9nu001113jjykig977x,demographic-dividend-capitalising-indias-youth-bulge,Demographic Dividend — Capitalising India's Youth Bulge,INDIAN SOCIETY,GS1,"Demographic Dividend, Dependency Ratio, National Education Policy 2020, Skill India Mission, Total Fertility Rate, Replacement Level Fertility, Female Labour Force Participation Rate, PM Kaushal Vikas Yojana, Periodic Labour Force Survey, UN Framework Convention on Population and Development, Article 21A, SDG 4, SDG 8, Demographic Disaster, Working Age Population, National Youth Policy, Human Capital Formation, Digital India, Startup India, YUVA Mentorship Scheme","Concept and definition of demographic dividend, Stages of demographic transition in India, Trends in Total Fertility Rate and replacement levels, Changing age structure and dependency ratio, Regional variations in demographic transition (North-South divide), Impact of youth bulge on economic growth and savings, Challenges of jobless growth and youth unemployment, Skill gap and employability of Indian graduates, Trends in female labor force participation, Human capital investment in health and education, Impact of internal migration on labor markets, Social security and geriatric care for an aging population, Demographic dividend window and its peaking period (2041), Linkage between urbanization and demographic gains, Role of Skill India and NEP 2020 in human capital formation, Political implications of delimitation and population changes",,,High
cmopju9tp001413jj8zzg07x1,poverty-definition-measurement-data-controversies,"Poverty — Definition, Measurement & Data Controversies",INDIAN SOCIETY,GS1,"Absolute Poverty vs Relative Poverty, Multidimensional Poverty Index (MPI), Tendulkar Committee, Rangarajan Committee, Lakdawala Committee, Alagh Committee, Poverty Line Basket (PLB), Mixed Reference Period (MRP), Uniform Resource Period (URP), Head Count Ratio, Purchasing Power Parity (PPP), Sustainable Development Goal 1, Global Multidimensional Poverty Index, NITI Aayog National MPI, Human Poverty Index (HPI)","Evolution of poverty lines from Dadabhai Naoroji to Lakdawala Committee, Tendulkar Committee methodology and shift to cost of living index, Rangarajan Committee recommendations on calorie and nutrient norms, National Multidimensional Poverty Index by NITI Aayog, Differences between Uniform Reference Period and Mixed Reference Period, Absolute vs relative poverty definitions in the Indian context, Impact of the 2011-12 NSSO data gap on current poverty estimates, World Bank vs national poverty line thresholds, Challenges in capturing non-food expenditure like health and education, Debate over consumption-based vs income-based measurement, Socio-economic indicators in the Global Multidimensional Poverty Index, Feminization of poverty and gender-specific measurement challenges, Impact of pandemic-led disruptions on poverty data reliability, Role of the Household Consumption Expenditure Survey in poverty estimation",,,High
cmopju81s000g13jjeudbitk4,globalisation-cultural-homogenisation-vs-diversity,Globalisation & Cultural Homogenisation vs Diversity,INDIAN SOCIETY,GS1,"Cultural Homogenization, Glocalization, Westernization, McDonaldisation, Cultural Hybridity, Appadurai's Scapes, Soft Power, Digital Divide, Consumerism, Reverse Brain Drain, Intellectual Property Rights, Article 29, Article 30, UNESCO Convention on Cultural Diversity, Information and Communication Technology (ICT) Impact, New Economic Policy 1991, Cultural Imperialism, Diaspora's Cultural Role, OTT Platforms and Identity, Revival of Localism","Westernization of food habits and ""McDonaldization"", Impact of global media on traditional family structures, Linguistic dominance of English vs regional dialects, Consumerism and the ""Culture-Ideology of Consumerism"", Hybridization and the emergence of ""Glocal"" identities, Impact on traditional Indian marriage and kinship systems, Commodity fetishism and the commercialization of local festivals, Role of digital platforms in cultural preservation vs erosion, Impact on indigenous arts and traditional knowledge systems, Influence of global pop culture on youth values and lifestyle, Gender role transformations and individualism in urban India, Cultural polarization and the reassertion of ethnic identities, Impact of global supply chains on local artisanal markets, Soft power and the global spread of Yoga and Bollywood",Cultural Determinism vs Possibilism; Consumerism and Identity Politics; Cultural Rights and Intellectual Property; Soft Power and Cultural Diplomacy; Globalization Backlash and Localism,Critically examine whether globalisation has led to a uniform global culture or merely accelerated the emergence of local variations.; Assess the role of modern communication technologies in preserving indigenous cultural diversity while simultaneously threatening cultural uniqueness.; Discuss the challenges of cultural homogenization and suggest strategies for promoting cultural self-determination in the age of global interconnectedness.,High
cmopju952000u13jjrw9s6h4z,transgender-issues-lgbtq-rights,Transgender Issues & LGBTQ+ Rights,INDIAN SOCIETY,GS1,"Transgender Persons (Protection of Rights) Act 2019, NALSA v. Union of India (2014), Navtej Singh Johar v. Union of India (2018), Article 14, Article 15, Article 19, Article 21, National Council for Transgender Persons, Right to Self-Perceived Gender Identity, Yogyakarta Principles, SMILE Scheme, Horizontal Reservation Debate, Transgender Persons (Protection of Rights) Rules 2020, Decriminalization of Section 377, Third Gender Recognition","NALSA v. Union of India (2014) judgment and the ""third gender"" recognition, Provisions of the Transgender Persons (Protection of Rights) Act 2019, Navtej Singh Johar v. Union of India and decriminalization of Section 377, Socio-economic challenges including family rejection and homelessness, Impact of the colonial-era Criminal Tribes Act of 1871 on stigma, Reservation and affirmative action debate for transgender individuals, Implementation gaps in the National Council for Transgender Persons, SMILE scheme for rehabilitation and welfare, Barriers to healthcare access and gender-affirming care in public hospitals, Role of traditional communities like Hijras and Aravanis in Indian society, Challenges of transgender inclusion in the workplace and education, Significance of the Yogyakarta Principles in the Indian legal context, Digital initiatives like the National Portal for Transgender Persons, Intersectionality of caste and gender identity within the LGBTQ+ community",,,Medium
cmopju951000t13jj1kolsas6,manual-scavenging-legal-framework-ground-reality,Manual Scavenging — Legal Framework & Ground Reality,INDIAN SOCIETY,GS1,"Prohibition of Employment as Manual Scavengers and their Rehabilitation Act 2013, Article 17, Article 21, Article 46, Self Employment Scheme for Rehabilitation of Manual Scavengers (SRMS), National Commission for Safai Karamcharis, NAMASTE Scheme, Swachh Bharat Mission, Caste-based Discrimination and Untouchability, Mechanized Sanitation Ecosystem, Balram Singh v. Union of India, Employment of Manual Scavengers and Construction of Dry Latrines (Prohibition) Act 1993, Social Inclusion and Human Dignity, Hazardous Cleaning of Sewers and Septic Tanks","Historical origins and Naradasamhita references, Evolution of definition from dry latrines to hazardous cleaning, Provisions of PEMSR Act 2013 and 1993 Act, Constitutional safeguards under Articles 15 17 21 and 23, Socio-economic link between caste hierarchy and manual scavenging, Impact of NAMASTE scheme and SRMS on rehabilitation, Role of Safaimitra Suraksha Challenge and Swachh Bharat Mission, Challenges in 100% mechanization and use of Bandicoot robots, Health hazards and occupational diseases among sanitation workers, Supreme Court directives in Dr. Balram Singh v. Union of India, Role of Safai Karmachari Andolan and Bezwada Wilson, Impact of informal contractor systems on worker safety, Gender-specific vulnerabilities of women in manual scavenging, Gaps in identification surveys and data under-reporting",,,Medium
cmopju8o0000n13jjyl2ouo2g,communal-violence-state-response-legislation,Communal Violence — State Response & Legislation,INDIAN SOCIETY,GS1,"IPC Section 153A, IPC Section 153B, IPC Section 295A, Article 15, Article 25, Communal Violence (Prevention, Control and Rehabilitation of Victims) Bill 2005, Prevention of Communal and Targeted Violence (Access to Justice and Reparations) Bill 2011, National Human Rights Commission, Religious Institutions (Prevention of Misuse) Act 1988, National Integration Council, Sachar Committee, Ranganath Misra Commission, Unlawful Activities (Prevention) Act, Section 144 of CrPC, Nanavati-Mehta Commission","Evolution of Communalism in India, Constitutional provisions for religious harmony, Section 153A and 153B of the Indian Penal Code, Targeted Communal and Targeted Violence Bill 2011, Role of National Human Rights Commission in riot management, Impact of communal polarization on social fabric, Guidelines for Communal Harmony by Ministry of Home Affairs, Implementation of Supreme Court directives on police reforms, Role of Peace Committees and Civil Society in de-radicalization, Socio-economic factors and relative deprivation, Use of social media and fake news in inciting violence, Provisions of Bharatiya Nyaya Sanhita related to hate speech, Rehabilitation and compensation policies for riot victims, Role of National Commission for Minorities, Judicial intervention and key SC judgments on secularism",,,High
cmopju9zq001813jjkh32r8md,female-foeticide-infanticide,Female Foeticide & Infanticide,INDIAN SOCIETY,GS1,"PCPNDT Act 1994, Beti Bachao Beti Padhao, Child Sex Ratio, Son Meta-Preference, Medical Termination of Pregnancy Act 1971, Article 21, Article 15, National Policy for Women, Sustainable Development Goal 5, Gender Parity Index, Census 2011, National Family Health Survey, Protection of Women from Domestic Violence Act 2005, Hindu Succession Amendment Act 2005","Socio-cultural root causes and son preference, Trends in declining Child Sex Ratio (1981-2011), Impact of technological misuse in sex selection, Provisions and implementation of PCPNDT Act 1994, Role of the Medical Termination of Pregnancy (MTP) Act 1971, Comparison of sex ratio disparities across Indian states, Impact of dowry and patrilineal inheritance on female survival, Judicial interventions and landmark Supreme Court directions, Consequences of skewed sex ratios on gender-based violence, Evaluation of government schemes like Beti Bachao Beti Padhao, Challenges in conviction rates and regulatory lethargy, Nutritional and healthcare neglect as a form of infanticide, Role of civil society and community awareness in changing mindset, Ethical dilemmas and reproductive rights of women",,,High
cmopju7hh000713jju8pg2wzv,family-planning-issues-government-initiatives,Family Planning — Issues & Government Initiatives,INDIAN SOCIETY,GS1,"National Population Policy 2000, Family Planning Vision 2030, Mission Parivar Vikas, Total Fertility Rate, Replacement Level Fertility, National Family Health Survey, Accredited Social Health Activist, Seventh Schedule Concurrent List, Janani Suraksha Yojana, Pre-Conception and Pre-Natal Diagnostic Techniques Act 1994, Mission Indradhanush, Antara Programme, Hum Do Hamare Do, Sustainable Development Goal 3, Population Momentum","Evolution of India's Family Planning Programme since 1952, National Population Policy 2000 goals and targets, Family Planning Vision 2030 priority areas, Total Fertility Rate (TFR) trends and replacement level fertility, Impact of child marriage and teenage pregnancy on population stabilization, Gender disparity in sterilization and the burden on women, Role of ASHA workers in community-based contraceptive distribution, Mission Parivar Vikas and high-focus districts, Socio-cultural barriers to male participation in family planning, Modern contraceptive basket expansion (Antara and Chhaya), Impact of female literacy and education on fertility rates, Reproductive health rights and personal autonomy, Unmet need for family planning among marginalized communities, Integration of family planning with Maternal and Child Health (MCH) services, Digital tracking through Family Planning Logistic Management and Information System (FP-LMIS)",Sustainable Development Goals (SDG 3: Good Health and Well-being); National Health Mission (NHM) Goals; Gender Equality and Empowerment (Sarva Shiksha Abhiyan/Beti Bachao),Critically analyze the role of government initiatives in achieving optimal demographic dividend in India.; Discuss how socio-economic factors influence reproductive choices and the need for systemic policy changes.; Examine the challenges of integrating family planning services with comprehensive maternal and child health care.,Medium
cmopju7hi000a13jj85rp0tm4,hunger-malnutrition-in-india,Hunger & Malnutrition in India,INDIAN SOCIETY,GS1,"Global Hunger Index, National Food Security Act 2013, POSHAN Abhiyaan, SDG 2 (Zero Hunger), Integrated Child Development Services (ICDS), Mid-Day Meal Scheme, Hidden Hunger, Stunting and Wasting, National Nutrition Strategy, NFHS-5 Data, Article 21, Article 47, Pradhan Mantri Matru Vandana Yojana, Food Fortification, Public Distribution System (PDS) Reforms","Evolution from chronic food scarcity to food system crisis, Distinction between undernutrition, overnutrition, and hidden hunger, Socio-economic determinants of child stunting and wasting in India, Gendered dimensions of malnutrition and maternal health, Impact of NFSA 2013 and PDS leakages on nutritional security, Effectiveness of POSHAN Abhiyaan and ICDS in micro-nutrient delivery, Challenges of the ""Double Burden of Malnutrition"" in urbanizing India, Role of food fortification and bio-fortification in addressing hidden hunger, Linkages between sanitation (WASH) and nutrient absorption, Regional disparities in nutritional outcomes (NFHS-5 data analysis), Impact of climate change on agrifood systems and food affordability, Intergenerational cycle of malnutrition and low birth weight, Role of PM-POSHAN and Mid-Day Meal in school-level nutrition, Evaluation of Global Hunger Index (GHI) methodology in the Indian context","Poverty Alleviation (PDS, MGNREGA); Public Health Policy and Nutrition (ICMR guidelines); Sustainable Development Goals (SDG 2: Zero Hunger)","Critically analyze the effectiveness of existing welfare schemes in achieving nutritional security for the marginalized sections of Indian society.; Examine how socio-economic factors and cultural dietary practices contribute to the persistence of malnutrition, despite governmental efforts.; Discuss the intersectionality of hunger, climate change, and health outcomes in India, suggesting comprehensive policy interventions.",High
cmopju9nu001013jj4z7j0w7o,womens-empowerment-government-schemes-reality,Women's Empowerment — Government Schemes & Reality,INDIAN SOCIETY,GS1,"Beti Bachao Beti Padhao, Mission Shakti, PM Matru Vandana Yojana, Nari Shakti Vandan Adhiniyam 2023, Articles 14, 15 and 16, One Stop Centres (OSC), Nirbhaya Fund, Mahila E-Haat, Stand-Up India, Lakhpati Didi Scheme, Drone Didi Scheme, Ujjwala Yojana, Swadhar Greh, Gender Budgeting, Female Labour Force Participation Rate (LFPR)","Constitutional provisions for gender equality (Articles 14, 15, 16, 39, 42), Impact of Beti Bachao Beti Padhao on child sex ratio, Socio-economic analysis of Pradhan Mantri Matru Vandana Yojana, Effectiveness of Stand-Up India for women entrepreneurs, Role of Lakhpati Didi and Namo Drone Didi in rural livelihood, Performance of One Stop Centres (Sakhi) in addressing violence, Legal protections under POSH Act 2013 and SHe-Box, Feminization of agriculture and land ownership challenges, Women's participation in the labor force and gender pay gap, Digital literacy and the gender digital divide (PM-DISHA), Impact of Ujjwala Yojana on women's health and time poverty, Role of Self-Help Groups (SHGs) and Kudumbashree model, Political representation and the Women's Reservation Bill 2023, Critical evaluation of the Nirbhaya Fund utilization, Challenges in implementation of the Working Women Hostel scheme",,,High
cmopju9hp000y13jjpqs0jg2n,juvenile-justice-reforms-issues,Juvenile Justice — Reforms & Issues,INDIAN SOCIETY,GS1,"Juvenile Justice (Care and Protection of Children) Act 2015, Juvenile Justice Amendment Act 2021, Child Welfare Committee, Juvenile Justice Board, Central Adoption Resource Authority, Article 15(3), Article 39, UN Convention on the Rights of the Child, Preliminary Assessment, Children in Conflict with Law, Children in Need of Care and Protection, District Magistrate's Role in Adoption, Heinous Serious and Petty Offences, Social Investigation Report, POCSO Act 2012","Evolution of Juvenile Justice Law from 1986 to 2015, Distinction between Child in Conflict with Law and Child in Need of Care and Protection, Preliminary assessment of mental and physical capacity for heinous offenses, Trial of juveniles aged 16 to 18 as adults in heinous crimes, Role and composition of Juvenile Justice Boards and Child Welfare Committees, Classification of offenses into petty, serious, and heinous, Provisions for adoption and the role of CARA under the 2015 Act, Institutional versus non-institutional care models, Challenges in age determination and the margin of error principle, Impact of the 2021 Amendment on the categorization of serious offenses, Social reintegration and individual care plans for rehabilitation, Role of Special Juvenile Police Units and child-friendly policing, Concept of restorative justice versus punitive measures, Socio-economic drivers of juvenile delinquency in India",,,Medium
cmopju9tt001513jj3dg2b8la,triple-talaq-muslim-personal-law-reforms,Triple Talaq & Muslim Personal Law Reforms,INDIAN SOCIETY,GS1,"Shayara Bano v. Union of India, Muslim Women (Protection of Rights on Marriage) Act 2019, Article 14, Article 15, Article 21, Article 25, Article 44, Uniform Civil Code, Muslim Personal Law (Shariat) Application Act 1937, Essential Religious Practices Test, Gender Justice and Equality, Talaq-e-Biddat, Nikah Halala, Polygamy, Secularism vs Personal Laws","Evolution of Muslim Personal Law in India, Muslim Personal Law (Shariat) Application Act 1937, Classification of divorce in Islam (Ahsan, Hasan, and Talaq-e-Biddat), Shayara Bano vs Union of India Case (2017), Constitutional validity under Articles 14, 15, and 21, The Muslim Women (Protection of Rights on Marriage) Act 2019, Criminalization of instant triple talaq and its legal implications, Rights of maintenance and subsistence allowance for divorced women, Custody of minor children under the 2019 Act, Concept of Nikah Halala and its socio-legal status, Debate on Uniform Civil Code (Article 44) vs Personal Laws, Impact of Shah Bano Case (1985) on personal law reforms, Essential Religious Practices doctrine and its application to Triple Talaq, Gender justice and empowerment of minority women, Comparative analysis of personal law reforms in other Islamic countries",,,Medium
cmopjuaby001d13jjb469fulm,population-components-imr-mmr-tfr,"Population — Components, IMR, MMR, TFR",INDIAN SOCIETY,GS1,"Demographic Transition Theory, Replacement Level Fertility, National Population Policy 2000, NFHS-5 Key Findings, Sample Registration System (SRS), Maternal Mortality Ratio SDG Target 3.1, Infant Mortality Rate (IMR), Total Fertility Rate (TFR), Population Pyramid and Age Structure, Demographic Dividend, Mission Parivar Vikas, Janani Suraksha Yojana, Pradhan Mantri Matru Vandana Yojana, Sex Ratio at Birth (SRB), Census of India 2011","Trends and determinants of Infant Mortality Rate (IMR) in India, Factors influencing Maternal Mortality Ratio (MMR) and regional disparities, Total Fertility Rate (TFR) and replacement level fertility across Indian states, Socio-economic impact of high IMR and MMR on vulnerable communities, National Health Policy goals for population stabilization, Role of Janani Suraksha Yojana and Janani Shishu Suraksha Karyakram, Impact of female literacy and empowerment on fertility rates, Challenges of adolescent fertility and early marriage, Nutritional interventions to reduce neonatal and maternal deaths, Demographic transition stages and India's current position, Impact of urbanization and migration on population components, Healthcare infrastructure gaps in rural vs urban maternal care, Success and failures of family planning programmes in India, Linkage between Sustainable Development Goal 3 and Indian population health indicators",,,High
cmopjua9y001c13jjo8izwc1a,surrogacy-ethical-legal-dimensions,Surrogacy — Ethical & Legal Dimensions,INDIAN SOCIETY,GS1,"Surrogacy (Regulation) Act 2021, Assisted Reproductive Technology (Regulation) Act 2021, Altruistic vs Commercial Surrogacy, Article 14, Article 21, Reproductive Autonomy, Right to Privacy, Baby Manji Yamada Case, Law Commission 228th Report, National Surrogacy Board, Reproductive Labour and Commodification, Rights of the Surrogate Child, Informed Consent and Exploitation, Gender Justice and Patriarchal Norms, LGBTQ+ Reproductive Rights","Evolution of surrogacy laws from 2002 ICMR guidelines to 2021 Act, Distinction between altruistic and commercial surrogacy models, Eligibility criteria for intending couples and surrogate mothers, Ethical concerns regarding commodification of women's reproductive labor, Impact of commercial surrogacy ban on reproductive autonomy and agency, Rights and legal status of children born through surrogacy, Exclusion of LGBTQ+ individuals and live-in partners from legal framework, Constitutional validity under Article 14 and Article 21, Role and functions of National and State Surrogacy Boards, Analysis of landmark cases like Baby Manji Yamada and Jan Balaz, Comparison of India's surrogacy laws with global practices, Challenges of illegal underground surrogacy markets and enforcement, Socio-economic vulnerability of surrogates and informed consent issues, Intersection of Assisted Reproductive Technology (ART) Act with Surrogacy Act",,,Medium
cmopjubjl001e13jj3m1bfjkm,human-trafficking-laws-prevention,Human Trafficking — Laws & Prevention,INDIAN SOCIETY,GS1,"Article 23, Section 370 of IPC, Immoral Traffic (Prevention) Act 1956, Protection of Children from Sexual Offences (POCSO) Act 2012, Bonded Labour System (Abolition) Act 1976, Child Labour (Prohibition and Regulation) Act 1986, Anti-Human Trafficking Units (AHTUs), Trafficking in Persons (Prevention, Care and Rehabilitation) Bill, UN Convention against Transnational Organized Crime (UNCTOC), SAARC Convention on Preventing and Combating Trafficking in Women and Children, National Crime Records Bureau (NCRB) data on trafficking, Ujjawala Scheme, Integrated Anti-Human Trafficking Units (IAHTUs)","Constitutional provisions under Article 23(1), Definition of trafficking under Section 370 of Indian Penal Code, Immoral Traffic (Prevention) Act 1956 provisions, Protection of Children from Sexual Offences (POCSO) Act 2012, Bonded Labour System (Abolition) Act 1976, Role of Anti-Trafficking Nodal Cell in Ministry of Home Affairs, Functions of Anti-Human Trafficking Units (AHTUs), Cross-border trafficking and bilateral mechanisms with Bangladesh, Impact of Criminal Law (Amendment) Act 2013 on trafficking laws, Role of Mission Shakti and Sambal vertical in victim protection, Prevention and rehabilitation measures for commercial sexual exploitation, Challenges of forced labor in construction and agriculture sectors, Emerging trends in trafficking for cyber fraud and forced criminality, Judicial sensitization through High Court level colloquiums, International conventions and UNCTOC protocols ratified by India",,,Medium
cmopju9nc000z13jjudq60urv,gender-inequality-feminisation-of-poverty,Gender Inequality & Feminisation of Poverty,INDIAN SOCIETY,GS1,"Feminization of Poverty, Gender Pay Gap, Unpaid Care Work, Glass Ceiling Effect, Article 14, Article 15(3), Article 39(a), Article 39(d), Beijing Platform for Action, Self-Help Groups (SHGs), PM Matru Vandana Yojana, MGNREGA (Women's participation), Gender Budgeting, Global Gender Gap Report, National Commission for Women, Hindu Succession (Amendment) Act 2005, Beti Bachao Beti Padhao, Time Use Survey (NSO)","Gender wage gap and the motherhood pay penalty, Feminisation of agriculture and unpaid female labor, Impact of social norms on women's time poverty, Lack of female ownership and control over land assets, Gendered division of domestic and care work responsibilities, Barriers to female entrepreneurship and credit access, Informalisation of work and lack of social protection for women, Impact of gender-inequitable laws on job choice, Intersectionality of gender with displacement and poverty risk, Role of microfinance in women's economic bargaining power, Gender differences in labor force participation rates, Impact of cultural norms on female education and skill acquisition",,,High
cmopju9hp000x13jjbdi0sv6a,urban-poverty-slums,Urban Poverty & Slums,INDIAN SOCIETY,GS1,"S.R. Hashim Committee, Pronab Sen Committee, Slum Areas (Improvement and Clearance) Act 1956, Pradhan Mantri Awas Yojana - Urban (PMAY-U), Smart Cities Mission, JNNURM, DAY-NULM, Global Multidimensional Poverty Index (MPI), Exclusionary Urbanization, Informal Sector and Vulnerability, Occupational and Residential Vulnerability, Sustainable Development Goal 11, Right to Adequate Housing, Basic Services for the Urban Poor (BSUP)","Differences between rural and urban poverty dimensions, Push and pull factors of rural-to-urban migration, Challenges of informal sector employment and wage precarity, Lack of affordable housing and growth of unauthorized colonies, Socio-economic profile of slum dwellers in India, Impact of urban poverty on health and sanitation in slums, Intergenerational transmission of poverty in urban settings, Role of DAY-NULM in urban livelihood creation, Efficacy of PM Awas Yojana (Urban) and slum redevelopment, Social exclusion and relative deprivation in metropolitan areas, Vulnerability of urban poor to climate change and disasters, Impact of One Nation One Ration Card on migrant food security, Challenges in accessing urban social safety nets and identity proof, Gender dimensions of urban poverty and women's safety in slums, Role of Urban Local Bodies (ULBs) in poverty alleviation",,,High
cmopju9ho000w13jjio8phc5d,urban-water-depletion-pollution,Urban Water Depletion & Pollution,INDIAN SOCIETY,GS1,"Atal Mission for Rejuvenation and Urban Transformation (AMRUT) 2.0, Jal Shakti Abhiyan: Catch the Rain, Water (Prevention and Control of Pollution) Act 1974, Central Pollution Control Board (CPCB), Sustainable Development Goal 6, Rainwater Harvesting, Ground Water Depletion and Artificial Recharge, City Water Balance Plans (CWBP), Integrated Urban Water Management (IUWM), Composite Water Management Index (NITI Aayog), Environment (Protection) Act 1986, National Water Mission, Model Building Bye-Laws 2016","Impact of unplanned urbanization on groundwater recharge, Encroachment of urban wetlands and traditional water bodies, Social consequences of Day Zero crises in Indian cities, Role of water mafias and private tankers in urban water supply, Inequitable water access and its impact on urban slums, Contamination of urban aquifers with heavy metals and nitrates, Economic and health impacts of waterborne diseases in urban areas, Effectiveness of mandatory rainwater harvesting in metropolitan cities, Circular water economy and greywater recycling in smart cities, Governance challenges and institutional fragmentation in urban water management, Impact of urban heat islands on local water demand, Restoration of urban riverfronts and ecological balance, Policy analysis of AMRUT and Jal Jeevan Mission (Urban), Role of community-based solutions and nature-based infrastructure in water resilience",,,Medium
cmopju7ek000513jj0zu39wll,social-empowerment-scst-communities,Social Empowerment — SC/ST Communities,INDIAN SOCIETY,GS1,"Article 15, Article 16, Article 17, Article 46, Article 338, Article 338A, Article 341, Article 342, SC/ST (Prevention of Atrocities) Act 1989, Protection of Civil Rights Act 1955, Forest Rights Act 2006, National Commission for Scheduled Castes, National Commission for Scheduled Tribes, Stand-Up India Scheme, PM-AJAY, Post-Matric Scholarship Scheme, Manual Scavengers Rehabilitation Act 2013, Sub-categorization of SCs, Tribal Sub-Plan, Article 275(1)","Constitutional provisions for SC and ST welfare, Scheduled Castes and the Scheduled Tribes (Prevention of Atrocities) Act 1989, Protection of Civil Rights Act 1955, National Commission for Scheduled Castes and Scheduled Tribes, Fifth and Sixth Schedule of the Constitution, Forest Rights Act 2006, Manual Scavenging and Rehabilitation Act 2013, Socio-economic challenges of Dalit and Tribal women, Impact of globalization on marginalized communities, Tribal integration vs. isolation debate, Issues of displacement and land alienation, Particularly Vulnerable Tribal Groups (PVTGs), Evaluation of Tribal Sub-Plan and SC Sub-Plan, Role of NGOs and civil society in social empowerment, Reservation policy and the debate on creamy layer for SC/STs",,,High
cmopju8dd000i13jjokfev617,social-empowerment-minorities,Social Empowerment — Minorities,INDIAN SOCIETY,GS1,"Article 29, Article 30, National Commission for Minorities Act 1992, Sachar Committee, PM 15-Point Programme, PM Jan Vikas Karyakram, Nai Manzil Scheme, Seekho Aur Kamao, USTTAD Scheme, Linguistic Minorities, T.M.A Pai Foundation Case, Ranganath Mishra Commission, Article 350B, National Minorities Development and Finance Corporation, Hamari Dharohar, Nai Roshni","Constitutional provisions for religious and linguistic minorities under Articles 29 and 30, National Commission for Minorities Act 1992 and its functions, Sachar Committee recommendations on socio-economic status of Muslims, Ranganath Misra Commission report on religious and linguistic minorities, Prime Minister’s New 15 Point Programme for Welfare of Minorities, Educational empowerment through Pre-Matric and Post-Matric scholarship schemes, Pradhan Mantri Jan Vikas Karyakram for infrastructure in minority concentrated areas, Skill development initiatives like Seekho aur Kamao and USTTAD, Empowerment of minority women through Nai Roshni scheme, Preservation of cultural heritage through Hamari Dharohar and Jiyo Parsi, Role of National Minorities Development and Finance Corporation in economic upliftment, Legal status and management of Waqf properties in India, Challenges of communalism and its impact on minority social security, Issues of identity and integration vs. preservation of distinct culture, Supreme Court rulings on the definition of 'Minority' at the State level vs. National level",Secularism in India (Definition and scope); Federalism and Centre-State relations; Dalit Rights and Subaltern Studies,"Critically analyze the effectiveness of constitutional mechanisms in achieving socio-economic empowerment for minority groups.; Does reservation policy address the root causes of inequality, or merely provide palliative measures? Discuss with reference to minorities.; Examine the interplay between cultural preservation, religious freedom, and the necessity of national integration in modern India.",High
cmopju71i000113jjj5c73g0l,social-empowerment-tribal-communities-forest-rights-displacement,"Social Empowerment — Tribal Communities (Forest Rights, Displacement)",INDIAN SOCIETY,GS1,"Forest Rights Act 2006, PESA Act 1996, Fifth Schedule, Sixth Schedule, Community Forest Rights, Minor Forest Produce, Gram Sabha Authority, Particularly Vulnerable Tribal Groups, Dhebar Commission, Right to Fair Compensation and Transparency in Land Acquisition Rehabilitation and Resettlement Act 2013, Article 244, Individual Forest Rights, Historical Injustice, Bhuria Committee","Historical injustice and colonial forest laws, Definition of Forest Dwelling Scheduled Tribes (FDST) and Other Traditional Forest Dwellers (OTFD), Individual Forest Rights (IFR) vs Community Forest Rights (CFR), Role and powers of Gram Sabha in rights recognition, Process of claims verification and three-tier committee structure, Impact of development projects and forced displacement, Rehabilitation and resettlement rights under FRA and LARR Act 2013, Relationship between FRA 2006 and PESA Act 1996, Minor Forest Produce (MFP) ownership and marketing, Governance of Community Forest Resources (CFR) and conservation responsibilities, Exclusion of women in forest governance and land titling, Impact of Naxalism and left-wing extremism on tribal land alienation, Vulnerable Tribal Groups (PVTGs) and their specific habitat rights, Conflict between wildlife conservation and tribal rights in Critical Wildlife Habitats",Sustainable Development Goals (SDG) 15: Life on Land; Constitutional Provisions (Fifth & Sixth Schedules); Anthropogenic Changes and Indigenous Knowledge,Analyze the role of the Forest Rights Act in promoting tribal self-governance and resource management.; Discuss the ethical and legal implications of forced displacement of tribal communities due to development projects.; Evaluate the need for an integrated framework combining environmental protection with tribal rights recognition.,High
cmopju9zo001713jjlnyaqjwl,sen-vs-bhagwati-development-models,Sen vs Bhagwati Development Models,INDIAN SOCIETY,GS1,"Capability Approach, Growth-Led Development, Human Development Index, Bhagwati Model (Track I and Track II Reforms), Sen Model (Social Capability First), Poverty and Inequality, Multi-Dimensional Poverty Index, Demographic Dividend, Universal Healthcare and Education, Trickle-Down Theory, Social Safety Nets, Sustainable Development Goals, Kerala Model of Development, Gujarat Model of Development, Inclusive Growth","Amartya Sen's Capability Approach, Jagdish Bhagwati's Growth-led Development Model, Kerala Model of Social Development, Gujarat Model of Economic Growth, Human Capital vs Physical Capital Investment, State-led Redistribution vs Private Entrepreneurship, Impact of 1991 Reforms on Poverty Alleviation, Role of Education and Healthcare in Labor Productivity, Growth as a Passive vs Active Trickle-down Strategy, Social Safety Nets and Welfare Schemes (MGNREGA PDS), Impact of Inequality on Sustained Economic Growth, Comparative Analysis of HDI and GDP Metrics, Argument on Universal vs Targeted Subsidies, Governance Priorities for Developing Nations",,,Medium
cmopjubjm001j13jjt1h1v117,juvenile-justice-act-treating-juveniles-as-adults,Juvenile Justice Act — Treating Juveniles as Adults,INDIAN SOCIETY,GS1,"Juvenile Justice (Care and Protection of Children) Act 2015, Section 15 of JJ Act, Heinous Offences, Juvenile Justice Board, Children's Court, Preliminary Assessment of Maturity, Article 15(3), Article 39(e) and (f), Best Interest of the Child, Central Adoption Resource Authority, Child Welfare Committee, Restorative Justice vs Retributive Justice, UN Convention on the Rights of the Child, Justice J.S. Verma Committee, Special Juvenile Police Unit","Evolution from Juvenile Justice Act 2000 to 2015 Act, Definition of heinous offences under Section 2(45), Preliminary assessment process by Juvenile Justice Board under Section 15, Criteria for determining mental and physical capacity of juveniles, Role of psychologists and experts in judicial transfer, Functioning and composition of Juvenile Justice Boards vs Childrens Court, Principles of restorative justice and rehabilitation vs punitive measures, Rights of the child and principle of presumption of innocence, Impact of the Nirbhaya case on legislative changes, Judicial discretion in transferring 16-18 year olds to adult courts, Procedural safeguards for juveniles tried as adults, Social Investigation Report and its significance in sentencing, International conventions and UNCRC compliance, Challenges in assessing moral culpability and maturity, Comparison of juvenile justice models in India vs global practices",,,Medium
cmopzw22w000cn59n45itmx5f,earth-atmosphere-structure-and-components-1777826322817-0,Earth Atmosphere: structure and components,INDIAN SOCIETY,GS1,"Troposphere, Stratosphere, Mesosphere, Thermosphere, Exosphere, Ionosphere, Ozone Layer, Temperature Inversion, Normal Lapse Rate, Greenhouse Effect, Composition of Atmosphere, Tropopause, Terrestrial Radiation, Magnetosphere, Aurora Borealis and Australis","Vertical stratification of the atmosphere, Chemical composition of permanent and variable gases, Troposphere and environmental lapse rate, Stratosphere and the role of the ozone layer, Mesosphere and meteor ablation, Thermosphere and ionospheric radio wave reflection, Exosphere and gas escape mechanisms, Temperature inversion layers and pauses, Impact of greenhouse gases on atmospheric thermal structure, Role of water vapor and aerosols in weather phenomena, Anthropogenic impact on stratospheric ozone, Significance of the Kármán line, Interaction between solar radiation and atmospheric layers, Evolution of Earth's primordial and second atmospheres",,,Low
cmopju8qb000o13jjkr5m7h7h,secularism-indian-model-vs-western-models,Secularism — Indian Model vs Western Models,INDIAN SOCIETY,GS1,"Sarva Dharma Sambhava, Principled Distance, Negative vs Positive Secularism, 42nd Amendment Act 1976, Article 15, Article 25, Article 26, Article 27, Article 28, S.R. Bommai v. Union of India, Uniform Civil Code (Article 44), Basic Structure Doctrine, Minority Rights (Articles 29 and 30), Shah Bano Case, Communalism vs Secularism","Historical evolution of Western secularism and the Treaty of Westphalia, Concept of strict separation vs principled distance, Sarva Dharma Sambhava vs Laïcité, Constitutional provisions including Articles 25 to 28, State intervention for social reform and Article 17, Protection of minority educational and cultural rights under Articles 29 and 30, Debate on the Uniform Civil Code and personal laws, Impact of the 42nd Constitutional Amendment 1976, Comparison of communalism and secularism in the Indian context, Role of the judiciary and the SR Bommai case, Secularism as a part of the Basic Structure doctrine, Challenges of majoritarianism and minority appeasement, Differences in religious freedom and individual vs group rights, Secularism in public institutions and the display of religious symbols",,,High
cmopju8h0000k13jj6dtwdfls,microfinance-role-challenges-in-india,Microfinance — Role & Challenges in India,INDIAN SOCIETY,GS1,"Financial Inclusion, Women Empowerment, Self-Help Group-Bank Linkage Programme, NBFC-MFIs, Joint Liability Groups, Malegam Committee, RBI Regulatory Framework for Microfinance Loans 2022, Pradhan Mantri MUDRA Yojana, NABARD, SIDBI, Priority Sector Lending, Micro-credit, Over-indebtedness, SHG-Bank Linkage Model, Digital Financial Inclusion","Evolution of SHG-Bank Linkage Programme in India, Impact of microfinance on women's agency and household decision-making, Role of Joint Liability Groups in building social capital, Challenges of over-indebtedness and multiple lending in rural households, Coercive recovery practices and their sociological impact on borrower mental health, Impact of microfinance on reducing caste-based and structural inequalities, Malegam Committee recommendations and regulatory evolution of NBFC-MFIs, Role of microfinance in financial inclusion of the unbanked population, Effect of political interference and loan waivers on repayment culture, Integration of fintech and digital platforms in last-mile credit delivery, Social performance management and the erosion of social objectives for profit, Impact of microfinance on rural entrepreneurship and poverty alleviation, RBI's unified regulatory framework 2022 for microfinance loans, Role of NABARD and SIDBI in supporting the microfinance ecosystem",,,Medium
cmopju7ei000413jjewhfr1m5,urban-housing-affordable-housing-crisis,Urban Housing & Affordable Housing Crisis,INDIAN SOCIETY,GS1,"Pradhan Mantri Awas Yojana (Urban), Affordable Rental Housing Complexes (ARHCs), Article 21, Model Tenancy Act 2021, Real Estate (Regulation and Development) Act 2016, In-situ Slum Redevelopment (ISSR), Credit Linked Subsidy Scheme (CLSS), Sustainable Development Goal 11, National Urban Housing and Habitat Policy, Global Housing Technology Challenge (GHTC), Slum Areas (Improvement and Clearance) Act 1956, Smart Cities Mission","Evolution of urban housing policies from welfare to mission-mode, Impact of rapid urbanization on housing demand-supply gap, In-Situ Slum Redevelopment (ISSR) under PMAY-U, Affordable Rental Housing Complexes (ARHCs) for migrant workers, Structural bottlenecks in land availability and title certainty, Housing affordability metrics for EWS and LIG categories, Role of Credit Linked Subsidy Scheme (CLSS) in urban housing finance, Challenges of peripheral location and lack of trunk infrastructure, Impact of unplanned urbanization on informal settlements and slums, Social and psychological impacts of inadequate housing on urban poor, Comparison of ownership-centric vs rental-based housing models, Governance fragmentation and institutional capacity of Urban Local Bodies, Integration of housing with land-use planning and transport systems, National Urban Housing and Habitat Policy (NUHHP) 2007 vs PMAY 2.0 objectives",,,Medium
cmopju7e4000213jjf06j3c10,salient-features-of-indian-society,Salient Features of Indian Society,INDIAN SOCIETY,GS1,"Unity in Diversity, Caste System, Varna and Jati, Endogamy and Exogamy, Patriarchal and Matriarchal Systems, Joint and Nuclear Families, Multi-religious and Multi-ethnic Society, Multilingualism, Tribal Society, Scheduled Castes and Scheduled Tribes (Prevention of Atrocities) Act 1989, Article 17, Article 25-28, Sanskritization, Westernization, Secularism in India, Salad Bowl Model vs. Melting Pot Theory","Multi-ethnic and multi-racial tapestry, Unity in diversity and its challenges, Caste system and contemporary changes, Religious pluralism and its impact, Linguistic diversity and official language debate, Traditionalism vs modernity, Kinship systems and family structures, Status of women and patriarchy, Tribal identities and social stratification, Secularism in the Indian context, Impact of globalization on cultural values, Rural-urban social divide, Demographic transition and aging population, Socio-economic inequalities and hierarchy",,,High
cmopju7iu000c13jjsqiu1deo,unity-in-diversity-reality-vs-chimera,Unity in Diversity — Reality vs Chimera,INDIAN SOCIETY,GS1,"Article 14, Article 15, Article 25, Article 29, Article 30, Article 51A, Preamble of the Constitution, Secularism, Regionalism, Communalism, Casteism, Linguistic Chauvinism, Ek Bharat Shreshtha Bharat, Official Language Policy, Eighth Schedule, Special Marriage Act 1954, Civil Rights Act 1955, National Integration Council, Vasudhaiva Kutumbakam, Composite Culture","Historical foundations of unity (Bhakti and Sufi movements), Constitutional safeguards for linguistic and religious minorities (Articles 25-30), Impact of regionalism on national integration, Role of secularism in managing religious pluralism, Challenges of communalism and ethnic conflicts, Influence of globalization on traditional social structures, Economic disparities and their threat to social cohesion, Linguistic reorganization of states and its consequences, Socio-economic impact of the caste system, Role of 'Ek Bharat Shreshtha Bharat' in cultural exchange, Federal structure and competitive federalism, Impact of internal migration on urban diversity, Tradition of accommodation and interdependence in Indian history, Secularism vs communal politics debate",,,High
cmopju7hi000813jjokjr18up,urbanisation-trends-census-data-rural-urban-migration,Urbanisation Trends — Census Data & Rural-Urban Migration,INDIAN SOCIETY,GS1,"Statutory Towns, Census Towns, Rural-Urban Continuum, Push and Pull Factors of Migration, Feminization of Agriculture, Urban Sprawl, Smart Cities Mission, AMRUT Scheme, Slum Networking Project, 74th Constitutional Amendment Act, Urban Heat Islands, Counter-Urbanization, Tier-2 and Tier-3 City Growth, Over-urbanization, Acculturation in Urban Settings","Definition of statutory and census towns in India, Rural-urban population distribution as per Census 2011, Push and pull factors of rural-urban migration, Impact of urbanization on family structures and kinship, Growth of slums and issues of urban poverty, Concept of over-urbanization and sub-urbanization, Urban sprawl and its impact on peri-urban areas, Problems of urban infrastructure including housing and sanitation, Environmental consequences of rapid urban growth, Social consequences of migration on women and elderly left behind, Role of small and medium towns in regional development, Patterns of interstate vs intrastate migration, Impact of urbanization on caste and class dynamics, Challenges of urban governance and the 74th Amendment Act",,,High
cmopju81r000e13jjffmaxc3s,globalisation-economic-political-socio-cultural-impact-on-india,"Globalisation — Economic, Political & Socio-Cultural Impact on India",INDIAN SOCIETY,GS1,"LPG Reforms 1991, Glocalization, Cultural Homogenization, De-globalization, Washington Consensus, FDI Policy, Information Technology Act 2000, Nuclearization of Families, Secularization of Caste, Commodification of Women, Digital Divide, Global Value Chains, Protectionism, WTO Amber Box Subsidies, New Middle Class","Impact on traditional joint family structures and rise of nuclear families, Glocalization of Indian food and consumption patterns, Effects on the status and workforce participation of women, Impact on caste-based social hierarchies and mobility, Homogenization vs heterogenization of Indian culture, Impact on regional languages and the dominance of English, Challenges to traditional rural livelihoods and handicrafts, Secularization vs rise of religious fundamentalism in a globalized context, Impact on the elderly and changing intergenerational relationships, Growth of a globalized middle class and consumerist value systems, Influence of global media and Western ideals on youth identity, Impact of multinational corporations on indigenous knowledge and local industries, Urbanization and the emergence of cosmopolitan Tier-2 cities, Digital divide and its socio-economic implications for marginalized communities",,,High
cmopju81s000h13jj4xyf1fte,role-and-history-of-womens-organizations-in-india,Role and History of Women's Organizations in India,INDIAN SOCIETY,GS1,"National Commission for Women Act 1990, Protection of Women from Domestic Violence Act 2005, Sexual Harassment of Women at Workplace Act 2013, Article 14, Article 15(3), Article 16, Self-Help Groups (SHGs), SEWA (Self Employed Women's Association), AIWC (All India Women's Conference), Chipko Movement, Anti-Arrack Movement, Towards Equality Report 1974, 73rd and 74th Constitutional Amendment Acts, Gulabi Gang, Women's Indian Association (WIA)","19th-century socio-religious reform movements and women's upliftment, Early women's associations like Arya Mahila Samaj and Bharat Mahila Parishad, Founding and role of Bharat Stree Mahamandal (1910), Evolution of the Women's Indian Association (1917) and its suffrage movement, Role of the National Council of Women in India (1925), Formation and social reform agenda of All India Women's Conference (1927), Women’s organizations in the Swadeshi and Non-Cooperation movements, Contribution of women's groups to the Quit India Movement, Participation of women leaders in the Constituent Assembly and legal reforms, Post-independence shift from welfare-based to rights-based women's organizations, Rise of autonomous women's movements in the 1970s and 1980s, Impact of the 'Towards Equality' Report (1974) on women's advocacy, Grassroots movements such as SEWA and the Anti-Arrack movement, Contemporary challenges of NGOs in tackling violence against women and digital empowerment",,,High
cmopju9zz001b13jjh56thk0l,maternity-benefits-working-women-issues,Maternity Benefits & Working Women Issues,INDIAN SOCIETY,GS1,"Maternity Benefit Act 1961, Maternity Benefit (Amendment) Act 2017, Article 15(3), Article 39, Article 42, Code on Social Security 2020, Female Labour Force Participation Rate (LFPR), Gender Wage Gap, Creche Facility Mandate, Commissioning and Adopting Mothers' Rights, Puranik Committee, Working Women Hostels Scheme, PM Matru Vandana Yojana, Sexual Harassment of Women at Workplace (Prevention, Prohibition and Redressal) Act 2013, Double Burden of Work, Glass Ceiling Effect","Provisions of Maternity Benefit (Amendment) Act 2017, Impact of extended maternity leave on female labour force participation rate, Challenges of the double burden and second shift on working women, Maternity rights and lack of social security for gig economy workers, Implementation of mandatory crèche facilities and workplace compliance, Gender bias in hiring and the motherhood penalty, Work-from-home provisions and flexible work arrangements for new mothers, Impact of paid parental leave on infant health and child development, Disparities in maternity benefits between organized and unorganized sectors, Role of PMMVY and Janani Suraksha Yojana in maternal welfare, Socio-economic barriers to accessing maternity benefits for low-wage workers, Legal protections against pregnancy-based discrimination and dismissal, Paternity leave and the redistribution of unpaid domestic labour, Nutritional security for pregnant and lactating mothers under NFSA 2013",,,High
cmopjubjl001h13jj29wquqwp,child-welfare-pocso-malnutrition-government-schemes,"Child Welfare — POCSO, Malnutrition & Government Schemes",INDIAN SOCIETY,GS1,"Mission Vatsalya, Juvenile Justice (Care and Protection of Children) Act 2015, Protection of Children from Sexual Offences (POCSO) Act 2012, PM-POSHAN, Integrated Child Development Services (ICDS), National Commission for Protection of Child Rights (NCPCR), Article 24, Article 39, Article 45, Right to Education Act 2009, POSHAN Abhiyaan, Child Labour (Prohibition and Regulation) Act 1986, Prohibition of Child Marriage Act 2006, National Action Plan for Children, SDG 2, SDG 16.2","Evolution of POCSO Act and 2019 amendments, Mechanisms for child protection under Mission Vatsalya, Status of stunting and wasting based on NFHS-5 data, Hidden hunger and micronutrient deficiencies in Indian children, Role of Anganwadi Services in early childhood development, Impact of POSHAN Abhiyaan on maternal and child nutrition, Legal framework against child labor and forced begging, Challenges of digital safety and cyber crimes against children, Implementation of PM CARES for Children scheme, Role of Child Welfare Committees and Juvenile Justice Boards, Nutritional and educational interventions for out-of-school adolescent girls, Impact of socio-economic disparities on child mortality and morbidity, Evaluation of take-home rations and hot cooked meals in ICDS, Child marriage and its impact on maternal and child health outcomes",,,High
cmopju951000s13jj3d132mbl,casteism-practice-in-modern-india-caste-census,Casteism — Practice in Modern India & Caste Census,INDIAN SOCIETY,GS1,"Article 15, Article 17, Article 25, Scheduled Castes and Scheduled Tribes (Prevention of Atrocities) Act 1989, Mandal Commission, First Backward Classes Commission (Kaka Kalelkar Commission), SECC 2011, Rohini Commission, Sanskritisation, Westernisation, Vote Bank Politics, Endogamy, Purity and Pollution, Manual Scavenging Act 2013, Reservation Policy (Affirmative Action)","Evolution from varna to jati in modern social stratification, Impact of 1931 colonial census on caste identities, Sociological perspective on caste as an ascribed status affecting life chances, Rational and objectives of evidence-based policymaking through caste data, Challenges of the 2011 Socio-Economic and Caste Census (SECC) implementation, Bihar 2023 Caste Survey findings and its impact on reservation discourse, Concept of 'creamy layer' and sub-categorization within Other Backward Classes (OBCs), Role of Rohini Commission in addressing intra-group inequalities, Intersectionality of caste with gender and disability in the labor market, Impact of caste-based mobilization and identity politics on electoral dynamics, Meritocracy vs social justice debate in affirmative action, Role of dominant castes in democratic politics and resource allocation, Caste-based discrimination and overrepresentation in higher education and government jobs, Influence of endogamy and kinship networks on modern economic opportunities, Constitutional provisions for compensatory discrimination and its judicial reviews",,,High
cmopju8h0000l13jjwkivaq8c,self-help-groups-shgs-role-in-social-empowerment,Self Help Groups (SHGs) — Role in Social Empowerment,INDIAN SOCIETY,GS1,"SHG-Bank Linkage Programme (SBLP), Deendayal Antyodaya Yojana-National Rural Livelihoods Mission (DAY-NRLM), Micro-Finance Institutions (MFIs), Women Empowerment, Financial Inclusion, NABARD, Article 38, Article 46, Kudumbashree Model, Bank Sakhi Model, Self-Help Promoting Institutions (SHPIs), Community Resource Persons (CRPs), Micro Enterprise Development Programme (MEDP), Livelihood and Enterprise Development Programme (LEDP)","Evolution of the SHG-Bank Linkage Programme (SBLP), Impact of SHGs on intra-household bargaining power, Role of SHGs in challenging patriarchal norms and traditional seclusion, SHGs as instruments for financial literacy and micro-entrepreneurship, Contribution of SHGs to maternal health and nutritional security, Role of Bank Sakhis in deepening rural financial inclusion, Impact of collective action on addressing domestic violence and social abuse, SHGs and their role in promoting sanitation and the Swachh Bharat Abhiyan, Capacity building for leadership and grassroots political participation, Contribution of SHG federations to social capital formation, Role of SHGs in implementing the National Rural Livelihoods Mission (NRLM), Challenges of regional disparities in SHG penetration and sustainability, Impact of SHGs on children's education and schooling expenditure, SHGs as platforms for awareness on family planning and legal rights",,,High
cmopju635000013jj2jvyva8t,types-of-diversity-in-india-linguistic-religious-cultural-regional,"Types of Diversity in India (Linguistic, Religious, Cultural, Regional)",INDIAN SOCIETY,GS1,"Constitutional Provisions (Articles 25-30), Eighth Schedule of the Constitution, Unity in Diversity, Secularism in India, Regionalism and Sub-nationalism, Linguistic Reorganisation of States, Communalism vs Secularism, Caste System and Jati, Tribes and Ethnic Diversity, Minorities and Minority Rights, 2011 Census Data on Religion and Language, State Reorganisation Commission, Article 371 (Special Provisions for States), Fundamental Duties (Article 51A), Cultural Heritage and Pluralism","Evolution of linguistic states and the States Reorganisation Act 1956, Constitutional safeguards for linguistic minorities under Article 29 and 30, Impact of the Three-Language Formula on national integration, Role of the Eighth Schedule in preserving cultural identity, Challenges of regionalism and sons-of-the-soil movements, Indian model of secularism vs. Western model (Sarva Dharma Sambhava), Impact of globalization on traditional cultural practices and languages, Socio-economic disparities as a driver of regional identity politics, Role of tribal diversity and Fifth/Sixth Schedule protections, Impact of religious pluralism on Indian secularism and communal harmony, Linguistic diversity as a barrier and bridge in federal governance, Cultural syncretism and the 'Salad Bowl' vs 'Melting Pot' model in India","Constitutional Provisions (Articles 29, 30, 44); Political Globalization and Identity Politics; Socio-Economic Disparities and Marginalization",Critically examine how diversity acts both as a source of strength and a challenge to India's national unity. (GS1); Discuss the balance between individual cultural rights and the imperatives of national security in a diverse democracy.; To what extent has the constitutional framework successfully addressed the issues of regional and linguistic disparities in India?,High
cmopjubjl001g13jjtxrfgqt2,mob-lynching-social-legal-dimensions,Mob Lynching — Social & Legal Dimensions,INDIAN SOCIETY,GS1,"Tehseen S. Poonawalla v. Union of India, Article 21, Article 14, Article 15, Bhartiya Nyaya Sanhita Section 103(2), Communalism, Secularism, Cow Vigilantism, Rule of Law, Social Media and Fake News, Moral Vigilantism, Shanta Kumar Committee, Minorities and Marginalized Groups, Extrajudicial Killings, Mobocracy, Victim Compensation Schemes","Definition and origin of mob lynching as extrajudicial killing, Socio-psychological factors behind mob mentality and de-individualisation, Impact of social media and fake news on inciting communal violence, Role of religious and caste-based prejudices in hate crimes, Cow vigilantism and its impact on secularism and the rural economy, Legal framework under Bhartiya Nyaya Sanhita (BNS) Sections 103(2) and 117(4), Supreme Court guidelines in the Tehseen Poonawala case (2018), Administrative failure and dereliction of duty by public officials, Challenges in data collection and the role of NCRB in recording hate crimes, Comparison of state-specific anti-lynching laws in Manipur, Rajasthan, and West Bengal, Violation of fundamental rights under Articles 14, 15, and 21, Victim compensation and rehabilitation schemes for survivors, Impact on internal security and loss of faith in the judicial system, Recommendations of the Rajiv Gauba Committee on mob violence",,,Medium
cmopju9zr001913jjq5eusnv8,smart-cities-mission-urban-development-schemes,Smart Cities Mission & Urban Development Schemes,INDIAN SOCIETY,GS1,"Smart Cities Mission, 74th Constitutional Amendment Act, Atal Mission for Rejuvenation and Urban Transformation (AMRUT), Pradhan Mantri Awas Yojana (PMAY-U), Swachh Bharat Mission-Urban, Urban Local Bodies (ULBs), Special Purpose Vehicle (SPV) Model, Integrated Command and Control Centres (ICCCs), Area-Based Development (ABD), Retrofitting, Redevelopment, Greenfield Development, ClimateSmart Cities Assessment Framework (CSCAF), Sustainable Development Goal 11, Ease of Living Index, Urban Outcomes Framework, National Urban Policy Framework, Heritage City Development and Augmentation Yojana (HRIDAY)","Area-Based Development models including retrofitting, redevelopment, and greenfield development, Pan-city technological solutions and smart governance, Role and structure of Special Purpose Vehicles in urban management, Integrated Command and Control Centres for real-time urban monitoring, Impact of the mission on social inclusion and vulnerable groups, Challenges of digital divide and technological literacy in urban spaces, Convergence with schemes like AMRUT, Swachh Bharat Mission, and PMAY-U, Financing mechanisms including municipal bonds and Public-Private Partnerships, Sustainable infrastructure for water supply, sanitation, and waste management, Smart mobility and multi-modal public transport integration, Environmental resilience and climate-smart urban planning, Citizen engagement and participatory planning processes, Historical context of urban planning and the City Challenge selection process, Criticism of technological determinism versus ecological sustainability in urban renewal",,,Medium
cmopjvsii00ddz3r06qmv02ro,central-armed-police-forces-capf-structure-functions-issues,"Central Armed Police Forces (CAPF) — Structure, Functions & Issues",INTERNAL SECURITY,GS3,"Border Security Force (BSF) Act, Central Reserve Police Force (CRPF) Act, Indo-Tibetan Border Police (ITBP) Force Act, Sashastra Seema Bal (SSB) Act, Central Industrial Security Force (CISF) Act, Assam Rifles Act, National Security Guard (NSG) Act, Border Management and Internal Security, One Border One Force Policy, Madhukar Gupta Committee, Integrated Check Posts (ICPs), Coastal Security Architecture, Internal Security Challenges and Role of CAPFs, Left Wing Extremism (LWE) and CAPF Deployment, Counter-Insurgency Operations, Human Rights and Armed Forces, Modernization of CAPFs (MPF Scheme), Women in CAPFs, Coordination between State Police and CAPFs, Disaster Management and NDRF (drawn from CAPFs)","Organizational structure and mandates of BSF, CRPF, CISF, ITBP, SSB, NSG and Assam Rifles, Constitutional basis of CAPF under Article 355 and Union List, Issues of dual control in Assam Rifles between MHA and MoD, Impact of prolonged deployment on personnel mental health and fratricide, Challenges of IPS deputation versus cadre officer promotions, Modernization of Police Forces (MPF) scheme and technological upgrades, Role of CAPF in Left Wing Extremism (LWE) and counter-insurgency operations, Coordination challenges between CAPF and State Police forces, Housing and welfare deficiencies for paramilitary families, Role of specialized units like CoBRA and Rapid Action Force, Impact of the CAPF Bill 2026 on administration and morale, Deployment of CAPFs in election management and disaster response under NDRF, Border management challenges including infiltration and smuggling across diverse terrains, Recommendations of the Dr. Murli Manohar Joshi Committee on Estimates regarding CAPF reforms",,,High
cmopjvsia00d6z3r0sr5fow86,social-media-internal-security-propaganda-recruitment-regulation,"Social Media & Internal Security — Propaganda, Recruitment & Regulation",INTERNAL SECURITY,GS3,"Information Technology Act 2000, Section 66F of IT Act, IT (Intermediary Guidelines and Digital Media Ethics Code) Rules 2021, Article 19(2), Cyber Terrorism, Radicalization and Recruitment, Fake News and Misinformation, Deepfakes and AI Ethics, Shreya Singhal v. Union of India, National Cyber Security Policy, CERT-In, Social Media Monitoring Labs, Lone Wolf Attacks, Digital Sovereignty, Data Localization, Budapest Convention, Crypto-jacking, Online Propaganda and Echo Chambers","Algorithmic radicalization and echo chambers, Use of deepfakes and AI-generated synthetic media for propaganda, Recruitment strategies on encrypted messaging platforms like Telegram, Role of social media in facilitating lone-wolf attacks, Weaponization of memes and viral content for ideological warfare, Information technology (Intermediary Guidelines and Digital Media Ethics Code) Rules 2021, Legal framework for blocking internet content and social media accounts, Impact of social media on communal violence and mob lynching, Use of social media for honey-trapping and espionage, Challenges of data sovereignty and cross-border jurisdiction, Dark web and its nexus with social media for terror financing, Role of social media in orchestrating civil unrest and 'toolkits', Cyber-security threats to critical information infrastructure via social engineering, Counter-narrative strategies and digital de-radicalization programs, Accountability and liability of social media intermediaries in national security matters",,,High
cmopjvsi600d5z3r0h112oa2s,cyber-crimes-types-laws-investigation,"Cyber Crimes — Types, Laws & Investigation",INTERNAL SECURITY,GS3,"Budapest Convention on Cybercrime, Information Technology Act 2000, National Cyber Security Policy 2013, Indian Cyber Crime Coordination Centre (I4C), National Critical Information Infrastructure Protection Centre (NCIIPC), CERT-In, Cyber Swachhta Kendra, Personal Data Protection Bill, Cyber Surakshit Bharat Initiative, Justice B.N. Srikrishna Committee, National Cyber Security Strategy 2020, Section 66A Controversy, Ransomware and Phishing, Dark Net and Cryptocurrencies, Mutual Legal Assistance Treaties (MLATs)","Classification of cybercrimes (Against Individuals, Property, and Government), Evolution of cyber threats from hacking to AI-driven attacks, Provisions and limitations of the Information Technology Act 2000, Budapest Convention on Cybercrime and India's stance, National Cyber Security Policy 2013 and 2023 updates, Role of Indian Cyber Crime Coordination Centre (I4C), Functions of Computer Emergency Response Team - India (CERT-In), Cyber Swachhta Kendra and botnet cleaning, Challenges in cross-border digital evidence collection, Social engineering and phishing in financial fraud, Ransomware attacks on critical national infrastructure, Digital forensics and standard operating procedures for investigation, Cyber terrorism and state-sponsored cyber warfare, Impact of Deepfakes and AI on internal security, Data sovereignty and the Digital Personal Data Protection Act 2023",,,High
cmopjvrnu00cvz3r0ult2obw7,religious-radicalisation-isis-influence-counter-radicalisation,Religious Radicalisation — ISIS Influence & Counter Radicalisation,INTERNAL SECURITY,GS3,"Unlawful Activities (Prevention) Act (UAPA), National Investigation Agency (NIA) Act, Online Radicalization and Cyber Recruitment, Lone Wolf Attacks, De-radicalization and Rehabilitation Programs, Counter-Terrorism Committee (CTC), Global Counter-Terrorism Strategy (GCTS), Intelligence Bureau (IB) and Multi Agency Centre (MAC), Financial Action Task Force (FATF), Social Media Regulation and Digital Literacy, Prevention of Money Laundering Act (PMLA), National Counter Terrorism Centre (NCTC) Case Study, Operation Chakravyuh, CCTNS Project, Community Policing and Engagement Strategies","Process of online radicalisation and recruitment strategies, Role of social media echo chambers and algorithms, Individual socio-psychological factors (alienation and exclusion), Socio-economic and political drivers of extremism, Impact of global jihadist propaganda on Indian youth, Counter-radicalisation vs De-radicalisation vs Anti-radicalisation strategies, Legal framework and definition of radicalisation in India, Role of the Counter Terrorism and Counter Radicalisation (CTCR) Division, Maharashtra and Kerala models of community-based deradicalisation, Strengthening Unlawful Activities (Prevention) Act (UAPA) to combat terror financing, Use of counter-narratives and promotion of constitutional values, Challenges of rehabilitating returning foreign fighters, Monitoring of fundamentalist organisations like SIMI and PFI, Role of NIA in busting pan-India ISIS modules",,,High
cmopjvrnu00cwz3r031ev523u,development-vs-extremism-linkages-policy-implications,Development vs Extremism — Linkages & Policy Implications,INTERNAL SECURITY,GS3,"Left-Wing Extremism, Naxalism, SAMADHAN Doctrine, Red Corridor, PESA Act 1996, Forest Rights Act 2006, Second Administrative Reforms Commission (8th Report), Greyhounds, Bastariya Battalion, Special Central Assistance (SCA), Security Related Expenditure (SRE) Scheme, Aspirational Districts Programme, Operation Green Hunt, Infrastructure Development in LWE Areas, Unified Command Structure","Socio-economic impact of tribal land alienation and forest rights, Role of underdevelopment in the growth of the Red Corridor, Evaluation of the SAMADHAN strategy for LWE, Impact of mining and industrial projects on tribal displacement, Governance deficits in remote LWE-affected areas, Effectiveness of the PESA Act and Forest Rights Act in conflict zones, Recruitment tactics and radicalization of disillusioned tribal youth, Role of 'Jan Adalats' and parallel administrative structures by extremists, Civil-military coordination and the role of specialized units like the Bastariya Battalion, Impact of infrastructure projects like mobile tower expansion and road connectivity on extremism, Surrender and rehabilitation policies for former LWE cadres, Linkages between environmental degradation and extremist movements, Effectiveness of Skill Development Centres (SDCs) and ITIs in LWE-affected districts, Use of guerrilla warfare and its impact on internal security infrastructure",,,High
cmopjvsi300d0z3r0byrree42,drug-trafficking-narco-terrorism,Drug Trafficking & Narco-terrorism,INTERNAL SECURITY,GS3,"Narcotic Drugs and Psychotropic Substances Act 1985, Golden Crescent and Golden Triangle, Prevention of Illicit Traffic in Narcotic Drugs and Psychotropic Substances Act 1988, Multi Agency Centre, NCORD Mechanism, National Action Plan for Drug Demand Reduction, United Nations Office on Drugs and Crime, Linkages between Organized Crime and Terrorism, Money Laundering and Hawala, Darknet and Cryptocurrency in Drug Trade, Narcotics Control Bureau, UN Convention against Transnational Organized Crime","Golden Crescent and Golden Triangle linkages, Security implications of porous borders with Pakistan and Myanmar, Role of Darknet and Cryptocurrency in illicit trade, Impact of maritime routes on drug smuggling, Narcotic Drugs and Psychotropic Substances (NDPS) Act 1985, Nexus between drug cartels and insurgent groups in Punjab and J&K, Role of Narcotics Control Bureau (NCB) and Narco-Coordination Centre (NCORD), Money laundering and terror financing through drug proceeds, Use of drones for cross-border drug and arms delivery, UN conventions on drug control and India's international obligations, Impact of drug trafficking on youth radicalization and social stability, Challenges of inter-agency coordination between central and state forces",,,High
cmopjvsi600d4z3r0df7pt2u6,fake-currency-counterfeit-notes-economic-warfare,Fake Currency — Counterfeit Notes & Economic Warfare,INTERNAL SECURITY,GS3,"FICN, Demonetisation, RBI Act 1934 Section 26(2), Unlawful Activities (Prevention) Act 1967, Terror Funding and Fake Currency (TFFC) Cell, NIA, FICN Coordination Group (FCORD), Bharatiya Nyaya Sanhita 2023, Money Laundering, Organized Crime and Terrorism Symbiosis, Economic Warfare, Security Features of Banknotes, India-Bangladesh MoU on Fake Currency, National Crime Records Bureau (NCRB) FICN Data, Cross-border Smuggling Networks","Definition and features of High-Quality Counterfeit Indian Currency (HQ-FICN), Role of Fake Indian Currency Notes (FICN) in terror financing, Impact of counterfeit currency on inflation and monetary stability, Legal framework under Sections 489A-489E of the Indian Penal Code, Provisions of the Unlawful Activities (Prevention) Act (UAPA) 1967 regarding economic terrorism, Role of the Terror Funding and Fake Currency (TFFC) Cell in the National Investigation Agency, Functions of the FICN Coordination Group (FCORD) under the Ministry of Home Affairs, Cross-border smuggling routes and the role of state and non-state actors, Security features of Mahatma Gandhi (New) Series banknotes, Impact of demonetization on the circulation of fake currency, Role of Directorate of Revenue Intelligence (DRI) in curbing FICN import, International cooperation and MoUs for preventing currency smuggling, RBI's guidelines for banks on detection and impoundment of counterfeit notes, Technological advancements in security inks and paper for currency protection",,,Medium
cmopjvrnu00ctz3r0g178ybd4,jammu-kashmir-militancy-article-370-development,"Jammu & Kashmir — Militancy, Article 370 & Development",INTERNAL SECURITY,GS3,"Instrument of Accession, Article 370, Article 35A, Jammu and Kashmir Reorganisation Act 2019, Kashmiriyat, Armed Forces Special Powers Act (AFSPA), Line of Control (LoC), Cross-Border Terrorism, Radicalization and Counter-Radicalization, Prime Minister’s Development Package (PMDP), Village Defence Guards, National Investigation Agency (NIA), Delimitation Commission, UN Security Council Resolutions on Kashmir, Human Rights and State Highhandedness, Integrated Finance Management System (IFMS) J&K","Historical background of insurgency and the 1987 elections, Impact of Article 370 abrogation on regional security, Rise of hybrid militancy and facade groups, Targeted killings of minorities and migrant workers, Shift of militant activity from Kashmir Valley to the Jammu region, Role of Over Ground Workers (OGWs) and terror financing networks, Use of drones for weapon drops and surveillance, Counter-insurgency strategies and the role of the security grid, Impact of the Jammu and Kashmir Reorganisation Act 2019, Socio-economic development initiatives like the PM Development Package (PMDP), Role of human intelligence (HUMINT) vs technological intelligence (TECHINT), Challenges of radicalization and community-based deradicalization programs, Cross-border infiltration and the influence of geopolitical shifts in Afghanistan, Integration of Jammu and Kashmir through infrastructure and connectivity projects",,,High
cmopjvsia00d8z3r031wxt2ov,one-rank-one-pension-orop-military-welfare-issue,One Rank One Pension (OROP) — Military Welfare Issue,INTERNAL SECURITY,GS3,"Koshyari Committee, Bhagat Singh Koshyari, Article 14, Article 21, 3rd Central Pay Commission, 6th Central Pay Commission, 7th Central Pay Commission, K.P. Singh Dev Committee, Sharad Pawar Committee, Justice L. Narasimha Reddy Committee, Department of Ex-Servicemen Welfare, Ministry of Defence, Military Service Pay, Non-Functional Upgradation, Rank Pay Case","Definition and core principles of OROP, Historical evolution of military pensions post-1973, Recommendations of the Koshyari Committee (2011), Comparison between automatic vs. periodic pension revision, Impact of Modified Assured Career Progression (MACP) on OROP, Financial implications and fiscal sustainability for the Union Budget, Analysis of Indian Ex Servicemen Movement v. Union of India (2022) judgement, Application of Articles 14 and 21 in military pension parity, Socio-economic challenges of early retirement in armed forces, Disparity between military and civilian/IPS pension structures, Exclusion of voluntary retirement scheme (VRS) optees from OROP, Implementation challenges and the role of the Controller General of Defence Accounts (CGDA)",,,Medium
cmopjvtqx00dpz3r0apjmauvl,police-reforms-model-police-act-modernisation-accountability,"Police Reforms — Model Police Act, Modernisation & Accountability",INTERNAL SECURITY,GS3,"Prakash Singh Case (2006), Seventh Schedule (Entry 1 & 2), Model Police Act 2006, National Police Commission (1977-81), Soli Sorabjee Committee, Ribeiro Committee, Padmanabhaiah Committee, Malimath Committee, 2nd Administrative Reforms Commission (Public Order), State Security Commission, Police Establishment Board, Police Complaints Authority, Separation of Investigation from Law and Order, Fixed Tenure of DGP, Modernisation of Police Forces (MPF) Scheme, Bureau of Police Research and Development (BPR&D), Community Policing, Smart Policing (Narendra Modi), Custodial Torture and Human Rights, Police-Public Ratio.","Prakash Singh Case and the seven directives of the Supreme Court, Colonial legacy of the Police Act of 1861, Functional separation of investigation from law and order, Role and composition of State Security Commissions, Mechanism and independence of Police Complaints Authorities, Role of the Police Establishment Board in transfers and postings, SMART policing concept and technological interventions, Modernisation of Police Forces (MPF) scheme and infrastructure gaps, Challenges of political interference and the criminal-politician-police nexus, Issues in the constabulary related to promotion and working conditions, Gender sensitization and increasing women's representation in police, Improving the police-population ratio and addressing vacancies, Crime and Criminal Tracking Network & Systems (CCTNS) and ICJS integration, Reforms in police training as per the Gore Committee recommendations, Implementation status of the Model Police Act 2006 across states",,,High
cmopjvsii00dez3r0fgig6qr6,indias-military-doctrines-cold-start-hot-pursuit-nuclear-doctrine,"India's Military Doctrines — Cold Start, Hot Pursuit & Nuclear Doctrine",INTERNAL SECURITY,GS3,"No First Use Policy, Credible Minimum Deterrent, Massive Retaliation, Nuclear Command Authority, Political Council and Executive Council, Strategic Forces Command, Nuclear Triad, Integrated Battle Groups, Proactive Strategy Doctrine, Cross-Border Counter-Terrorism Operations, Second Strike Capability, Tactical Nuclear Weapons, Agni Missile Series, INS Arihant, Draft Nuclear Doctrine 1999","Evolution of India’s Nuclear Doctrine from Pokhran-I to Pokhran-II, Credible Minimum Deterrence and its operational implications, No First Use (NFU) policy and debates on its reconsideration, Concept of Massive Retaliation and punitive deterrence, Command and control structure of India’s Nuclear Command Authority (NCA), Development of the Nuclear Triad (Land-Air-Sea capabilities), Operational mechanics of the Cold Start Doctrine and Integrated Battle Groups (IBGs), Challenges of mobilization and the Sundarji Doctrine vs Cold Start, International legal and tactical dimensions of the Hot Pursuit doctrine, Impact of tactical nuclear weapons (e.g. Nasr) on India’s conventional offensive, Escalation ladder and risks of inadvertent nuclear war in South Asia, Comparison of India’s NFU with Pakistan’s First Use posture, Role of BMD (Ballistic Missile Defence) in altering strategic stability, Significance of ""Counter-Value"" vs ""Counter-Force"" targeting strategies",,,Medium
cmopjvsi300d1z3r0jdjnjvot,hawala-money-laundering-fatf-prevention-laws,Hawala & Money Laundering — FATF & Prevention Laws,INTERNAL SECURITY,GS3,"Prevention of Money Laundering Act (PMLA) 2002, Financial Action Task Force (FATF), Enforcement Directorate (ED), Financial Intelligence Unit-India (FIU-IND), Conservation of Foreign Exchange and Prevention of Smuggling Activities Act (COFEPOSA), FATF Blacklist and Greylist, Black Money (Undisclosed Foreign Income and Assets) and Imposition of Tax Act 2015, UN Convention against Transnational Organized Crime (Palermo Convention), Fugitive Economic Offenders Act 2018, Know Your Customer (KYC) Norms, Prevention of Terrorist Activities Act (POTA), Smurfing and Structuring, Shell Companies, Narcotics Drugs and Psychotropic Substances (NDPS) Act 1985","Definition and mechanics of the three-stage money laundering process, Role and mandate of the Financial Action Task Force (FATF), Impact of FATF Grey and Black lists on national economies, Provisions and recent amendments of the Prevention of Money Laundering Act (PMLA) 2002, Functions of the Enforcement Directorate (ED) and Financial Intelligence Unit-India (FIU-IND), Operational mechanics of the informal Hawala system and its bypass of formal banking, Links between money laundering and organized crime or terrorism financing, India's performance in the 2024 FATF Mutual Evaluation Report, Legal requirements for Customer Due Diligence (CDD) and Beneficial Ownership, Role of shell companies and round-tripping in illicit financial flows, Challenges of regulating virtual assets and cryptocurrencies under AML frameworks, Significance of the Conservation of Foreign Exchange and Prevention of Smuggling Activities Act (COFEPOSA) and FEMA, International cooperation mechanisms for asset recovery and extradition of economic offenders",,,High
cmopjvsi600d3z3r0njf5l9i9,cybersecurity-national-cyber-policy-cert-in-vulnerabilities,"Cybersecurity — National Cyber Policy, CERT-In & Vulnerabilities",INTERNAL SECURITY,GS3,"National Cyber Security Policy 2013, Information Technology Act 2000, CERT-In, Critical Information Infrastructure, Digital Personal Data Protection Act 2023, Budpest Convention on Cybercrime, National Cyber Coordination Centre, Cyber Surakshit Bharat Initiative, Indian Cyber Crime Coordination Centre, National Critical Information Infrastructure Protection Centre, Cyber Swachhta Kendra, Justice K.S. Puttaswamy v. Union of India, Article 21, Ransomware, Phishing, Malware, Zero-day Vulnerability","Evolution and objectives of National Cyber Security Policy 2013, Role and functions of CERT-In in incident response, Protection of Critical Information Infrastructure and NCIIPC, Legal framework under Information Technology Act 2000 and subsequent amendments, Budapest Convention and international cooperation on cybercrime, National Cyber Security Strategy 2020 and future roadmaps, Challenges of social media and radicalization in cyberspace, Types of cyber threats including APTs, ransomware, and phishing, Cyber warfare and its implications for national security, Data sovereignty and localization debates in India, Encryption policy and the balance between privacy and security, Human resource development and the creation of a 500,000-strong cyber workforce, Role of the National Cyber Security Coordinator, Public-Private Partnership models for secure cyber ecosystems, Impact of emerging technologies like AI and IoT on cybersecurity vulnerabilities",,,High
cmopjvsia00d7z3r01f2jt58t,intelligence-agencies-ib-raw-ntro-coordination-failures,"Intelligence Agencies — IB, RAW, NTRO & Coordination Failures",INTERNAL SECURITY,GS3,"Research and Analysis Wing, Intelligence Bureau, National Technical Research Organisation, Multi-Agency Centre, NATGRID, Kargil Review Committee, Naresh Chandra Task Force, National Security Council, Joint Intelligence Committee, Human Intelligence vs Technical Intelligence, Intelligence Cycle, Intelligence Reform and Accountability, National Investigation Agency Act 2008, Directorate of Revenue Intelligence, Cyber Security and National Technical Intelligence, Inter-agency Coordination Mechanisms, Parliamentary Oversight of Intelligence Agencies","Evolution of Intelligence Bureau (IB) from Central Special Branch to internal security nodal agency, Role of Research and Analysis Wing (RAW) in external intelligence and covert operations, Mandate of National Technical Research Organisation (NTRO) in SIGINT and technical surveillance, Functions of Multi-Agency Centre (MAC) in inter-agency information sharing, Impact of bureaucratic turf wars on intelligence coordination, Structural failures leading to the 1962 Sino-Indian War and 1999 Kargil War, Role of National Security Council Secretariat (NSCS) in intelligence oversight, Challenges of intelligence collection in border areas and porous land borders, Ethical dilemmas between national security and civil liberties regarding mass surveillance, Legal framework and lack of parliamentary oversight for Indian intelligence agencies, Impact of the 2008 Mumbai attacks on the creation of NATGRID and NIA, Use of specialized child agencies like Aviation Research Centre (ARC) and Joint Cipher Bureau, Recommendations of the L.P. Singh Committee and K.P. Singh Committee on intelligence reforms, Mechanisms for counter-intelligence against foreign espionage within India, Role of Subsidiary Intelligence Bureaus (SIBs) in monitoring regional insurgencies and radicalization",,,Medium
cmopjvsib00d9z3r0gmgygwd4,cross-border-terrorism-pakistan-sponsored-terrorism-indias-response,Cross-Border Terrorism — Pakistan-sponsored Terrorism & India's Response,INTERNAL SECURITY,GS3,"Operation Sindoor, Indus Waters Treaty 1960, Unlawful Activities (Prevention) Act (UAPA), National Investigation Agency (NIA), Comprehensive Integrated Border Management System (CIBMS), Multi Agency Centre (MAC), Zero-Tolerance Doctrine, Narco-terrorism, Financial Action Task Force (FATF), Surgical Strikes, Hybrid Warfare, Financial Intelligence Unit (FIU), Border Roads Organisation (BRO), Integrated Check Posts (ICPs)","Historical evolution of Pakistan's proxy war in Jammu and Kashmir, Role of non-state actors like Lashkar-e-Taiba and Jaish-e-Mohammed, India's shift from strategic restraint to proactive national defense, Strategic significance of the 2016 surgical strikes and 2019 Balakot airstrikes, Zero tolerance policy for nuclear blackmail, Comprehensive Integrated Border Management System (CIBMS) and smart fencing, Role of the National Investigation Agency (NIA) in terror investigation, Intelligence coordination through the Multi-Agency Centre (MAC), Financial Action Task Force (FATF) and international pressure on terror financing, Impact of 26/11 Mumbai attacks on maritime security and coastal defense, Linkages between narcotics trafficking and terror funding (narco-terrorism), Use of drones and emerging technologies for cross-border infiltration, Diplomatic isolation of state sponsors at multilateral forums like the UN and SCO, Impact of Article 370 abrogation on the cross-border terrorism landscape, Radicalization and recruitment through social media and cyber platforms",,,High
cmopjvrnt00crz3r0n8ybfcaq,north-east-insurgency-state-wise-conflicts-peace-accords,North-East Insurgency — State-wise Conflicts & Peace Accords,INTERNAL SECURITY,GS3,"Armed Forces Special Powers Act (AFSPA), Sixth Schedule of the Indian Constitution, Naga Peace Accord, Mizo Peace Accord 1986, Bodo Peace Accord 2020, Article 371, United Liberation Front of Asom (ULFA), National Socialist Council of Nagaland (NSCN), Inner Line Permit (ILP), Non-State Actors and Cross-Border Linkages, Act East Policy, Ministry of Development of North Eastern Region (DoNER), North Eastern Council (NEC), Illegal Migration and National Register of Citizens (NRC), Insurgency-Development Nexus","Evolution of Naga insurgency and the 2015 Framework Agreement, Demand for Greater Nagalim and territorial integrity of neighboring states, Bodo Peace Accord 2020 and Bodoland Territorial Region autonomy, ULFA peace process and the 2023 Memorandum of Settlement, Bru-Reang refugee crisis and the 2020 rehabilitation agreement, Insurgency in Manipur and the 2023 UNLF peace agreement, Role of ethnic identity and sub-regional aspirations in tribal conflicts, Impact of AFSPA and the phased withdrawal from North-Eastern states, Karbi Anglong Agreement 2021 and its socio-economic provisions, Frontier Nagaland Territorial Authority and ENPO's developmental demands, Role of external state and non-state actors in sponsoring regional instability, Impact of the 'Look East' and 'Act East' policies on regional security, Inter-state boundary disputes and their link to ethnic clashes, Challenges of cadre rehabilitation and mainstreaming after peace accords",,,High
cmopjvtr000dvz3r0254dgxp2,critical-infrastructure-protection-power-finance-transport,"Critical Infrastructure Protection — Power, Finance & Transport",INTERNAL SECURITY,GS3,"Information Technology Act 2000, National Critical Information Infrastructure Protection Centre, Section 70A of IT Act, National Cyber Security Policy 2013, Cyber Swachhta Kendra, Indian Cyber Crime Coordination Centre, National Cyber Coordination Centre, Computer Emergency Response Team - India, SCADA Systems Security, Budapest Convention on Cybercrime, National Cyber Security Strategy 2020, Critical Information Infrastructure Declaration, Public Private Partnership in Cybersecurity, Cyber Warfare and State Actors, Ransomware and Malware Threats to Power Grids","Definition of Critical Information Infrastructure (CII) under IT Act 2000, Role and functions of National Critical Information Infrastructure Protection Centre (NCIIPC), Cyber threats to the National Power Grid and Load Despatch Centres, Vulnerabilities of Banking and Financial Services (BFSI) to ransomware and DDoS attacks, Security of digital payment systems and UPI infrastructure, Protection of Supervisory Control and Data Acquisition (SCADA) systems in transport and energy, Risks to railway signaling systems and air traffic control (ATC), Impact of state-sponsored cyber warfare on civil infrastructure, Cybersecurity of Nuclear Power Plants and Kudankulam incident analysis, Role of CERT-In and National Cyber Coordination Centre (NCCC), Concept of air-gapping and its limitations in modern infrastructure, Public-private partnership (PPP) models for infrastructure resilience, National Cyber Security Policy 2013 and upcoming National Cyber Security Strategy, International conventions and best practices for protecting critical assets",,,Medium
cmopjvtqy00dqz3r0awjpr1he,naxalism-left-wing-extremism-causes-geography-counter-strategy,"Naxalism / Left Wing Extremism — Causes, Geography & Counter Strategy",INTERNAL SECURITY,GS3,"SAMADHAN Doctrine, Red Corridor, Fifth Schedule of the Indian Constitution, PESA Act 1996, Forest Rights Act 2006, Greyhounds, Salwa Judum, Operation Green Hunt, Unified Command, D. Bandyopadhyay Committee, National Policy and Action Plan 2015, Protracted People's War, Urban Naxalism, Article 244, Left Wing Extremism Division (MHA)","Evolution of Naxalism from Naxalbari to CPI (Maoist), Ideological foundations of Maoism and Protracted People's War, Analysis of the Red Corridor and shifting geography of LWE, Socio-economic determinants including tribal alienation and land displacement, Governance deficits and the vacuum of state authority in remote areas, SAMADHAN doctrine and National Policy and Action Plan 2015, Role of Central Armed Police Forces (CAPFs) and specialized units like Greyhounds, Impact of the Fifth and Sixth Schedules on LWE prevention, Developmental interventions including Aspirational Districts Programme and Road Connectivity Project, Urban Naxalism and the role of front organizations, Surrender and rehabilitation policies for insurgents, Use of technology in counter-insurgency like UAVs and GIS mapping, Financial crackdown on Maoist funding networks, Linkages between LWE and organized crime or external state actors",,,High
cmopjvsi000czz3r04vy3ooom,indias-border-management-land-coastal-island-territories,"India's Border Management — Land, Coastal & Island Territories",INTERNAL SECURITY,GS3,"Comprehensive Integrated Border Management System, One Border One Force Principle, Border Area Development Programme, Madhav Godbole Task Force on Border Management, Smart Fencing, Vibrant Villages Programme, Coastal Security Scheme, UNCLOS, Maritime Zones Act 1976, Integrated Check Posts, Free Movement Regime, BOLD-QIT Project, Border Infrastructure and Management Scheme, National Committee on Strengthening Maritime and Coastal Security","Challenges of porous borders and diverse terrain, One Border One Force principle, Role and jurisdiction of Border Guarding Forces (BSF ITBP SSB Assam Rifles), Comprehensive Integrated Border Management System (CIBMS) and Smart Fencing, Border Area Development Programme (BADP) and Vibrant Villages Programme, Management of Indo-Pakistan border and issues of LoC/Sir Creek, Security challenges of Indo-China border and Line of Actual Control (LAC), Insurgency and free movement regime (FMR) on Indo-Myanmar border, Illegal migration and cattle smuggling on Indo-Bangladesh border, Three-tier coastal security structure (Navy Coast Guard Marine Police), Security of island territories and the Andaman and Nicobar Command, Transnational organized crime and narco-terrorism, Maritime Domain Awareness and the Information Fusion Centre (IFC-IOR), Madhukar Gupta Committee recommendations on border protection, Integrated Check Posts (ICPs) for secured cross-border trade",,,High
cmopjvsi600d2z3r06cuki74o,coastal-security-post-2611-framework-gaps,Coastal Security — Post-26/11 Framework & Gaps,INTERNAL SECURITY,GS3,"Coastal Security Scheme, National Committee for Strengthening Maritime and Coastal Security, Indian Coast Guard, Sagar Prahari Bal, Coastal Surveillance Network, National Command Control Communication and Intelligence Network, Maritime Domain Awareness, Information Management and Analysis Centre, Joint Operations Centres, Anti-Maritime Piracy Act 2022, Sagarmala Project, Sagar Kavach Exercises, Community Interaction Programmes, Exclusive Economic Zone, Territorial Waters, United Nations Convention on the Law of the Sea","Three-tier coastal security architecture, Coastal Surveillance Network and chain of static sensors, Role of Information Management and Analysis Centre (IMAC), Information Fusion Centre for Indian Ocean Region (IFC-IOR), Registration and tracking of fishing vessels via ReALCraft, Biometric identity cards for fishermen, Functioning of Joint Operation Centres (JOCs), Infrastructure and manpower gaps in State Marine Police, Coordination challenges between Navy and Coast Guard, Security of non-major ports and single point moorings, Coastal Security Scheme phases and funding gaps, Community policing and Sagar Prahari Bal, Intelligence sharing through Multi-Agency Centre (MAC), Implementation of AIS transponders on small boats",,,High
cmopjvsib00daz3r0a0uz5jta,afspa-debate-application-human-rights-concerns,"AFSPA — Debate, Application & Human Rights Concerns",INTERNAL SECURITY,GS3,"Section 3 of AFSPA, Section 4 of AFSPA, Section 6 of AFSPA, Disturbed Areas, Article 355, BP Jeevan Reddy Committee, Second Administrative Reforms Commission, Justice Verma Committee, Justice Santosh Hegde Committee, Naga People’s Movement of Human Rights v. Union of India, Extra-Judicial Execution Victim Families Association v. Union of India, Santosh Hegde Commission, Unlawful Activities (Prevention) Act, National Security Act","Provisions of Section 3 and Section 4 of AFSPA, Constitutional validity and Naga People's Movement of Human Rights v. Union of India (1998) judgment, Section 6 and the legal immunity/sanction clause controversy, Recommendations of the BP Jeevan Reddy Committee (2005), Second Administrative Reforms Commission (ARC) recommendations on AFSPA, Justice Santosh Hegde Commission findings on extra-judicial executions, Supreme Court guidelines on periodic review and use of minimal force, Impact of AFSPA on civil liberties and Articles 21 and 22, Justice Verma Committee recommendations regarding sexual violence, Status of AFSPA in Jammu and Kashmir and North-Eastern states, Comparative analysis of AFSPA vs routine policing by CAPFs, Security imperatives vs human rights accountability in disturbed areas, Role of judicial review in checking executive power under Section 3, Phased withdrawal strategy and criteria for revoking ""disturbed area"" status",,,High
cmopjvdzs007bz3r065gbgsb3,india-nepal-relations-water-trade-political-tensions,"India-Nepal Relations — Water, Trade & Political Tensions",INTERNATIONAL RELATIONS,GS2,"1950 Treaty of Peace and Friendship, Kalapani-Limpiyadhura-Lipulekh Boundary Dispute, Mahakali Treaty, Pancheshwar Multipurpose Project, Kosi Agreement, Gandak Treaty, Eminent Persons Group (EPG), Roti-Beti Ka Rishta, Madhesi Issue, South Asian Association for Regional Cooperation (SAARC), BBIN Motor Vehicles Agreement, Treaty of Transit and Treaty of Trade, New Map Amendment Bill 2020, Gurkha Recruitment, Inland Waterways Connectivity","1950 Treaty of Peace and Friendship and its revision demands, Kalapani-Limpiyadhura-Lipulekh territorial dispute and the 2020 Map Amendment, Pancheshwar Multipurpose Project and Mahakali Treaty, Impact of China's Belt and Road Initiative (BRI) in Nepal, India-Nepal Power Trade Agreement and hydropower cooperation, Trans-border connectivity projects like the Motihari-Amlekhgunj petroleum pipeline, Security concerns regarding the 1,800 km open border and human trafficking, Role of the Eminent Persons Group (EPG) on Nepal-India relations, Significance of ""Roti-Beti"" ties and Madhesi community issues, Nepal's Transit and Transportation Agreement with China and trade diversification, Impact of the 2015 economic blockade on bilateral trust, Cooperation in ""High Impact Community Development Projects"" (HICDPs)",,,High
cmopjvjh1009bz3r0ad32ju64,sco-indias-role-strategic-significance,SCO — India's Role & Strategic Significance,INTERNATIONAL RELATIONS,GS2,"Shanghai Spirit, Regional Anti-Terrorist Structure (RATS), SECURE vision, Strategic Autonomy, Multi-alignment Policy, Central Asia Connect Policy, New Delhi Declaration, SCO Startup Forum, Countering Terrorism and Extremism, Respect for Sovereignty and Territorial Integrity, International North-South Transport Corridor (INSTC), Chabahar Port, Traditional Medicine Working Group, De-dollarization and National Currencies, Civilizational Dialogue Forum, One Earth One Family One Future, SCO Tourist and Cultural Capital, Countering Radicalisation, Eurasian Security Architecture, Balancing Quad and SCO engagement","Evolution of SCO from Shanghai Five to current expansion, India's multi-alignment strategy and the SECURE theme, Role of Regional Anti-Terrorist Structure (RATS) in combating the Three Evils, Impact of India-Pakistan relations on SCO's functional efficacy, Strategic importance of Central Asian Republics (CARs) for India’s Connect Central Asia Policy, Challenges and progress of International North-South Transport Corridor (INSTC), Countering the Three Evils: Terrorism, Separatism, and Extremism, India's position on China's Belt and Road Initiative (BRI) and sovereignty concerns, Energy security and the TAPI pipeline project, SCO as a platform for India-China bilateral engagement during border tensions, Comparison of India's role in SCO versus the Quad, Role of SCO in stabilizing post-conflict Afghanistan, Significance of India’s SCO Chairmanship 2022-2023, Strengthening people-to-people ties through cultural and educational exchange programs",,,Medium
cmopjvfrt007xz3r0yq4d83mo,india-bangladesh-relations-boundary-agreement-trade-connectivity,"India-Bangladesh Relations — Boundary Agreement, Trade & Connectivity",INTERNATIONAL RELATIONS,GS2,"100th Constitutional Amendment Act, Land Boundary Agreement 1974, Protocol of 2011, Teesta River Water Sharing Dispute, Ganga Water Sharing Treaty 1996, Kushiyara River MOU, Indo-Bangladesh Joint Rivers Commission, Radcliffe Award, Tin Bigha Corridor, BBIN Motor Vehicles Agreement, Akhaura-Agartala Rail Link, Maitri Setu, Comprehensive Economic Partnership Agreement, South Asian Free Trade Area, BIMSTEC, Integrated Check Posts, Coastal Shipping Agreement, Border Haats, Lines of Credit, Chicken's Neck Corridor","Historical background of Radcliffe Award and 1974 Land Boundary Agreement, Implementation of the 2015 Land Boundary Agreement and enclave exchange, Teesta River water-sharing dispute and the role of West Bengal, 1996 Ganges Water Treaty and its upcoming renewal, Connectivity through Maitri and Mitali Express trains, Protocol on Inland Water Transit and Trade (PIWTT), Development of Matarbari deep-sea port and its strategic significance for India, India’s Line of Credit (LoC) for infrastructure projects in Bangladesh, Security cooperation against North-East insurgent groups and radicalization, Bilateral trade deficit and removal of non-tariff barriers, Cooperation in the power sector including the Maitree Super Thermal Power Plant, Impact of the Rohingya refugee crisis on bilateral relations, Strategic influence of China in Bangladesh through the Belt and Road Initiative, Joint management of the Sundarbans and climate change adaptation strategies",,,High
cmopjvfrq007wz3r05uzd8wb7,india-asean-relations-act-east-policy-economic-integration,India-ASEAN Relations — Act East Policy & Economic Integration,INTERNATIONAL RELATIONS,GS2,"Act East Policy, ASEAN Centrality, Look East Policy, India-ASEAN Free Trade Agreement (AIFTA), Regional Comprehensive Economic Partnership (RCEP), ASEAN Outlook on the Indo-Pacific (AOIP), Mekong-Ganga Cooperation, BIMSTEC, India-ASEAN Maritime Exercise (AIME), Kaladan Multi-Modal Transit Transport Project, India-Myanmar-Thailand Trilateral Highway, Delhi Dialogue, Strategic Partnership (2012), Comprehensive Strategic Partnership (2022), ASEAN Regional Forum (ARF), East Asia Summit (EAS)","Evolution from Look East to Act East Policy, ASEAN Centrality in India's Indo-Pacific Vision, India-ASEAN Trade in Goods Agreement (AITIGA) review, India-Myanmar-Thailand Trilateral Highway and its extensions, Kaladan Multi-Modal Transit Transport Project, Security cooperation in the South China Sea and UNCLOS compliance, Impact of India's withdrawal from RCEP on regional integration, Delhi Dialogue and ADMM-Plus as institutional mechanisms, Strategic significance of the 4Cs: Culture Commerce Connectivity and Capacity Building, Digital connectivity and FinTech partnerships, Maritime domain awareness and joint naval exercises (AIME), Challenges of trade deficit and non-tariff barriers, Role of North Eastern states as gateways to Southeast Asia, Cooperation on Blue Economy and disaster management, Supply chain resilience and the China Plus One strategy",,,High
cmopjvim50099z3r0x1376gfi,india-uk-relations-post-brexit-ties-fta,India-UK Relations — Post-Brexit Ties & FTA,INTERNATIONAL RELATIONS,GS2,"India-UK Roadmap 2030, Comprehensive Strategic Partnership, Free Trade Agreement (FTA), Enhanced Trade Partnership, Indo-Pacific Tilt, Migration and Mobility Partnership, Young Professionals Scheme, Rules of Origin, Bilateral Investment Treaty (BIT), Carbon Border Adjustment Mechanism (CBAM), G7 and G20 Cooperation, Common Wealth of Nations, UN Security Council Reforms, Defense and Security Cooperation, Global Innovation Partnership (GIP)","Historical evolution of India-UK relations post-independence, Strategic impact of Brexit on UK's ""Global Britain"" policy and Indo-Pacific tilt, Evaluation of the 2030 Roadmap for India-UK Future Relations, Impact of tariff reductions on Scotch whisky and automotive sectors in the FTA, Rules of Origin (ROO) and value addition norms in bilateral trade, Mobility and migration partnership including professional visas and GATS Mode 4, Mutual Recognition Agreements (MRAs) for professional qualifications and education, Cooperation in defense technology transfer and the ""Make in India"" initiative, Digital trade framework including cross-border data flows and data localization, Protection of Intellectual Property Rights and Geographical Indications like Darjeeling Tea and Scotch Whisky, Bilateral Investment Treaty (BIT) negotiations and investor protection mechanisms, Impact of the Double Contributions Convention (DCC) on social security for professionals, Cooperation on climate action and renewable energy through the International Solar Alliance, Challenges of the Carbon Border Adjustment Mechanism (CBAM) on Indian exports, Strategic cooperation in cybersecurity and emerging technologies like AI and FinTech",,,Medium
cmopjvevu007jz3r0o5lqyq9y,india-afghanistan-relations-development-partnership-taliban-factor,India-Afghanistan Relations — Development Partnership & Taliban Factor,INTERNATIONAL RELATIONS,GS2,"1950 Treaty of Friendship, 2011 Strategic Partnership Agreement, Afghan-India Friendship Dam (Salma Dam), Zaranj-Delaram Highway, Parliament Building of Afghanistan, Chabahar Port Agreement, India-Afghanistan Air Freight Corridor, Afghan-led Afghan-owned and Afghan-controlled Peace Process, High Impact Community Development Projects, Connect Central Asia Policy, TAPI Pipeline, India's Technical Mission in Kabul, Operation Devi Shakti, Article 51 of the Indian Constitution","Historical and civilizational ties between India and Afghanistan, India-Afghanistan Strategic Partnership Agreement 2011, Major infrastructure projects including Salma Dam and Afghan Parliament building, Strategic importance of Zaranj-Delaram Highway, Chabahar Port as a gateway for India-Afghanistan trade, India's humanitarian assistance and food security initiatives, Impact of the 2021 Taliban takeover on India's 'Neighbourhood First' policy, Security concerns regarding anti-India terror groups and 'Strategic Depth', Geopolitical competition with Pakistan and China in Afghanistan, Role of the India-Afghanistan Air Freight Corridor, Challenges to Indian investments under the Taliban regime, India's approach to the 'Afghan-led Afghan-owned and Afghan-controlled' peace process, India's technical mission in Kabul and current diplomatic engagement, Regional connectivity through the TAPI pipeline and INSTC, Support for capacity building and educational scholarships for Afghan students",,,High
cmopjvheg008kz3r0yss6yi5f,indian-ocean-maritime-security-iora-piracy,"Indian Ocean — Maritime Security, IORA & Piracy",INTERNATIONAL RELATIONS,GS2,"UNCLOS, SAGAR Doctrine, Indian Ocean Rim Association (IORA), Maritime Anti-Piracy Act 2022, Indo-Pacific, Blue Economy, Exclusive Economic Zone (EEZ), Net Security Provider, Integrated Coastal Surveillance System, Maritime Domain Awareness (MDA), International Maritime Organization (IMO), Information Fusion Centre – Indian Ocean Region (IFC-IOR), Colombo Security Conclave, Strategic Chokepoints (Strait of Malacca, Bab-el-Mandeb), Mission SAGAR, Article 51(c) of the Constitution","Strategic importance of IOR chokepoints (Strait of Malacca, Hormuz, Bab-el-Mandeb), India's SAGAR doctrine and MAHASAGAR vision, Role of Information Fusion Centre – Indian Ocean Region (IFC-IOR), India as a ""Net Security Provider"" in the IOR, UNCLOS legal framework for maritime governance, IORA’s six priority areas and Action Plan 2017-2021, Resurgence of Somali piracy and use of motherships, Impact of piracy on global supply chains and insurance premiums, Maritime Domain Awareness (MDA) and Integrated Coastal Surveillance System, Security threats to critical offshore infrastructure and underwater cables, Non-traditional security threats (IUU fishing, climate change, drug trafficking), Indian Maritime Security Strategy (IMSS-2015), China's ""String of Pearls"" vs India's strategic response, Cooperation under regional groupings like QUAD and Colombo Security Conclave",,,High
cmopjvevu007kz3r0yv7vlcxu,saarc-relevance-challenges-future,"SAARC — Relevance, Challenges & Future",INTERNATIONAL RELATIONS,GS2,"SAARC Charter 1985, South Asian Free Trade Area (SAFTA), South Asian Preferential Trade Agreement (SAPTA), SAARC Development Fund (SDF), SAARC Convention on Suppression of Terrorism, Article 51 of the Indian Constitution, SAARC Agreement on Trade in Services (SATIS), Gujral Doctrine, Neighborhood First Policy, BIMSTEC vs SAARC Comparison, SAARC Framework Agreement on Energy Cooperation, Kathmandu Declaration, SAARC COVID-19 Emergency Fund, SAARC Visa Exemption Scheme","Evolution of SAARC from Dhaka Declaration to Kathmandu Summit, Impact of India-Pakistan bilateral ties on SAARC's functional efficacy, Analysis of the South Asian Free Trade Area (SAFTA) and SAPTA, Role of the SAARC Development Fund (SDF) in regional infrastructure, Significance of specialized bodies like the South Asian University (SAU), Challenges of connectivity and the BBIN sub-regional alternative, Impact of China's observer status and growing regional influence, Security cooperation and the SAARC Convention on Suppression of Terrorism, Effectiveness of the SAARC Food Bank and Disaster Management Centre, Comparison of SAARC with ASEAN and European Union models, Issues of asymmetric reciprocity and India's 'Neighbourhood First' policy, Relevance of the SAARC Charter's non-interference and unanimity principles, Prospects of a South Asian Economic Union (SAEU), Socio-cultural cooperation through the SAARC Visa Exemption Scheme",,,Medium
cmopjvhef008gz3r0q6bgnncw,g20-indias-presidency-global-economic-governance,G20 — India's Presidency & Global Economic Governance,INTERNATIONAL RELATIONS,GS2,"Vasudhaiva Kutumbakam, Global South, Inclusion of African Union, Digital Public Infrastructure, India-Middle East-Europe Economic Corridor, Global Biofuels Alliance, Lifestyle for Environment (LiFE), G20 New Delhi Leaders Declaration, Multilateral Development Bank Reforms, Voice of Global South Summit, Green Development Pact, Gandhinagar Implementation Roadmap, Startup20 Engagement Group, Jaipur Call for Action, Chennai High-Level Principles for a Sustainable Blue Economy","Evolution and mandate of G20 from 1999 to leaders' level, Significance of the New Delhi Leaders' Declaration 2023, Inclusion of the African Union as a permanent member, G20's role in reforming Multilateral Development Banks (MDBs), India-Middle East-Europe Economic Corridor (IMEC) objectives, Global Biofuel Alliance and energy transition, Green Development Pact and climate finance goals, Digital Public Infrastructure (DPI) and the India Stack model, Regulatory framework for crypto-assets and financial stability, One Health approach and global health architecture, Debt Service Suspension Initiative (DSSI) for vulnerable nations, Vasudhaiva Kutumbakam theme and its diplomatic implications, Impact of the Russia-Ukraine conflict on G20 consensus, Gender-led development and women's economic empowerment, Strategies for sustainable development goals (SDG) acceleration",,,High
cmopjvew2007uz3r07jqpu3pb,india-japan-economic-strategic-partnership-quad,India & Japan — Economic & Strategic Partnership (Quad),INTERNATIONAL RELATIONS,GS2,"Special Strategic and Global Partnership, Free and Open Indo-Pacific (FOIP), Act East Policy, Quadrilateral Security Dialogue (Quad), Comprehensive Economic Partnership Agreement (CEPA), Mumbai-Ahmedabad High-Speed Rail (MAHSR), Supply Chain Resilience Initiative (SCRI), Exercise Malabar, 2+2 Ministerial Dialogue, Asia-Africa Growth Corridor (AAGC), Digital Partnership 2.0, Clean Hydrogen and Ammonia Ecosystem, Bilateral Currency Swap Agreement, Quad Critical Minerals Initiative, UNICORN mast co-production","Evolution of Special Strategic and Global Partnership, Mumbai-Ahmedabad High Speed Rail (MAHSR) and Shinkansen technology, Japan-India Vision 2025 and 2030 investment targets, Synergy between Act East Policy and Free and Open Indo-Pacific (FOIP), Quad’s role in regional stability and maritime security, Defense equipment and technology cooperation including UNICORN and US-2 aircraft, Bilateral and multilateral military exercises (JIMEX, Dharma Guardian, Malabar), India-Japan Comprehensive Economic Partnership Agreement (CEPA) and trade deficit, Supply Chain Resilience Initiative (SCRI) and semiconductor partnership, Strategic importance of connectivity projects in North East India, Cooperation in critical and emerging technologies (AI, 5G, and Cyber Security), Asia-Africa Growth Corridor (AAGC) and joint development in third countries, Maritime Domain Awareness (MDA) and Information Fusion Centre-Indian Ocean Region (IFC-IOR), Clean Energy Partnership (CEP) and green hydrogen cooperation",,,High
cmopjvhef008dz3r0mxv6vkpd,india-russia-relations-s-400-defence-ukraine-conflict-impact,"India-Russia Relations — S-400, Defence & Ukraine Conflict Impact",INTERNATIONAL RELATIONS,GS2,"Special and Privileged Strategic Partnership, 1971 Indo-Soviet Treaty of Peace Friendship and Cooperation, CAATSA (Countering America’s Adversaries Through Sanctions Act), S-400 Triumf Missile System, BrahMos Missile Program, INS Vikramaditya, Strategic Autonomy, BRICS and SCO Cooperation, Rupee-Ruble Trade Mechanism, International North-South Transport Corridor (INSTC), Kudankulam Nuclear Power Plant, Reciprocal Exchange of Logistics Agreement (RELOS), Make in India in Defence, Energy Security and Arctic Council cooperation","Historical evolution of India-Russia defense ties, Technical specifications and strategic role of the S-400 Triumf system, Impact of CAATSA on India-Russia defense procurement, Impact of Ukraine conflict on supply of defense spares and maintenance, Diversification of India's defense imports from Russia to Western partners, Strategic dilemma of the Russia-China axis and its implications for India, India’s stance on the Russia-Ukraine war and the principle of strategic autonomy, Cooperation in nuclear energy and the Kudankulam Nuclear Power Plant, Bilateral trade imbalance and the use of national currencies for settlement, Significance of the International North-South Transport Corridor (INSTC), Geopolitical impact of India's oil imports from Russia under Western sanctions, Synergy and friction between the Quad and BRICS/SCO memberships, Cooperation in space technology and the Gaganyaan mission, Role of Russia in the development of India's indigenous defense industry (Atmanirbhar Bharat)",,,High
cmopjvfrt007yz3r0o5voeosk,india-south-korea-relations-technology-trade,India-South Korea Relations — Technology & Trade,INTERNATIONAL RELATIONS,GS2,"Special Strategic Partnership, Comprehensive Economic Partnership Agreement (CEPA), Act East Policy, New Southern Policy Plus, India-Korea Digital Bridge, VOYAGES Framework, K9 Vajra Defence Cooperation, India-ROK Industrial Cooperation Committee, Economic Security Dialogue, Supply Chain Resilience Initiative, Look East Policy, 2+2 Vice-Ministerial Dialogue, Queen Heo Hwang-ok Civilizational Ties, Trade Deficit and Non-Tariff Barriers, Korean Industrial Township","Evolution of India-South Korea Comprehensive Economic Partnership Agreement (CEPA), Structural causes of the widening trade deficit with South Korea, Non-tariff barriers and market access issues for Indian exports, Cooperation in semiconductor manufacturing and supply chain resilience, Joint ventures in shipbuilding and maritime logistics, Collaboration in critical minerals for clean energy and defense, Strategic partnership in nuclear energy and green hydrogen, Role of South Korean FDI in India's automotive and electronics sectors, Economic Security Dialogue on emerging and critical technologies, Tech-sharing and localized manufacturing under the ""Make in India"" initiative, Cooperation in quantum computing and artificial intelligence, India-Korea Financial Forum and investment facilitation in fintech, Impact of global supply chain diversification and ""China Plus One"" strategy, Bilateral MoUs on electric mobility and advanced manufacturing, Historical context from ""Look East"" to ""Act East"" Policy integration",,,Medium
cmopjvevv007mz3r08e3swk96,india-china-relations-border-disputes-bri-string-of-pearls-trade,"India-China Relations — Border Disputes, BRI, String of Pearls & Trade",INTERNATIONAL RELATIONS,GS2,"Line of Actual Control (LAC), McMahon Line, Panchsheel Agreement, String of Pearls, Belt and Road Initiative (BRI), China-Pakistan Economic Corridor (CPEC), Galwan Valley Clash, Doklam Standoff, Aksai Chin Dispute, Trade Deficit, Necklace of Diamonds, Brahmaputra Water Dispute, Malacca Dilemma, Quad (Quadrilateral Security Dialogue), Act East Policy, 1962 Sino-Indian War, Asia-Africa Growth Corridor (AAGC)","Historical background of the 1962 Sino-Indian War, Differences in perception of the Line of Actual Control (LAC) across Western Middle and Eastern sectors, Strategic importance of Aksai Chin and the Johnson vs McDonald Lines, The McMahon Line and Chinese claims over Arunachal Pradesh, Impact of border infrastructure development like the DSDBO road, Evolution of border management agreements from 1993 to 1996 and 2005, Analysis of the 2020 Galwan Valley clash and the 2024 patrolling agreement, Security implications of the String of Pearls and India's Sagarmala initiative, Strategic concerns regarding the Belt and Road Initiative (BRI) and CPEC through PoK, Trade deficit challenges and India's dependency on Chinese imports for APIs and electronics, Impact of Chinese investments and the 2020 FDI policy amendments, The role of Tibet and the Dalai Lama in bilateral tensions, Water sharing disputes over the Brahmaputra (Yarlung Tsangpo) river, Cooperation and competition in multilateral forums like BRICS SCO and RIC, Strategic balancing through the Quad and the Indo-Pacific construct",,,High
cmopjvew2007pz3r0gz1cipx8,south-china-sea-dispute-indias-position-strategic-interest,South China Sea Dispute — India's Position & Strategic Interest,INTERNATIONAL RELATIONS,GS2,"UNCLOS, Nine-Dash Line, Permanent Court of Arbitration 2016 Ruling, Act East Policy, Freedom of Navigation Operations, Exclusive Economic Zone, Spratly and Paracel Islands, ASEAN Outlook on the Indo-Pacific, Code of Conduct, Malacca Strait, Maritime Domain Awareness, Sea Lines of Communication, Rule-based International Order, Indo-Pacific Oceans Initiative, Blue Economy, ONGC Videsh, 1982 Law of the Sea Convention","Evolution of Indias position from neutral to vocal support for UNCLOS, Strategic importance of Sea Lines of Communication for Indian trade, Impact on Indias Act East Policy and ASEAN centrality, Security implications of Chinas Nine-Dash Line and militarization, Permanent Court of Arbitration award 2016 and Indias stance, Significance of the Malacca Strait and Chokepoint vulnerabilities, Cooperation with Quad and regional partners on maritime security, Energy security and ONGC Videsh oil exploration in Vietnam's EEZ, Principles of Freedom of Navigation and Overflight, Indias role in ensuring a rules-based order in the Indo-Pacific, Strategic significance of the South China Sea as a link between Indian and Pacific Oceans, Implications of Chinas artificial island construction on regional stability",,,High
cmopjvheh008oz3r06vpvuvnt,climate-change-in-international-relations-unfccc-paris-agreement,"Climate Change in International Relations — UNFCCC, Paris Agreement",INTERNATIONAL RELATIONS,GS2,"UNFCCC, Paris Agreement, Kyoto Protocol, Common But Differentiated Responsibilities, Nationally Determined Contributions, Conference of the Parties, Global Stocktake, Green Climate Fund, Climate Finance, Loss and Damage Fund, Climate Justice, International Solar Alliance","Evolution of UNFCCC and the principle of Common But Differentiated Responsibilities, Structure and objectives of the Paris Agreement, Mechanisms of Nationally Determined Contributions (NDCs) and the ratchet mechanism, Global Stocktake process and its significance for climate ambition, Article 6 market and non-market mechanisms for carbon credits, Enhanced Transparency Framework (ETF) for reporting and review, Climate finance commitments and the role of the Green Climate Fund, Technology Transfer and Capacity Building mechanisms for developing nations, Warsaw International Mechanism for Loss and Damage, Impact of the Glasgow Climate Pact on net-zero targets, Integration of adaptation strategies in national climate plans, Role of non-state actors and sub-national entities in climate diplomacy, Legal bindingness versus procedural obligations of the Paris treaty, Interlinkage between Sustainable Development Goals and climate action, Geopolitics of climate change and the North-South divide in negotiations",,,High
cmopjvig90097z3r0cvtgtyh8,brics-relevance-expansion-new-development-bank,"BRICS — Relevance, Expansion & New Development Bank",INTERNATIONAL RELATIONS,GS2,"New Development Bank, BRICS Contingent Reserve Arrangement, De-dollarization, BRICS Plus, South-South Cooperation, Global Governance Reform, Johannesburg Declaration, Kazan Declaration, Fortaleza Declaration, Multilateralism, BRICS Pay, UNSC Reform","Evolution from BRIC to BRICS+, New Development Bank governance and voting structure, Contingent Reserve Arrangement mechanism, De-dollarization and local currency trade settlement, Comparative analysis of NDB vs Bretton Woods institutions, Impact of BRICS expansion on global oil and energy markets, India’s strategic balancing within BRICS and G7/Quad, Challenges of China-India bilateral friction on institutional cohesion, Role of BRICS in South-South cooperation and Global South advocacy, Alternative cross-border payment systems and BRICS Pay, Reform of the UN Security Council and IMF/World Bank quotas, Institutionalization of the Partner Country model post-Kazan Summit",,,High
cmopjvdzt007cz3r09her1ga1,india-bhutan-relations-hydropower-china-factor,India-Bhutan Relations — Hydropower & China Factor,INTERNATIONAL RELATIONS,GS2,"Treaty of Perpetual Peace and Friendship 1949, India-Bhutan Friendship Treaty 2007, Hydropower Diplomacy, Doklam Standoff, Siliguri Corridor (Chicken's Neck), Neighbourhood First Policy, Gujral Doctrine, BBIN Connectivity Project, Bhutan-China-India Tri-junction, Punatsangchhu Hydroelectric Projects, Mangdechhu Project, Gelephu Mindfulness City, South Asian Association for Regional Cooperation (SAARC), Chumbi Valley, Buffer State Concept","Evolution from 1949 Treaty of Perpetual Peace and Friendship to 2007 Revised Friendship Treaty, Mutual security obligations under Article 2 of the 2007 Treaty, Strategic significance of the Doklam Plateau and the Tri-junction dispute, Impact of Chinese ""salami slicing"" and border incursions on Bhutan's sovereignty, Geopolitical implications of the Siliguri Corridor and the 'Chicken’s Neck' vulnerability, Hydropower cooperation model including Tala and Mangdechhu projects, Transition from inter-governmental to joint venture models in hydroelectric projects, Bhutan’s concerns regarding debt sustainability and hydropower project delays, India’s Neighbourhood First Policy and its application to Bhutanese development, Strategic impact of formal diplomatic relations between Bhutan and China, Role of Indian Military Training Team (IMTRAT) and security assistance, Connectivity initiatives including the Gelephu Mindfulness City and rail links, Impact of the 2017 Doklam standoff on India-Bhutan-China trilateral dynamics, Trade and economic interdependence under the free trade regime",,,High
cmopjvjnb009oz3r0kjrqkhyk,imf-world-bank-governance-reforms-indias-role,IMF & World Bank — Governance Reforms & India's Role,INTERNATIONAL RELATIONS,GS2,"IMF Quota Reforms, 16th General Review of Quotas, Special Drawing Rights, Bretton Woods Institutions, World Bank Evolution Roadmap, Capital Adequacy Framework, Washington Consensus, International Monetary and Financial Committee, G20 Common Framework, New Development Bank, Contingent Reserve Arrangement, Special Operations Window, IDA Replenishment, Voice and Vote Reform, Sovereign Debt Restructuring Mechanism","Evolution of Bretton Woods institutions and the Washington Consensus, IMF Quota and Governance Reforms (14th and 16th General Reviews), Special Drawing Rights (SDR) allocation and re-channeling mechanisms, World Bank Voice and Participation Reforms, Role of New Development Bank (NDB) and Asian Infrastructure Investment Bank (AIIB) as alternatives, IMF surveillance and Article IV consultations, Structural Adjustment Programs and their impact on developing nations, India's transition from borrower to contributor at the IMF, Governance of the International Bank for Reconstruction and Development (IBRD) and International Development Association (IDA), Impact of geopolitics on the selection of IMF Managing Director and World Bank President, Challenges of ""debt trap"" diplomacy and the role of Bretton Woods institutions, Resilience and Sustainability Trust (RST) and climate financing, Reform of IMF conditionality and surcharges on large loans, India’s advocacy for a multipolar global financial architecture via G20 Troika",,,High
cmopjvhef008ez3r0h75zebt5,india-africa-relations-south-south-cooperation-development-partnership,India-Africa Relations — South-South Cooperation & Development Partnership,INTERNATIONAL RELATIONS,GS2,"India-Africa Forum Summit, South-South Cooperation, Lines of Credit, African Union G20 Membership, African Continental Free Trade Area, Duty-Free Tariff Preference Scheme, Pan-African e-Network Project, India-Africa Defence Ministers' Conclave, SAGAR Initiative, Agenda 2063, UN Peacekeeping in Africa, Team-9 Initiative, Asia-Africa Growth Corridor, Voice of Global South Summit","Historical evolution of India-Africa ties from NAM to IAFS, Guiding principles of India's Africa policy (Ten Principles), India-Africa Forum Summit (IAFS) framework and Delhi Declaration, Role of Indian Technical and Economic Cooperation (ITEC) in capacity building, Pan-African e-Network project for tele-education and tele-medicine, Impact of Duty-Free Tariff Preference (DFTP) scheme on bilateral trade, Concessional Lines of Credit (LoC) for infrastructure development, India's contribution to UN Peacekeeping Missions in Africa, Cooperation in maritime security and the SAGAR vision, Inclusion of African Union in G20 during India's presidency, Indian diaspora's role as a bridge for development partnership, Collaborative efforts in food security and agricultural technology transfer, Pharmaceutical diplomacy and provision of affordable generic medicines, Challenges of competing with the Chinese model of infrastructure financing, Potential of the African Continental Free Trade Area (AfCFTA) for Indian businesses",,,High
cmopjvdzt007dz3r0i9sv5sh9,india-maldives-relations-geostrategy-political-fluctuations,India-Maldives Relations — Geostrategy & Political Fluctuations,INTERNATIONAL RELATIONS,GS2,"Neighborhood First Policy, Vision SAGAR, Operation Cactus, India Out Campaign, Greater Male Connectivity Project, Colombo Security Conclave, 1981 Trade Agreement, Exclusive Economic Zone, Security and Growth for All in the Region, South Asian Association for Regional Cooperation, Maritime Boundary Treaty 1976, Indian Ocean Region Geopolitics, High Impact Community Development Projects","Strategic importance of the Eight Degree Channel, Evolution of India's 'Neighbourhood First' policy vs Maldives' 'India First' policy, Security and Growth for All in the Region (SAGAR) vision, Impact of the 'India Out' campaign on bilateral ties, Greater Male Connectivity Project (GMCP) and infrastructure diplomacy, Operation Cactus (1988) and India's role as a net security provider, China's Belt and Road Initiative (BRI) and the 'String of Pearls' strategy in Maldives, Colombo Security Conclave and regional maritime cooperation, 1976 Maritime Boundary Treaty and the Minicoy sovereignty issue, Humanitarian assistance during the 2004 Tsunami and 2014 Male water crisis, Bilateral defense exercises like Ekuverin and Ekatha, Impact of radicalization and transnational crimes on Indian Ocean security, Climate change cooperation and the Maldives' climate security narrative, Economic stability through Lines of Credit and currency swap agreements, Role of Indian expatriates in the Maldivian health and education sectors",,,High
cmopjvheg008hz3r0jkqqg0wy,mtcr-missile-technology-indias-membership,MTCR — Missile Technology & India's Membership,INTERNATIONAL RELATIONS,GS2,"Multilateral Export Control Regimes (MECRs), Category I and Category II Items, Weapons of Mass Destruction (WMD), Nuclear Suppliers Group (NSG), Wassenaar Arrangement, Australia Group, Hague Code of Conduct Against Ballistic Missile Proliferation (HCOC), Point of Contact (PoC) in Paris, No-Undercut Policy, Dual-Use Goods and Technologies, International Geospatial Intelligence Policy, ISRO and DRDO Technology Access, Space Launch Vehicles (SLVs) vs Ballistic Missiles, 300km/500kg Threshold, Weapons of Mass Destruction-Capable Delivery Systems, Civil Space Cooperation, MTCR Guidelines and Annex, Unmanned Aerial Vehicles (UAVs) Export Policy, Global Non-Proliferation Architecture, Consensus-Based Decision Making","Genesis and evolution of MTCR since 1987, Category I and Category II controlled items, Threshold criteria of 500 kg payload and 300 km range, India's 2016 membership through the silent procedure, Impact on ISRO's cryogenic engine development and space program, Enhancement of BrahMos missile range and export potential, Access to high-end UAV technology like Predator and Avenger drones, Relationship between MTCR and the Hague Code of Conduct (HCoC), Significance of non-signatory status to NPT vs MTCR membership, Comparison with other export control regimes like NSG and Wassenaar Arrangement, Role of SCOMET list in aligning with MTCR guidelines, Challenges posed by non-member states like China, Strategic benefits for the Make in India initiative in defense, Impact on procurement of missile defense systems like Israel's Arrow II",,,Medium
cmopjvhef008cz3r0xkew2cnm,india-saudi-arabia-relations-energy-diaspora-strategic-ties,"India-Saudi Arabia Relations — Energy, Diaspora & Strategic Ties",INTERNATIONAL RELATIONS,GS2,"Delhi Declaration 2006, Riyadh Declaration 2010, Strategic Partnership Council, Saudi Vision 2030, India-Middle East-Europe Economic Corridor (IMEC), Strategic Petroleum Reserves Program, Al Mohed Al Hindi Exercise, EX-SADA TANSEEQ, RuPay Card Integration, e-Migrate Portal, International Solar Alliance, Hajj Committee of India, West Asia Peace and Stability, Counter-terrorism and Intelligence Sharing","Evolution of Strategic Partnership from Delhi to Riyadh Declarations, Strategic Partnership Council (SPC) structure and its two pillars, Hydrocarbon trade dynamics and India's dependence on Saudi crude and LPG, Shift from buyer-seller to strategic energy partnership in downstream projects, Saudi Vision 2030 and opportunities for Indian investment, Cooperation in renewable energy and Green Hydrogen, Indian diaspora's contribution to remittances and Saudi economy, Integration of e-Migrate and e-Thawtheeq portals, Security cooperation and counter-terrorism mechanisms, Joint naval exercises and defense industry collaboration, Middle East-Europe-India Economic Corridor (IMEC) implications, Strategic Petroleum Reserves (SPR) participation by Saudi Aramco, Impact of Hajj quota and cultural people-to-people ties, Geopolitical convergence in the G20 and West Asian stability",,,High
cmopjvhef008fz3r06wbi9mqq,nuclear-non-proliferation-npt-ctbt-nsg-india,"Nuclear Non-Proliferation — NPT, CTBT, NSG & India",INTERNATIONAL RELATIONS,GS2,"Treaty on the Non-Proliferation of Nuclear Weapons, Comprehensive Nuclear-Test-Ban Treaty, Nuclear Suppliers Group, International Atomic Energy Agency, India-US Civil Nuclear Deal, Fissile Material Cut-off Treaty, Wassenaar Arrangement, Australia Group, Missile Technology Control Regime, India's Nuclear Doctrine, No First Use Policy, Additional Protocol, Pokhran-II, Civil-Military Separation Plan, Integrated Safeguards System","Three Pillars of the Nuclear Non-Proliferation Treaty (NPT), India's objections to the NPT as a discriminatory regime, Comprehensive Nuclear-Test-Ban Treaty (CTBT) and India's voluntary moratorium on testing, Role and functions of the Nuclear Suppliers Group (NSG), 2008 NSG waiver for India and its impact on civil nuclear cooperation, India’s bid for permanent membership in the NSG and China's opposition, Fissile Material Cut-off Treaty (FMCT) negotiations and India's stance, India’s 'No First Use' (NFU) nuclear doctrine and credible minimum deterrence, Evolution of India’s nuclear program from Pokhran-I to Pokhran-II, Impact of the India-US Civil Nuclear Deal (123 Agreement) on global non-proliferation architecture, International Atomic Energy Agency (IAEA) and India-specific safeguards agreements, India's membership in Missile Technology Control Regime (MTCR) and Wassenaar Arrangement, Challenges to the global nuclear order from non-state actors and nuclear terrorism, Treaty on the Prohibition of Nuclear Weapons (TPNW) and India's position",,,Medium
cmopjvifs0094z3r09gixcrhi,india-israel-relations-defence-technology-palestine-question,"India-Israel Relations — Defence, Technology & Palestine Question",INTERNATIONAL RELATIONS,GS2,"De-hyphenation of Policy, I2U2 Group, Abraham Accords, India-Middle East-Europe Economic Corridor (IMEC), Two-State Solution, Barak-8 Missile System, Drishti-10 Starliner, Strategic Partnership Agreement 2017, Operation Ajay, Indo-Israel Agriculture Project (IIAP), Technology Innovation Hubs, Counter-terrorism Cooperation, Stockholm International Peace Research Institute (SIPRI) Reports, UN Resolutions on Palestine, Non-Aligned Movement (NAM) Principles","Evolution of India-Israel relations from 1950 to full diplomatic ties in 1992, Shift from buyer-seller to joint development and co-production in defense, Impact of Israeli surveillance and border security technologies on India's national security, Cooperation in Critical and Emerging Technologies including AI and semiconductors, India's De-hyphenation policy between Israel and Palestine, Historical commitment to a two-state solution versus strategic pragmatism, Strategic significance of India's participation in the I2U2 and IMEC frameworks, Role of Israel in India's food and water security through drip irrigation and desalination, Geopolitical challenges of balancing ties with Israel and Iran, Impact of the Adani-led Haifa Port acquisition on India’s Mediterranean access, Collaboration in space exploration between ISRO and the Israel Space Agency, Defense overdependence risks and diversification of military suppliers, Fintech integration and linking UPI with Israeli payment systems, Humanitarian aid and India's stance on the Gaza crisis within global forums",,,High
cmopjvew2007sz3r0m24z0drx,india-australia-quad-nuclear-cooperation-diaspora,"India & Australia — Quad, Nuclear Cooperation & Diaspora",INTERNATIONAL RELATIONS,GS2,"Comprehensive Strategic Partnership, Quadrilateral Security Dialogue, India-Australia Civil Nuclear Cooperation Agreement, Migration and Mobility Partnership Arrangement, India-Australia Economic Cooperation and Trade Agreement, Supply Chain Resilience Initiative, Mutual Logistics Support Arrangement, 2+2 Ministerial Dialogue, Critical Minerals Investment Partnership, Exercise Malabar, Indo-Pacific Oceans Initiative, ASEAN Centrality","Evolution from Strategic to Comprehensive Strategic Partnership (CSP), Shared vision for a free and open Indo-Pacific region, Quadrilateral Security Dialogue (Quad) and maritime security cooperation, Exercise Malabar and bilateral naval engagement (AUSINDEX), India-Australia Civil Nuclear Cooperation Agreement and uranium supply, Role of the Indian Diaspora in soft power and economic ties, Mutual Logistics Support Agreement (MLSA) and defense interoperability, Cooperation on critical and strategic minerals supply chains, Cyber and Critical Technology Framework Arrangement, India-Australia Economic Cooperation and Trade Agreement (ECTA), Cooperation in science and research through the AISRF, Collaboration on maritime domain awareness and IORA, Educational exchanges and the Migration and Mobility Partnership (MMPA), Multilateral coordination in G20 and East Asia Summit",,,High
cmopjvjnb009lz3r0uwrsjvzl,global-terrorism-fatf-counter-terror-frameworks,"Global Terrorism — FATF, Counter-Terror Frameworks",INTERNATIONAL RELATIONS,GS2,"FATF Forty Recommendations, FATF Black List, FATF Grey List, Anti-Money Laundering and Countering the Financing of Terrorism (AML/CFT), Global Counter-Terrorism Strategy (GCTS), Unlawful Activities (Prevention) Act (UAPA), Comprehensive Convention on International Terrorism (CCIT), Mutual Evaluation Reports (MER), Financial Intelligence Unit (FIU), Egmont Group, United Nations Security Council Resolution 1267, United Nations Security Council Resolution 1373, International Cooperation Review Group (ICRG), Prevention of Money Laundering Act (PMLA)","FATF mandate and its 40 recommendations, Criteria for FATF Grey List and Black List, Impact of FATF listing on a country's economy and credit rating, Role of the Asia/Pacific Group on Money Laundering (APG), UN Security Council Resolution 1267 and 1373, Comprehensive Convention on International Terrorism (CCIT), Global Counter-Terrorism Forum (GCTF) objectives, India's Internal Security and the Unlawful Activities (Prevention) Act (UAPA), Mechanisms of Terror Financing and Money Laundering, International cooperation in intelligence sharing and extradition treaties, Role of the National Investigation Agency (NIA) in counter-terrorism, Challenges of New and Emerging Technologies in terror financing, Financial Intelligence Unit - India (FIU-IND) functions, Mutual Evaluation Reports and country compliance assessments",,,High
cmopjviev0092z3r0t82i9m7a,nam-relevance-in-multipolar-world,NAM — Relevance in Multipolar World,INTERNATIONAL RELATIONS,GS2,"Strategic Autonomy, Bandung Principles, Panchsheel, Global South Solidarity, UN Security Council Reform, New International Economic Order, South-South Cooperation, Multipolarity vs Unipolarity, Issue-based Alignment, Nuclear Disarmament, Decolonization and Neo-colonialism, Article 51 of UN Charter, Kampala Declaration, Voice of Global South Summit","Foundational principles of the Bandung Conference (1955), Evolution from Cold War neutrality to strategic autonomy, NAM's role in advocating for Global South interests, Impact of the transition from unipolarity to multipolarity on non-alignment, Reforms in United Nations and Bretton Woods institutions, NAM's stance on nuclear disarmament and non-proliferation, South-South cooperation in trade and technology transfer, Challenges of intra-NAM conflicts and lack of institutional cohesion, Collective bargaining in international climate change negotiations, India's shift from Nehruvian non-alignment to multi-alignment, NAM's relevance in addressing terrorism and cyber warfare, Strategies for economic sovereignty amidst global debt crises, Solidarity with Palestinian self-determination and anti-colonial movements, Comparison between NAM and emerging blocs like BRICS and SCO",,,Medium
cmopjvheg008jz3r0hp2lttei,india-france-relations-strategic-partnership-defence,India-France Relations — Strategic Partnership & Defence,INTERNATIONAL RELATIONS,GS2,"Horizon 2047 Roadmap, Rafale-M Agreement, P-75 Scorpene Submarine Project, Exercise Varuna, Exercise Shakti, Exercise Garuda, Strategic Space Dialogue, Civil Nuclear Cooperation, Jaitapur Nuclear Power Project, International Solar Alliance, India-Middle East-Europe Economic Corridor, Indo-Pacific Triangular Cooperation, Defense Industrial Roadmap, Safran MRO Facility, Aatmanirbhar Bharat in Defence","Evolution from buyer-seller to co-development in defence, Horizon 2047 Roadmap for strategic sovereignty, Rafale-M procurement and naval aviation interoperability, Project P-75 Scorpene submarine technology transfer, Joint development of 110kN combat aircraft engines, Civil Nuclear Cooperation and Jaitapur Nuclear Power Project hurdles, Strategic cooperation in the Indo-Pacific and Joint Strategic Vision, International Solar Alliance (ISA) and global climate leadership, Space cooperation from sounding rockets to AsterX exercises, Reciprocal Logistics Support Agreement and maritime domain awareness, Trilateral dialogues including India-France-Australia and India-France-UAE, Cooperation in critical technologies like cyber security and quantum computing, Blue Economy and Ocean Governance Roadmap, France's support for India’s UNSC permanent membership and NSG entry, Impact of 1998 strategic partnership on India's nuclear status recognition",,,High
cmopjvfrw0085z3r0jguvmsuy,india-sri-lanka-relations-tamil-issue-fishermen-economic-ties,"India-Sri Lanka Relations — Tamil Issue, Fishermen & Economic Ties",INTERNATIONAL RELATIONS,GS2,"13th Amendment to the Sri Lankan Constitution, India-Sri Lanka Free Trade Agreement (ISFTA), Neighbourhood First Policy, SAGAR Vision, Katchatheevu Island Dispute, Economic and Technological Cooperation Agreement (ETCA), 1974 and 1976 Maritime Boundary Agreements, Indo-Sri Lanka Accord of 1987, Palk Strait Fishermen Issue, Colombo Security Conclave, Debt Restructuring and Financial Assistance 2022, Trincomalee Energy Hub, Buddhist and Ramayana Circuits, 1964 Shastri-Bandaranaike Pact, UNHRC Resolutions on Sri Lanka","1974 and 1976 Maritime Boundary Agreements, Katchatheevu Island dispute and its impact on sovereignty, Bottom trawling and its ecological impact in Palk Bay, Role of the Joint Working Group (JWG) on Fisheries, Humanitarian concerns regarding the arrest and detention of fishermen, Impact of Sri Lanka's civil war on maritime boundary enforcement, Economic significance of the Palk Strait for Tamil Nadu's fishing community, Ethnic issue and the 13th Amendment of the Sri Lankan Constitution, India's Neighborhood First Policy and its application to Sri Lanka, Bilateral economic cooperation and the Economic and Technology Cooperation Agreement (ETCA), Strategic significance of Sri Lanka in the Indian Ocean Region, Role of the Sri Lankan Navy in enforcing the International Maritime Boundary Line (IMBL), Cultural significance of St. Antony’s Church festival, Legal challenges in the Supreme Court of India regarding maritime agreements",,,Medium
cmopjvevu007lz3r09yanj1bc,india-usa-relations-strategic-partnership-trade-defence,"India-USA Relations — Strategic Partnership, Trade & Defence",INTERNATIONAL RELATIONS,GS2,"Comprehensive Global Strategic Partnership, Major Defense Partner Status, LEMOA, COMCASA, BECA, Initiative on Critical and Emerging Technology (iCET), 2+2 Ministerial Dialogue, Quad, India-US Civil Nuclear Deal (123 Agreement), US-India Trade Policy Forum, Strategic Trade Authorization-1 (STA-1), GSP (Generalized System of Preferences) issues, H-1B Visa Policy, INDUS-X, NISAR Mission","Evolution of India-US relations from Cold War to Comprehensive Global Strategic Partnership, Four Foundational Agreements (GSOMIA LEMOA COMCASA and BECA), Initiative on Critical and Emerging Technology (iCET) and its transition to TRUST, Defense Trade and Technology Initiative (DTTI) and INDUS-X, Bilateral military exercises (Malabar Yudh Abhyas Vajra Prahar and Tiger Triumph), Strategic cooperation in the Indo-Pacific and the role of the Quad, Cooperation in civil nuclear energy and the 123 Agreement, Space collaboration through ISRO-NASA joint missions and NISAR, Trade disputes including Generalized System of Preferences (GSP) and Intellectual Property Rights (IPR), Supply chain resilience for semiconductors and critical minerals, Counter-terrorism cooperation and intelligence sharing, Role of the Indian diaspora in shaping US foreign policy and bilateral ties, Energy diplomacy including the Strategic Clean Energy Partnership (SCEP)",,,High
cmopjvfrv0080z3r0o13c7mvc,evolution-of-indias-foreign-policy-panchsheel-nam-non-alignment,"Evolution of India's Foreign Policy — Panchsheel, NAM & Non-Alignment",INTERNATIONAL RELATIONS,GS2,"Panchsheel Agreement 1954, Non-Aligned Movement (NAM), Bandung Conference 1955, Article 51, 1961 Belgrade Summit, Five Principles of Peaceful Coexistence, Mutual Respect for Sovereignty, Non-Intervention, 1954 Sino-Indian Agreement, Strategic Autonomy, South-South Cooperation, New International Economic Order (NIEO), Peaceful Coexistence, 1957 UNGA Resolution on Peaceful Coexistence, Nehruvian Consensus, Asian-African Solidarity, Multi-alignment, Global South Advocacy","Historical background of Nehruvian foreign policy, Five Principles of Panchsheel and their 1954 origin, Role of India in the 1955 Bandung Conference, Genesis and objectives of the Non-Aligned Movement at the 1961 Belgrade Summit, India's strategy of maintaining strategic autonomy during the Cold War, Evolution from Nehruvian idealism to Indira Gandhi's realism, Impact of the 1971 Indo-Soviet Treaty on non-alignment, Shift from non-alignment to multi-alignment in the post-Cold War era, Relevance of NAM in a multipolar world order, India's leadership role in the Global South, Gujral Doctrine and its principles of non-reciprocity, Evolution of ""Look East"" to ""Act East"" policy, Strategic significance of the Panchsheel principles in contemporary boundary disputes, Comparison of original non-alignment with the concept of strategic autonomy",,,High
cmopjvdzs0079z3r01y6tb4sc,india-pakistan-relations-kashmir-water-dispute-cross-border-terrorism,"India-Pakistan Relations — Kashmir, Water Dispute & Cross-Border Terrorism",INTERNATIONAL RELATIONS,GS2,"Indus Waters Treaty 1960, Simla Agreement 1972, Lahore Declaration, Permanent Indus Commission, Article 370, Line of Control (LoC), Sir Creek Dispute, Siachen Glacier Conflict, Most Favoured Nation (MFN) Status, United Nations Military Observer Group in India and Pakistan (UNMOGIP), Permanent Court of Arbitration (PCA), Cross-border Terrorism, Indus Basin, Kishanganga Hydroelectric Project, Ratle Hydroelectric Project","Evolution of the Kashmir dispute and the role of UN mediation, Indus Waters Treaty and current disputes over Kishanganga and Ratle projects, Mechanisms of cross-border terrorism and role of non-state actors, Impact of Article 370 abrogation on bilateral diplomacy, Strategic implications of the China-Pakistan Economic Corridor (CPEC) through PoK, History of major wars (1947, 1965, 1971, 1999) and their geopolitical outcomes, Role of the Shimla Agreement and Lahore Declaration in dispute resolution, Sir Creek maritime boundary dispute and its economic significance, Nuclear deterrence and the impact of Pokhran-II and Chagai tests, Siachen Glacier conflict and the Actual Ground Position Line (AGPL), Track II diplomacy and people-to-people initiatives like the Kartarpur Corridor, Role of international actors (USA, China, Saudi Arabia) in Indo-Pak mediation, Impact of terrorism on SAARC and regional integration, Most Favored Nation (MFN) status and trade suspension dynamics, Challenges of narco-terrorism and drone-based smuggling in border management",,,High
cmopjvew2007vz3r0n1dzjfeq,india-vietnam-relations-strategic-economic-cooperation,India-Vietnam Relations — Strategic & Economic Cooperation,INTERNATIONAL RELATIONS,GS2,"Enhanced Comprehensive Strategic Partnership, Act East Policy, Indo-Pacific Oceans Initiative, UNCLOS, South China Sea Dispute, BrahMos Missile Deal, Defense Line of Credit, ASEAN-India Free Trade Area, Mekong-Ganga Cooperation, Global South Cooperation, Viksit Bharat 2047, Vietnam's Vision 2045, 2+2 Strategic Dialogue, Digital Payment Interoperability, Rare Earth Elements Cooperation","Evolution of Enhanced Comprehensive Strategic Partnership, Joint Vision Statement on Defence Partnership 2030, BrahMos missile deal and coastal defence cooperation, Indo-Pacific Oceans Initiative and South China Sea maritime security, Bilateral trade target of $25 billion by 2030, UPI and Vietnam fast payment system linkage, Cooperation in rare earth elements and critical minerals, Supply chain resilience and energy security initiatives, India-ASEAN Trade in Goods Agreement (AITIGA) review, 2+2 Ministerial Dialogue on Strategic Diplomacy-Defence, Submarine search and rescue support framework, Capacity building through ITEC and Ganga-Mekong Cooperation, Cultural exchange and digitization of Cham manuscripts, Strategic importance of Vietnam in India's Act East Policy and Vision SAGAR",,,Medium
cmopjvdzr0077z3r04tmjai3j,indias-nuclear-doctrine-no-first-use-strategic-deterrence,India's Nuclear Doctrine — No First Use & Strategic Deterrence,INTERNATIONAL RELATIONS,GS2,"No First Use Policy, Credible Minimum Deterrence, Massive Retaliation, Nuclear Command Authority, Political Council and Executive Council, Nuclear Triad, Negative Security Assurance, 2003 Nuclear Doctrine, Draft Nuclear Doctrine 1999, K. Subrahmanyam Committee, Operation Smiling Buddha (Pokhran-I), Operation Shakti (Pokhran-II), Comprehensive Test Ban Treaty (CTBT), Nuclear Non-Proliferation Treaty (NPT), Fissile Material Cut-off Treaty (FMCT), National Security Advisory Board (NSAB)","Evolution of India's nuclear policy from 1974 to 2003, Core tenets of the 2003 Official Nuclear Doctrine, Concept of Credible Minimum Deterrence (CMD), No First Use (NFU) pledge and its conditionalities, Massive retaliation and the principle of unacceptable damage, Nuclear Command Authority (NCA) and the role of the Political Council, Operationalizing the Nuclear Triad (land-air-sea based delivery), Second-strike capability and survivability of nuclear assets, Civilian vs military control in nuclear command and control, India's stance on NPT and CTBT in the context of strategic autonomy, Impact of tactical nuclear weapons on regional deterrence stability, Global nuclear disarmament advocacy vs national security imperatives, Challenges of the 'two-front' nuclear threat (China and Pakistan), Debate on shifting from NFU to a flexible deterrence posture, Role of the Nuclear Suppliers Group (NSG) and the 2008 civil nuclear waiver",,,Medium
cmopjvdzs007az3r0tb3aw4ty,india-as-emerging-great-power-opportunities-challenges,India as Emerging Great Power — Opportunities & Challenges,INTERNATIONAL RELATIONS,GS2,"Strategic Autonomy, Global South Leadership, Multi-alignment, UNSC Permanent Seat Claim, G20 Presidency, Indo-Pacific Construct, Soft Power Diplomacy, Neighborhood First Policy, Atmanirbhar Bharat, Panchsheel Principles, Indo-US Strategic Partnership, QUAD, Shanghai Cooperation Organisation (SCO), Nuclear Non-Proliferation Treaty (NPT) and India's Nuclear Doctrine, Article 51 of the Constitution","Evolution from non-alignment to multi-alignment and strategic autonomy, India's quest for permanent membership in the UN Security Council, Leadership role in the Global South and BRICS+ expansion, Strategic significance in the Indo-Pacific through the QUAD framework, Challenges of managing a continental-maritime security paradox, Impact of the India-Middle East-Europe Economic Corridor (IMEC) on connectivity, Role of Digital Public Infrastructure (DPI) as a tool for soft power diplomacy, Balancing relations between the West and Russia amidst global polarization, Navigating trade protectionism and the ""China Plus One"" strategy, India's emergence as a net security provider in the Indian Ocean Region, Strategic partnerships in critical and emerging technologies like iCET, Role of the Indian diaspora in shaping foreign policy and economic remittances, Challenges of cross-border terrorism and neighborhood stability, Energy security and the transition to renewable energy leadership via ISA",,,High
cmopjvjh4009gz3r0rkoszdi5,wto-trade-disputes-indias-position-reform,"WTO — Trade Disputes, India's Position & Reform",INTERNATIONAL RELATIONS,GS2,"Appellate Body crisis, Dispute Settlement Mechanism, Public Stockholding for Food Security, Bali Peace Clause, Special and Differential Treatment, Doha Development Agenda, Agreement on Agriculture, Trade Facilitation Agreement, Cairns Group, G33, Ministerial Conference outcomes, Most Favored Nation principle, Plurilateral vs Multilateral agreements, Investment Facilitation for Development Agreement, TRIPS waiver for vaccines","Two-tier binding dispute settlement mechanism, Appellate Body crisis and paralysis since 2019, Permanent solution for public stockholding (PSH) and food security, Special and Differential Treatment (S&DT) for developing nations, Special Safeguard Mechanism (SSM) for agricultural imports, Agreement on Agriculture (AoA) imbalances and domestic support caps, Moratorium on customs duties on electronic transmissions, Plurilateral agreements versus multilateralism, TRIPS waiver for essential medicines and vaccines, Agreement on Fisheries Subsidies and livelihood protection, WTO reforms for transparent and member-driven governance, Dispute resolution regarding solar panel local content requirements, Impact of non-tariff barriers on Indian exports, Peace Clause and its operational challenges in agriculture, G33 coalition and India's leadership in global trade negotiations",,,High
cmopjvevv007nz3r07nnixoxr,india-russia-relations-defence-energy-shifting-dynamics,"India-Russia Relations — Defence, Energy & Shifting Dynamics",INTERNATIONAL RELATIONS,GS2,"Special and Privileged Strategic Partnership, IRIGC, 2+2 Dialogue, S-400 Triumf, CAATSA, BrahMos, Kudankulam Nuclear Power Plant, International North-South Transport Corridor, Arctic Council, BRICS, Shanghai Cooperation Organisation, Far East Development, Reciprocal Exchange of Logistics Agreement, Agreement on Programme for Military Technical Cooperation 2021-2031","Evolution from 1971 Friendship Treaty to Special and Privileged Strategic Partnership, Russian contribution to Kudankulam Nuclear Power Project phases, S-400 Triumf deal and implications of US CAATSA sanctions, BrahMos cruise missile joint venture and co-development model, Impact of Russia-Ukraine conflict on Indian defence supply chains, Strategic significance of the International North-South Transport Corridor (INSTC), Cooperation in the Arctic region and Northern Sea Route, Recalibration of ties amidst growing Russia-China axis, Energy security cooperation through Rosneft and investments in Far East Russia, India's stance on Russia in multilateral forums like BRICS and SCO, Space cooperation including Gaganyaan mission and cryogenic engine legacy, Joint military exercises such as INDRA and Vostok, Challenges of trade imbalance and rupee-ruble payment mechanisms, India's ""multi-alignment"" doctrine and strategic autonomy in the Indo-Pacific context",,,High
cmopjvheg008lz3r0msyuroc5,indian-diaspora-role-welfare-gulf-workers-issues,"Indian Diaspora — Role, Welfare & Gulf Workers Issues",INTERNATIONAL RELATIONS,GS2,"Non-Resident Indians (NRIs), Persons of Indian Origin (PIO), Overseas Citizens of India (OCI), Emigration Act 1983, Kafala System, Indian Community Welfare Fund (ICWF), Pravasi Bharatiya Divas, Pravasi Bharatiya Bima Yojana (PBBY), MADAD Portal, e-Migrate System, Global Skill Gap Mapping, Remittances and RBI Guidelines, Section 20A of Representation of the People Act 1950, LMIS (Labour Market Information System), Minimum Referral Wages (MRW)","Evolution of Indian diaspora policy from passive dissociation to proactive engagement, Impact of remittances on India's balance of payments and forex reserves, Kafala system and labor exploitation in Gulf Cooperation Council countries, Role of the diaspora as a strategic asset and soft power ambassador, Specific challenges of low-skilled migrant workers in West Asia, Merging of PIO and OCI categories and current OCI benefits, Pravasi Bharatiya Divas and its significance in diaspora diplomacy, Brain drain versus brain gain and knowledge exchange through return migration, Institutional frameworks like the MADAD portal and e-Migrate system, Diaspora's influence on the domestic politics and foreign policies of host nations, Safety and evacuation operations for overseas Indians during crises, Contributions of the diaspora to India's startup ecosystem and technological innovation",,,High
cmopjvheg008iz3r0irygtazy,india-uae-relations-economic-diaspora-dimensions,India-UAE Relations — Economic & Diaspora Dimensions,INTERNATIONAL RELATIONS,GS2,"Comprehensive Economic Partnership Agreement, Comprehensive Strategic Partnership, Local Currency Settlement System, India-Middle East-Europe Economic Corridor, Bilateral Investment Treaty, Diaspora and Remittances, West Asia Look West Policy, I2U2 Grouping, Food Security Corridor, Strategic Petroleum Reserves Program, Energy Security, BAPS Hindu Temple and Cultural Diplomacy, High Level Joint Task Force on Investments, Passport Act 1967, Emigration Act 1983","Comprehensive Economic Partnership Agreement (CEPA) impact on non-oil trade, Local Currency Settlement System (LCSS) for INR-AED transactions, Role of the 3.5 million strong Indian diaspora in UAE's economy, Remittance patterns and their contribution to India’s foreign exchange, India-UAE Food Corridor and investments in food parks, Strategic Petroleum Reserves and energy security partnership, Bharat Mart in Jebel Ali Free Zone for Indian MSMEs, Cooperation in renewable energy and Green Hydrogen Task Force, Bilateral investment through the Abu Dhabi Investment Authority (ADIA), Integration of digital payment systems like UPI and Jaywan, Collaboration in healthcare and pharmaceutical registration facilitation, Impact of CEPA on gems and jewellery exports, Skill mapping and professional standards for Indian workforce in UAE, Joint ventures in defense production and space technology",,,High
cmopjvhlu008sz3r0mh27b460,india-iran-relations-chabahar-sanctions-energy,"India-Iran Relations — Chabahar, Sanctions & Energy",INTERNATIONAL RELATIONS,GS2,"Chabahar Port, International North-South Transport Corridor, Joint Comprehensive Plan of Action, Shahid Beheshti Terminal, India Ports Global Limited, U.S. Sanctions and Waivers, Strategic Autonomy, Trilateral Transit Agreement, Gwadar Port and CPEC, Farzad-B Gas Field, Energy Security, Connect Central Asia Policy, Maritime Security in the Arabian Sea, Belt and Road Initiative, International Transport and Transit Corridor Agreement","Strategic significance of Shahid Beheshti Terminal at Chabahar, Impact of US CAATSA and JCPOA withdrawal on bilateral trade, International North-South Transport Corridor (INSTC) as a gateway to Eurasia, Rupee-Rial payment mechanism for bypassing sanctions, India's energy security and the cessation of Iranian crude oil imports, Comparison between Chabahar and China-backed Gwadar Port, Trilateral transit agreement between India Iran and Afghanistan, Role of Iran in India's 'Connect Central Asia' policy, Security cooperation in the Persian Gulf and Indian Ocean Region, Historical and civilizational links through the Tehran and New Delhi Declarations, Geopolitical balancing between Iran and the US-Israel-Saudi axis, Future prospects for oil and gas exploration in the Farzad-B field",,,Medium
cmopjvdzs0078z3r05z9bk6j9,indias-energy-diplomacy-oil-gas-renewable-partnerships,"India's Energy Diplomacy — Oil, Gas & Renewable Partnerships",INTERNATIONAL RELATIONS,GS2,"International Solar Alliance, Strategic Petroleum Reserves, International Energy Agency Strategic Partnership, Global Biofuels Alliance, India-Middle East-Europe Economic Corridor, National Green Hydrogen Mission, One Sun One World One Grid, U.S.-India Strategic Clean Energy Partnership, Strait of Hormuz Geopolitics, 2070 Net Zero Target, BBIN Energy Connectivity, Arctic Council, BIMSTEC Grid Interconnection, United Nations Framework Convention on Climate Change Paris Agreement, OPEC+ Dialogues","Strategic autonomy in energy procurement, Impact of US sanctions on India-Russia oil trade, Security of energy chokepoints like the Strait of Hormuz, India's role in the International Solar Alliance (ISA), Geopolitics of trans-national pipelines like TAPI, Equity oil and natural gas assets through ONGC Videsh, Critical minerals diplomacy for the EV transition, Strategic Petroleum Reserves (SPR) and domestic energy resilience, Green hydrogen partnerships and global supply chain leadership, Transitioning from fossil fuel dependence to renewable energy diplomacy, Impact of West Asian instability on India’s crude oil supply, Clean energy cooperation under the Quad and G20 frameworks, Diversification of LNG import sources and long-term supply contracts, Energy diplomacy with Latin America and Africa for geographical diversification",,,High
cmopjvfrw0086z3r0uyxd5000,gujral-doctrine-neighbourhood-first-policy,Gujral Doctrine & Neighbourhood First Policy,INTERNATIONAL RELATIONS,GS2,"Non-reciprocity, Principle of Non-interference, Respect for Sovereignty and Territorial Integrity, Peaceful Bilateral Negotiations, Neighborhood First Policy, SAARC, BIMSTEC, 1996 Ganga Water Treaty, Mahakali Treaty, Panchsheel Principles, Soft Power Diplomacy, Samman (Respect), Samvad (Dialogue), Shanti (Peace), Samriddhi (Prosperity)","Five principles of the Gujral Doctrine and the concept of non-reciprocity, Evolution from security-centric to trust-based neighborhood diplomacy, Impact on India-Bangladesh relations through the 1996 Ganga Water Treaty, Role in resolving the Mahakali river dispute with Nepal, Comparison between Gujral Doctrine and the Panchsheel principles, Strategic impact of shutting down R&AW operations in Pakistan, Shift from bilateral quid pro quo to unilateral accommodation, Evolution of ""Neighborhood First"" policy as a modern extension, Role of soft power and cultural diplomacy in regional integration, Impact of the doctrine on SAARC and regional economic cooperation, Security implications of cross-border terrorism on non-reciprocal policies, Challenges posed by China's ""string of pearls"" and economic influence in South Asia, Relevance of bilateral dialogue in resolving the Kashmir and border disputes, Effectiveness of the doctrine in the post-26/11 geopolitical context",,,High
cmopjvig30096z3r0fzvu5ou3,india-germany-relations-economic-technology-partnership,India-Germany Relations — Economic & Technology Partnership,INTERNATIONAL RELATIONS,GS2,"India-Germany Strategic Partnership, Green and Sustainable Development Partnership (GSDP), Indo-German Inter-Governmental Consultations (IGC), Defense Industrial Cooperation Roadmap, Migration and Mobility Partnership Agreement (MMPA), Indo-German Science and Technology Centre (IGSTC), National Green Hydrogen Mission, India-EU Free Trade Agreement (FTA), Trade and Technology Council (TTC), Supply Chain Resilience Initiative, G4 Nations, India-Middle East-Europe Economic Corridor (IMEC), Indo-German Centre of Excellence on Innovation, Partnership for Global Infrastructure and Investment (PGII)","Indo-German Green and Sustainable Development Partnership (GSDP), Innovation and Technology Partnership Roadmap, Indo-German Green Hydrogen Roadmap, Strategic cooperation in critical minerals and supply chain resilience, Joint research through Indo-German Science and Technology Centre (IGSTC), Bilateral trade dynamics and impact of EU-India FTA negotiations, Skill development and Migration and Mobility Partnership Agreement (MMPA), Cooperation in high-tech sectors like AI and digital convergence, German investments in India's green urban mobility and metro projects, Collaborative manufacturing under Make in India and Mittelstand (MIIM) programs, Cooperation in space technology and satellite launches, Defence technology sub-group and diversification of military hardware, Skilled Labour Strategy: India for addressing workforce shortages, Sustainable supply chain regulations and their impact on bilateral trade",,,High
cmopjvheh008nz3r0ii4spa7j,united-nations-reforms-unsc-permanent-membership-bid,"United Nations — Reforms, UNSC Permanent Membership Bid",INTERNATIONAL RELATIONS,GS2,"UN Charter Article 108, UN Charter Article 109, G4 Nations, Uniting for Consensus (Coffee Club), P5 Veto Power, Intergovernmental Negotiations (IGN), L.69 Group, African Common Position (Ezulwini Consensus), UNGA Resolution 1991, Razali Plan, S-5 Group (Small Five), Veto Initiative (UNGA Resolution 76/262), Sovereignty and Multilateralism, Equitable Representation, Maintenance of International Peace and Security","Evolution of UNSC membership and 1965 expansion, G4 nations and their collective bid for permanent seats, Coffee Club (Uniting for Consensus) and opposition strategies, L.69 Group and demands of developing nations, Ezulwini Consensus and the African Union's position, Veto power reform and the 15-year deferral proposal, Intergovernmental Negotiations (IGN) process and challenges, UNGA Resolution 76/262 (Veto Initiative), Criteria for permanent membership and India’s credentials, Impact of the 1945 post-war reality on current UNSC structure, Reform of the UN Secretariat and administrative efficiency, Relationship between the Security Council and the General Assembly, Expansion of non-permanent member categories and regional representation, Impact of UNSC deadlock on global conflicts like Ukraine and Gaza",,,High
cmopjvfrt007zz3r0kpkfcrk3,india-myanmar-relations-border-management-asean-connect,India-Myanmar Relations — Border Management & ASEAN Connect,INTERNATIONAL RELATIONS,GS2,"Act East Policy, Neighbourhood First Policy, Kaladan Multi-Modal Transit Transport Project, India-Myanmar-Thailand Trilateral Highway, Free Movement Regime (FMR), Sittwe Port, Border Management, Golden Triangle, Look East Policy, BIMSTEC, ASEAN-India Free Trade Area, India-Myanmar Friendship Road, Operation Sunrise, India-Myanmar Border Fence, Northeast India Insurgency, Paradiplomacy, SASEC Partnership, BCIM Economic Corridor, 1643 km Indo-Myanmar Border, Act East Forum","Historical background of India-Burma Boundary Agreement 1967, Security implications of the 2021 military coup on India's Northeast, Impact of Free Movement Regime (FMR) revocation on border communities, Progress and challenges of Kaladan Multi-Modal Transit Transport Project, Strategic significance of India-Myanmar-Thailand Trilateral Highway, Role of Myanmar as a gateway for India's Act East Policy, Management of the 1,643 km porous border and fencing challenges, Transnational organized crime and drug trafficking from the Golden Triangle, Influx of Chin and Rohingya refugees into Manipur and Mizoram, Countering Chinese strategic influence and investments in Myanmar, Security threats from Indian Insurgent Groups (IIGs) operating from Myanmar, Bilateral trade decline and impact on border towns like Moreh, Ethnic kinship ties across the border and their impact on local governance, Humanitarian and diplomatic dilemmas in engaging with the military Junta vs resistance groups",,,Medium
cmopjv3cv003fz3r06y7dfvmg,civil-disobedience-movement-dandi-march,Civil Disobedience Movement & Dandi March,MODERN HISTORY,GS1,"Dandi March, Salt Act 1882, Purna Swaraj Resolution, Gandhi-Irwin Pact, Round Table Conferences, Simon Commission, Eleven Demands of Gandhi, Karachi Resolution 1931, Dharasana Satyagraha, Khudai Khidmatgar, Vedaranyam Salt March, Cunningham Circular, Nehru Report, Civil Disobedience vs Non-Cooperation, Rani Gaidinliu, Forest Law Defiance, No-Rent Campaign, Lord Irwin's Declaration","Impact of the Simon Commission and Nehru Report, Gandhi's 11 Demands to Viceroy Irwin, Ritual and symbolism of the Dandi March, Comparison between Non-Cooperation and Civil Disobedience movements, Role of women in picketing and public processions, Regional variations like the Vedaranyam Salt Satyagraha and K. Kelappan's Malabar march, Khan Abdul Ghaffar Khan and the Khudai Khidmatgars in NWFP, The Dharasana Salt Works raid and colonial repression, Anti-chowkidara tax campaigns in Bihar and Bengal, No-revenue and no-rent campaigns in Uttar Pradesh, Impact of the Great Depression on peasant participation, Provisions and significance of the Gandhi-Irwin Pact, Participation of the business class and the role of FICCI, Limitations regarding Muslim and Dalit participation, Impact of the movement on the Government of India Act 1935",,,High
cmopjv486003wz3r0jm072orc,reforms-in-south-india-periyar-narayana-guru,"Reforms in South India — Periyar, Narayana Guru",MODERN HISTORY,GS1,"Self-Respect Movement, Vaikom Satyagraha, Sri Narayana Dharma Paripalana (SNDP) Movement, Justice Party, Dravidar Kazhagam, Temple Entry Proclamation 1936, Erode Plan, Aruvippuram Movement, Kudi Arasu, Self-Respect Marriages, Anti-Hindi Agitations, Communal G.O. 1921, Dravida Nadu, Vaikom Veerar, One Caste One Religion One God for Mankind","Self-Respect Movement and its socio-political impact, Vaikom Satyagraha and the temple entry movement, Sree Narayana Guru's philosophy of One Caste One Religion One God, Role of the Justice Party in non-Brahmin mobilization, Dravidar Kazhagam and the demand for Dravida Nadu, Periyar's critique of the caste system and religious orthodoxy, Aravippuram Movement and its significance, Rationalism and the rejection of Brahminical hegemony, Women's rights and self-respect marriages, Impact of the Self-Respect Movement on Tamil nationalism, Educational and employment reservations for non-Brahmins, Social reforms under the SNDP Yogam, Periyar's contribution to language and the anti-Hindi agitations, Comparison of reform movements in South India versus North India",,,Medium
cmopjv3j3003jz3r05ywipuab,subhas-chandra-bose-indian-national-army,Subhas Chandra Bose & Indian National Army,MODERN HISTORY,GS1,"Haripura Session 1938, Tripuri Crisis 1939, All India Forward Bloc, Indian National Army (Azad Hind Fauj), Provisional Government of Free India (Azad Hind), National Planning Committee, Battles of Kohima and Imphal, INA Trials (Red Fort Trials), Indian Independence League, Rani of Jhansi Regiment, Azad Hind Radio, Purna Swaraj, C.R. Das (Political Mentor), The Indian Struggle (Book)","Ideological differences between Gandhi and Bose on non-violence and industrialization, Haripura and Tripuri sessions of INC and the 1939 leadership crisis, Formation and objectives of the All India Forward Bloc, Role of Rash Behari Bose and Mohan Singh in the initial formation of INA, Proclamation of the Arzi Hukumat-e-Azad Hind (Provisional Government of Free India), Role of the Rani of Jhansi Regiment and women's participation in armed struggle, Bose's diplomatic missions and alliances with Axis powers (Germany and Japan), Military campaigns in Burma and the battles of Imphal and Kohima, Significance of the INA trials at Red Fort and their impact on the Indian naval mutiny, Contribution of the Indian Independence League (IIL) in Southeast Asia, Impact of Bose’s radio broadcasts (Azad Hind Radio) on national mobilization, Legacy of the INA in shaking the foundations of the British Indian Army",Indian National Congress (Split and evolution); World War II geopolitical dynamics; Ethno-nationalism and militant movements in India,Critically analyze the ideological divergence between the Gandhian path of non-violence and Bose's strategy of armed struggle in the context of national liberation.; How did the geopolitical vacuum created by World War II offer a unique strategic opportunity for militant nationalist forces like the INA?; Discuss the limitations of armed resistance versus the necessity of diplomatic engagement in achieving true national sovereignty.,High
cmopjv3p4003nz3r09ilaxm3a,quit-india-movement-1942,Quit India Movement (1942),MODERN HISTORY,GS1,"Cripps Mission, August Offer, Do or Die Slogan, August Kranti Maidan, Parallel Governments, Satara Prati Sarkar, Congress Radio, Aruna Asaf Ali, Usha Mehta, Underground Resistance, C. Rajagopalachari Formula, Quit India Resolution, Lord Linlithgow, Ballia and Tamluk Governments, Individual Satyagraha, Purna Swaraj, Impact of World War II on India, Failure of Cabinet Mission, Jatiya Sarkar, Post-War National Upsurge","Failure of Cripps Mission as an immediate cause, Impact of World War II on Indian economy and inflation, Do or Die speech and its ideological significance, Role of underground activities and leaders like Aruna Asaf Ali and Usha Mehta, Emergence of parallel governments in Ballia, Tamluk and Satara, Spontaneous participation of the masses and the leaderless nature of the movement, Impact of the arrest of top Congress leadership on August 9th, Participation of women and students in the struggle, Attitudes of the Muslim League, Communist Party of India and Hindu Mahasabha, British repressive measures and use of force, Strategic importance of the movement in paving the way for post-war independence negotiations, Comparison of Quit India Movement with Non-Cooperation and Civil Disobedience movements",,,High
cmopjv3va003uz3r0nnp79ddn,reforms-in-western-india-ranade-phule-ambedkar,"Reforms in Western India — Ranade, Phule, Ambedkar",MODERN HISTORY,GS1,"Prarthana Samaj, Satyashodhak Samaj, Gulamgiri, Bahishkrit Hitakarini Sabha, Mahad Satyagraha, Poona Pact 1932, Widow Remarriage Association, Deccan Education Society, Sarvajanik Sabha, All India Depressed Classes Association, Independent Labour Party, Article 17, Article 46, Manusmriti Dahan Din, Self-Respect Movement, National Social Conference","Satyashodhak Samaj and Phule's anti-caste ideology, Contribution of Savitribai Phule to women's education, Prarthana Samaj and the role of Justice M.G. Ranade, Poona Sarvajanik Sabha and political awakening in Maharashtra, Mahad Satyagraha and its significance in the Dalit movement, Ambedkar's role in the Round Table Conferences and Poona Pact, Gulamgiri and the critique of Brahmanical hegemony, Social reform activities of the Paramhansa Mandali, Formation and impact of the Independent Labour Party, All India Depressed Classes Association and M.C. Rajah, Bahishkrit Hitkarini Sabha and its objectives, Comparative study of Brahmanical vs. non-Brahmanical reform movements, Contribution of R.G. Bhandarkar to social and religious reforms, Socio-economic impact of the Deccan Education Society",,,High
cmopjv3p2003lz3r0ayvbq0v8,home-rule-movement-tilak-besant,Home Rule Movement — Tilak & Besant,MODERN HISTORY,GS1,"Irish Home Rule Movement, Self-Government (Swaraj), Lucknow Pact 1916, Montagu Declaration 1917, New India and Commonweal, Swarajya Sabha, Government of India Act 1919, Extremist-Moderate Reunion, All-India Muslim League-Congress Unity, Linguistic States, Vernacular Education, Theosophical Society, Valentine Chirol Libel Case, George Arundale, B.P. Wadia","Factors leading to the rise of Home Rule Movement, Comparison between Tilak's and Annie Besant's Home Rule Leagues, Objectives and organizational structure of the leagues, Impact of World War I on the movement's emergence, Role of New India and Commonweal newspapers, Methods of political education and propaganda used, Significance of the Lucknow Pact 1916, Response of the British Government and repressive measures, Impact on the Indian National Congress and the Muslim League, The August Declaration of 1917 (Montagu Declaration), Reasons for the decline and fizzling out of the movement, Transition and merger into the Swarajya Sabha and Gandhian movements",,,Medium
cmopjv1t40038z3r0iwrl9axc,tribal-revolts-against-british-rule,Tribal Revolts Against British Rule,MODERN HISTORY,GS1,"Santhal Rebellion, Munda Ulgulan, Khuntkatti System, Dikus, Sidhu and Kanhu Murmu, Birsa Munda, Tana Bhagat Movement, Rampa Rebellion, Alluri Sitarama Raju, Kol Mutiny, Khasi Revolt, Bhil Uprisings, Indian Forest Act 1878, Chotanagpur Tenancy Act 1908, Santhal Pargana Tenancy Act, Forest Satyagrahas, Ryotwari and Zamindari Systems, Tribal Autonomy, Environmental and Ecological Resistance, Integration with National Movement","Causes of tribal discontent (land alienation, forest laws, and moneylenders), Santhal Hul (1855-56) and the role of Sidhu and Kanhu, Munda Ulgulan (1899-1900) and Birsa Munda's leadership, Khond Uprisings and the suppression of Meriah (human sacrifice), Bhil Revolts in Khandesh and the Western Ghats, Koya Uprising and the leadership of Tomma Sora, Rampa Rebellion (1922-24) and Alluri Sitarama Raju, Chuar Uprising (Jungle Mahal Rebellion) in Midnapore, Khasi Uprising led by Tirath Singh, Tribal resistance in the North-East (Kukis, Lushais, and Singhphos), Evolution from local grievances to integration with the National Movement, Role of Christian missionaries and religious revitalization in tribal revolts, Comparison between pre-1857 and post-1857 tribal movements, Impact of the Permanent Settlement and Ryotwari systems on tribal land rights",,,High
cmopjv1t3002zz3r0wu6n8c40,decline-of-mughal-empire-rise-of-regional-powers,Decline of Mughal Empire & Rise of Regional Powers,MODERN HISTORY,GS1,"Jagirdari Crisis, Mansabdari System, Later Mughals, Battle of Karnal, Nadir Shah's Invasion, Ahmad Shah Abdali, Third Battle of Panipat, Rise of Hyderabad (Nizam-ul-Mulk), Emergence of Awadh (Saadat Khan), Bengal under Murshid Quli Khan, Maratha Confederacy, Sikh Misls, Jats and Satnamis Rebellions, Agrarian Crisis, Decline of Primogeniture, Khalisa Land, Battle of Buxar, Treaty of Allahabad","Aurangzeb's religious and Deccan policies, Jagirdari and Mansabdari crisis, Succession wars and weak later Mughal rulers, Factionalism among nobility (Turani, Irani, Hindustani), Impact of Nadir Shah and Ahmad Shah Abdali's invasions, Rise of successor states (Bengal, Awadh, Hyderabad), Emergence of warrior states (Marathas, Sikhs, Jats), Nature of 18th-century ""Dark Age"" vs ""Prosperity"" debate, Shift from centralized to decentralized authority, Impact of European trading companies on regional politics, Agrarian distress and peasant revolts, Military stagnation and lack of naval power, Decline of Mughal prestige after the Battle of Karnal, Administrative corruption and erosion of central control",,,Medium
cmopjv1t30030z3r0kb9gkrl5,advent-of-europeans-british-conquest-of-india,Advent of Europeans & British Conquest of India,MODERN HISTORY,GS1,"Vasco da Gama 1498, Estado da India, Blue Water Policy, Cartaz System, Battle of Swally 1612, East India Company Charter 1600, Golden Farman 1632, Battle of Plassey 1757, Battle of Buxar 1764, Treaty of Allahabad 1765, Dual Government in Bengal, Carnatic Wars, Battle of Wandiwash 1760, Subsidiary Alliance, Doctrine of Lapse, Regulating Act 1773, Pitts India Act 1784, Commercialization of Agriculture, De-industrialization, Drain of Wealth Theory","Discovery of the sea route by Vasco da Gama and its significance, Portuguese 'Blue Water Policy' and naval supremacy in the Indian Ocean, Role of Alfonso de Albuquerque in consolidating Portuguese power, Factors behind the decline of Portuguese influence in India, Establishment of Dutch factories and their shift to the Indonesian archipelago, Formation of the English East India Company and the Royal Charter of 1600, Battle of Swally and the end of Portuguese naval dominance, Factors contributing to the British victory over other European powers, Anglo-French rivalry and the impact of the Carnatic Wars, French East India Company and the role of Joseph Francois Duplex, Subsidiary Alliance and the Doctrine of Lapse as tools of conquest, Battle of Plassey and the political breakthrough in Bengal, Battle of Buxar and the Treaty of Allahabad, Administrative and military reasons for the success of British in India, Introduction of new crops and the printing press by Europeans",,,Medium
cmopjv2tq003cz3r0te2vjxnw,revolutionary-militant-nationalism-bhagat-singh-gadar-movement,"Revolutionary & Militant Nationalism — Bhagat Singh, Gadar Movement",MODERN HISTORY,GS1,"Hindustan Republican Association (HRA), Hindustan Socialist Republican Association (HSRA), Ghadar Party, Naujawan Bharat Sabha, Kakori Conspiracy Case, Lahore Conspiracy Case, Central Legislative Assembly Bombing 1929, Chittagong Armoury Raid, Saunders Murder Case, Komagata Maru Incident, Delhi Conspiracy Case, Jallianwala Bagh Massacre, Simon Commission Protests, Philosophy of the Bomb, Role of Women in Revolutionary Movements, Trial and Martyrdom of Jatin Das","Formation of the Ghadar Party and role of Lala Hardayal, Komagata Maru incident and its impact on revolutionary activities, Ghadar Mutiny of 1915 and the Lahore Conspiracy Case, Hindustan Socialist Republican Association (HSRA) and its manifesto 'The Philosophy of the Bomb', Assassination of John Saunders and the trial of Bhagat Singh, Central Legislative Assembly Bomb Case and the hunger strikes in jail, Evolution of Bhagat Singh's ideology from militant nationalism to socialism and atheism, Role of women in militant nationalism (Kalpana Datta, Pritilata Waddedar, and Bina Das), Activities of the Berlin Committee and the Zimmermann Plan during WWI, Revolutionary activities of Surya Sen and the Chittagong Armoury Raid, Impact of the Russian Revolution on Indian revolutionary groups, Differences between the first and second phases of revolutionary nationalism, Role of the Indian diaspora in North America and Southeast Asia in the freedom struggle",,,High
cmopjv4qh0044z3r0tf2kxenr,trade-union-peasant-movements-pre-independence,Trade Union & Peasant Movements — Pre-Independence,MODERN HISTORY,GS1,"Indigo Revolt, Pabna Agrarian Leagues, Deccan Riots, Champaran Satyagraha, Kheda Satyagraha, All India Kisan Sabha, Bardoli Satyagraha, Tebhaga Movement, Telangana Peasant Movement, Trade Union Act 1926, All India Trade Union Congress (AITUC), Madras Labour Union, Bombay Millhands Association, Meerut Conspiracy Case, Royal Commission on Labour","Indigo Revolt and the Pabna Agrarian Leagues, Deccan Riots and the 1879 Relief Act, Moplah Rebellion of 1921, Impact of Gandhi's early Satyagrahas (Champaran, Kheda, Bardoli), Formation and role of All India Kisan Sabha (1936), Eka Movement and Avadh Kisan Sabha, Tebhaga Movement and sharecroppers' rights, Telangana Peasant Insurrection (1946-51), Rise of the All India Trade Union Congress (AITUC) and ideological splits, Impact of the Trade Unions Act 1926, Role of the Communist Party of India in mobilizing labor and peasantry, Working conditions in 19th-century textile and jute mills, Performance of the Madras Labour Union and early industrial strikes, Influence of the Great Depression on agrarian and industrial unrest",,,High
cmopjv2tq003bz3r0l7cdmasb,role-of-press-literature-in-freedom-struggle,Role of Press & Literature in Freedom Struggle,MODERN HISTORY,GS1,"James Augustus Hicky, Censorship of Press Act 1799, Licensing Regulations 1823, Metcalfe Act 1835, Licensing Act 1857, Registration Act 1867, Vernacular Press Act 1878, Newspapers (Incitement to Offences) Act 1908, Indian Press Act 1910, Indian Press (Emergency Powers) Act 1931, Bal Gangadhar Tilak, Kesari and Mahratta, Amrita Bazar Patrika, Mahatma Gandhi, Young India and Navjivan, Raja Ram Mohan Roy, Sambad Kaumudi, Bankim Chandra Chattopadhyay, Anandamath, Vande Mataram","Contribution of Raja Ram Mohan Roy as the founder of nationalist press, Impact of the Vernacular Press Act 1878 and its nickname Gagging Act, Role of Tilak through Kesari and Mahratta in political mobilization, Gandhiji's use of Young India and Navjivan for spreading non-violent ideology, Evolution of press laws from Metcalfe's Act to the Indian Press Act 1910, Significance of Amrita Bazar Patrika in bypassing censorship, Development of the library movement and public readings in rural areas, Role of socialist and revolutionary literature in radicalizing youth, Influence of patriotic poetry and songs in fostering national identity, Impact of the press in documenting colonial economic exploitation and famines, Contribution of women journalists and publications like New India, Press as a tool for social reform and critique of orthodox customs, Role of the press during the Civil Disobedience and Quit India Movements, Development of regional language journalism as a vehicle for political rebellion",,,High
cmopjv3p2003mz3r0k08pg7lg,19th-century-social-reform-movements-ram-mohan-roy-vidyasagar,"19th Century Social Reform Movements — Ram Mohan Roy, Vidyasagar",MODERN HISTORY,GS1,"Brahmo Samaj, Atmiya Sabha, Sambad Kaumudi, Bengal Regulation III of 1829, Sati Pratha, Monotheism, Hindu Widow Remarriage Act 1856, Women's Education, Tattvabodhini Sabha, Sanskrit College Reforms, Young Bengal Movement, Rationalism and Humanism, Abolition of Polygamy, Keshub Chandra Sen, Debendranath Tagore","Raja Ram Mohan Roy's campaign against Sati and the 1829 Regulation, Foundation and ideology of Brahmo Sabha and Brahmo Samaj, Ishwar Chandra Vidyasagar’s role in the Hindu Widows' Remarriage Act 1856, Contribution of Vidyasagar to female education and the Bethune School, Rationalism and monotheism in the 19th-century reformist agenda, Debendranath Tagore and the Tattvabodhini Sabha, Schisms within the Brahmo Samaj (Adi Brahmo Samaj vs. Brahmo Samaj of India), Impact of Western liberal thought and the Young Bengal Movement, Role of vernacular journalism in social awakening (Sambad Kaumudi), Efforts toward the abolition of polygamy and child marriage, Social reform as a precursor to Indian nationalism, Limitations and narrow social base of the 19th-century middle-class reforms",,,High
cmopjv1t30031z3r0a4mnwop0,governors-general-colonial-administration-till-1857,Governors-General & Colonial Administration till 1857,MODERN HISTORY,GS1,"Regulating Act of 1773, Pitt's India Act of 1784, Charter Act of 1813, Charter Act of 1833, Charter Act of 1853, Subsidiary Alliance, Doctrine of Lapse, Permanent Settlement, Ryotwari System, Mahalwari System, Cornwallis Code, Wood's Despatch, Macaulay's Minute on Education, General Service Enlistment Act, Lex Loci Act","Regulating Act of 1773 and its impact on centralized governance, Permanent Settlement of 1793 and Cornwallis Code, Introduction and evolution of the Subsidiary Alliance system, Doctrine of Lapse and the annexation of princely states, Ryotwari and Mahalwari land revenue settlements, Charter Act of 1813 and the end of Company trade monopoly, Charter Act of 1833 and the centralization of legislative power, Judicial reforms from Warren Hastings to Lord William Bentinck, Police and civil service reforms under Lord Cornwallis, Development of modern infrastructure including railways and telegraph under Dalhousie, Suppression of social practices like Sati and Thuggee, Macaulay’s Minute of 1835 and the introduction of English education, Wood’s Despatch of 1854 on vocational and female education, Administrative causes leading to the Revolt of 1857",,,High
cmopjv2tt003dz3r0r0dokj0q,revolt-of-1857-causes-course-significance,"Revolt of 1857 — Causes, Course & Significance",MODERN HISTORY,GS1,"Doctrine of Lapse, Subsidiary Alliance, General Service Enlistment Act 1856, Religious Disabilities Act 1856, Government of India Act 1858, Queen's Proclamation, Annexation of Awadh, Bahadur Shah Zafar, Nana Sahib, Rani Lakshmibai, Tantia Tope, Kunwar Singh, Mangal Pandey, Greased Cartridges Issue, First War of Independence, Sepoy Mutiny, V.D. Savarkar, R.C. Majumdar, S.N. Sen, Permanent Settlement, Ryotwari System, Mahalwari System","Doctrine of Lapse and its impact on princely states, Annexation of Awadh on grounds of misgovernance, Impact of the General Service Enlistment Act 1856, Introduction of the Enfield rifle and greased cartridges, Socio-religious impact of the Religious Disabilities Act and Widows Remarriage Act, Economic impact of Permanent and Ryotwari settlements on peasantry, Role of local leaders like Nana Saheb and Begum Hazrat Mahal, Reasons for the non-participation of South India and the educated middle class, Administrative changes under the Government of India Act 1858, Military reorganization and the 'Divide and Rule' policy post-1857, Significance of the proclamation of Bahadur Shah Zafar as Emperor, Historiography and differing perspectives on the nature of the revolt",,,High
cmopjv3j2003gz3r0su426xke,non-cooperation-movement-1920-22,Non-Cooperation Movement (1920-22),MODERN HISTORY,GS1,"Khilafat Movement, Rowlatt Act 1919, Jallianwala Bagh Massacre, Swaraj, Satyagraha, Ahimsa, Boycott of British Goods, Swadeshi, Khadi, Charkha, Tilak Swaraj Fund, Nagpur Session 1920, Chauri Chaura Incident, Withdrawal of NCM, Hindu-Muslim Unity, National Educational Institutions, Kashi Vidyapeeth, Jamia Millia Islamia, Anti-liquor Campaigns, Removal of Untouchability","Factors leading to the Non-Cooperation Movement (Rowlatt Act and Jallianwala Bagh Massacre), Khilafat Issue and its integration with NCM, Nagpur Session 1920 and structural changes in Congress, Strategy of Boycott (Titles, Schools, Courts, and Foreign Goods), Promotion of Swadeshi and the economic impact of Khadi, Role of the Tilak Swaraj Fund in mass mobilization, Regional variations of the movement (Awadh Kisan Sabha and Eka Movement), Participation of women and diverse social strata in the struggle, Impact on Hindu-Muslim unity and the role of the Khilafat Committee, Chauri Chaura incident and the rationale for the suspension of the movement, Evaluation of achievements and failures of the movement, Emergence of the Swarajists and revolutionary movements in the aftermath, Transition from constitutional methods to extra-constitutional mass struggle, Significance of the movement as a ""trial run"" for the Civil Disobedience Movement",,,High
cmopjv3p4003oz3r0o0vq5fbx,rise-of-indian-nationalism-indian-national-congress,Rise of Indian Nationalism & Indian National Congress,MODERN HISTORY,GS1,I'm still learning and can't help with that. Do you need help with anything else?,"Factors contributing to the rise of Indian nationalism, Impact of Western education and English language, Role of modern press and literature, Economic critique of British rule by early nationalists, Impact of socio-religious reform movements on national unity, Foundation of Indian National Congress and the Safety Valve theory, Objectives and methods of the Moderate phase (1885-1905), Rise of Extremism and the Surat Split of 1907, Reactionary policies of Lord Lytton and Lord Curzon, Impact of international events like the American and French Revolutions, Ilbert Bill controversy and its significance, Pre-Congress political associations in India and abroad, Contributions of key figures like Dadabhai Naoroji and A.O. Hume, Administrative and political unification under British rule, Role of transport and communication in mobilizing public opinion",,,High
cmopjv1t40032z3r0ev0dwb54,british-economic-policies-their-exploitation,British Economic Policies & Their Exploitation,MODERN HISTORY,GS1,"Drain of Wealth Theory, Permanent Settlement 1793, Ryotwari System, Mahalwari System, Deindustrialisation, Commercialisation of Agriculture, Charter Act of 1813, Poverty and Un-British Rule in India, Home Charges, One-way Free Trade, Economic Critique of British Imperialism, Imperial Preference, Ruin of Artisans and Craftsmen, Financial Capitalism, Development of Railways (Private Profit at Public Risk)","Evolution of British commercial policy from mercantilism to free trade, Impact of Permanent Settlement on agrarian relations, Ryotwari and Mahalwari systems as instruments of exploitation, Dadabhai Naoroji's Drain of Wealth theory and its components, Deindustrialisation and the ruin of traditional Indian handicrafts, Impact of the Charter Act of 1813 on one-way free trade, Forced commercialization of agriculture and the Indigo crisis, Role of British capital in Railway development and finance capitalism, Impact of high revenue demands on peasant indebtedness and rural credit, Colonial policies and the frequency of famines in the 19th century, Subordination of Indian industries through discriminatory tariff policies, Economic nationalism and the nationalist critique of colonial exploitation",,,High
cmopjv4ke0041z3r0lg8nm3tn,early-nationalists-moderates-vs-extremists,Early Nationalists — Moderates vs Extremists,MODERN HISTORY,GS1,"Economic Critique of Colonialism, Drain Theory, Constitutional Agitation, Surat Split 1907, Swaraj, Swadeshi and Boycott Movement, Passive Resistance, Indian Councils Act 1892, Lal-Bal-Pal, Policy of Three Ps (Prayer, Petition, Protest), Rise of Militant Nationalism, Shimla Deputation, Partition of Bengal 1905","Ideology and social base of the Moderate phase (1885-1905), Constitutional methods of Prayer Petition and Protest, Economic Critique of Colonialism and Drain Theory, Expansion and reform of Legislative Councils (Indian Councils Act 1892), Indianization of civil services and administrative reforms, Rise of militant nationalism and factors favoring Extremists, Ideological differences between Swaraj as self-government vs complete independence, Passive resistance and the 4-point program (Swaraj Swadeshi Boycott National Education), Role of vernacular press and cultural symbols in mass mobilization, Impact of the 1905 Partition of Bengal on Congress internal politics, 1906 Calcutta Session and the four compromise resolutions, Detailed analysis of the 1907 Surat Split and its consequences, Comparison of social backgrounds and constituencies of both factions, British policy of Carrot and Stick toward Moderates and Extremists, Reunification of factions at the 1916 Lucknow Session",,,High
cmopjv3v9003rz3r01c9n1ryc,caste-movements-in-northern-eastern-india,Caste Movements in Northern & Eastern India,MODERN HISTORY,GS1,"Satnami Movement, Adi Dharm Movement, Namasudra Movement, Matua Mahasangha, All India Depressed Classes Association, Poona Pact 1932, Communal Award 1932, Kaka Kalelkar Commission, Mandal Commission, Article 17, Article 15, Article 16, Sanskritization, Bahujan Samaj, Scheduled Castes Federation","Satyashodhak Samaj and Jyotiba Phule's anti-caste ideology in Maharashtra, Matua Mahasangha and Harichand Thakur’s movement in Bengal, Adi-Dharma movement and Mangoo Ram in Punjab, Satnami movement and Ghasidas in Central India/Chhattisgarh, Socio-political mobilization of Jatavas in Agra and the Adi-Hindu movement, Role of the Arya Samaj and the Shuddhi movement in North India, Impact of the 1926 All India Depressed Classes Leaders Conference in Nagpur, Contribution of M.C. Rajah and the All India Depressed Classes Association, Role of Christian missionaries in Dalit education in Northern India, Intersection of Peasant movements and Caste identity in Awadh and Bihar, Significance of Ambedkar’s Mahad Satyagraha and burning of Manusmriti, Influence of Bhakti saints like Ravidas and Kabir on Northern anti-caste consciousness, Comparative analysis of reformative vs radical caste movements in the North, Impact of British census and 'horizontal stretch' on caste mobilization",,,Medium
cmopjv2tq003az3r0kl2rzbcj,peasant-movements-civil-rebellions-in-colonial-india,Peasant Movements & Civil Rebellions in Colonial India,MODERN HISTORY,GS1,"Indigo Revolt, Pabna Agrarian Leagues, Deccan Riots, Champaran Satyagraha, Kheda Satyagraha, Mappila Rebellion, Bardoli Satyagraha, Tebhaga Movement, Telangana Movement, All India Kisan Sabha, Bengal Tenancy Act 1885, Deccan Agriculturists Relief Act 1879, Sanyasi Rebellion, Santhal Hool, Eka Movement, Pagal Panthis, Faraizi Movement, Ramosi Uprisings, Kol Mutiny, Indigo Commission","Indigo Revolt and the Role of Bengali Intelligentsia, Pabna Agrarian Leagues and the Bengal Tenancy Act of 1885, Deccan Riots and the Deccan Agriculturists Relief Act of 1879, Mappila Rebellion and its Communal Overtones, Champaran Satyagraha and the Tinkathia System, Kheda Satyagraha and the Issue of Revenue Remission, Bardoli Satyagraha and the Leadership of Vallabhbhai Patel, Evolution and Role of the All India Kisan Sabha, Tebhaga Movement and Sharecroppers Rights in Bengal, Telangana People's Struggle against the Nizam and Feudalism, Eka Movement and the Role of Madari Pasi, Sanyasi and Fakir Rebellion, Paika Rebellion of 1817 as a Pre-1857 Civil Uprising, Impact of Colonial Land Revenue Settlements on Peasant Discontent, Changing Nature of Peasant Protest post-1857 vs pre-1857",,,High
cmopjv3va003tz3r0hr2gw79i,partition-of-india-causes-communalism-human-cost,"Partition of India — Causes, Communalism & Human Cost",MODERN HISTORY,GS1,"Two-Nation Theory, Divide and Rule Policy, Lahore Resolution 1940, Cripps Mission 1942, Cabinet Mission Plan 1946, Direct Action Day, Mountbatten Plan, Indian Independence Act 1947, Radcliffe Line, Communalism, Refugee Crisis and Rehabilitation, Integration of Princely States, Wavell Plan, Simla Conference","Two-Nation Theory and its evolution, British policy of Divide and Rule post-1857, Impact of 1937 Provincial Elections on Muslim League strategy, Lahore Resolution of 1940, CR Formula and Desai-Liaquat Pact, Failure of the Cabinet Mission Plan 1946, Direct Action Day and Great Calcutta Killings, Mountbatten Plan and 3rd June Plan, Indian Independence Act 1947, Radcliffe Line and the Boundary Commission challenges, Mass migration and the refugee crisis in Punjab and Bengal, Impact on women and the Recovery of Abducted Persons project, Communalization of state institutions and the police, Integration of princely states during partition, Socio-economic disruption and the division of assets, Long-term psychological trauma and the ""Division of Hearts"" narrative",,,High
cmopjv1t40037z3r07d665hxy,christian-missionaries-social-impact,Christian Missionaries & Social Impact,MODERN HISTORY,GS1,"Charter Act of 1813, Serampore Trio, William Carey, Charles Grant, Alexander Duff, English Education Act 1835, Wood's Despatch 1854, Abolition of Sati (Regulation XVII 1829), Hindu Widows Remarriage Act 1856, Female Infanticide Prevention Act 1870, Proselytization and Vernacular Education, Tribal Conversions and the Chotanagpur Tenancy Act, Social Reforms and the Caste System, Educational Partnership and Grants-in-Aid System","Charter Act of 1813 and the legal entry of missionaries, Role of Serampore Trio in printing and vernacular education, Impact on female education and establishment of girls schools, Contribution to the development of written scripts for tribal languages, Role in providing Western medical education and healthcare, Advocacy against social evils like Sati and child marriage, Education and upliftment of Dalits and marginalized communities, Missionary influence on the English-Orientalist controversy, Promotion of Western science and modern administrative ideas, Impact on tribal identity and disruption of traditional belief systems, Role of missionaries in the growth of the press and journalism, Vocational training and economic empowerment of converts, Tensions between missionary proselytization and nationalist movements, Contribution to standardized grammar and dictionaries in regional languages",,,Medium
cmopjv63e0046z3r01aecidi7,cabinet-mission-mountbatten-plan-transfer-of-power,"Cabinet Mission, Mountbatten Plan & Transfer of Power",MODERN HISTORY,GS1,"Cabinet Mission Plan 1946, Three-tier Administrative Structure, Grouping of Provinces, Interim Government 1946, Mountbatten Plan (June 3 Plan), Indian Independence Act 1947, Partition of Punjab and Bengal, Boundary Commission (Radcliffe Line), Plan Balkan (Dickie Bird Plan), Wavell's Breakdown Plan, Direct Action Day, Princely States' Accession, Constituent Assembly of India, Two-Dominion Status, Transfer of Power timeline","Three-tier federal structure of Cabinet Mission Plan, Grouping of provinces (Sections A B and C), Rejection of the demand for a sovereign Pakistan, Conflict between Congress and League on compulsory vs optional grouping, Formation and composition of the Interim Government 1946, Direct Action Day and its communal consequences, Provisions of the June 3rd Plan (Mountbatten Plan), Boundary Commission and the Radcliffe Line, Indian Independence Act 1947, Integration of Princely States and lapse of paramountcy, Role of V.P. Menon and Sardar Patel in the partition process, Evolution of the Constituent Assembly from the Cabinet Mission framework, The Breakdown Plan of Lord Wavell, Shift in British policy from Wavell to Mountbatten, Impact of the Atlee Declaration of February 1947",,,High
cmopjv3j3003hz3r0daegpkqk,round-table-conferences-communal-award,Round Table Conferences & Communal Award,MODERN HISTORY,GS1,"Simon Commission, Nehru Report, Civil Disobedience Movement, Lord Irwin's Delhi Declaration, Gandhi-Irwin Pact, All-India Federation, Minority Pact, Ramsay MacDonald's Communal Award, Separate Electorates vs Joint Electorates, Poona Pact, Yeravda Jail Fast, Government of India Act 1935, B.R. Ambedkar's Depressed Classes Federation, Lothian Committee, Provincial Autonomy","Simon Commission recommendations and its impact on RTC, First Round Table Conference participants and the idea of All-India Federation, Gandhi-Irwin Pact as a precursor to the second RTC, Mahatma Gandhi's role as the sole representative of INC in the second RTC, Demands for separate electorates by B.R. Ambedkar and the Minorities Pact, Differences between Gandhi and Ambedkar on the Depressed Classes, Ramsay MacDonald’s Communal Award of 1932, Provisions for separate electorates for Muslims, Sikhs, and Dalits, Gandhi’s fast unto death in Yerwada Jail against the Communal Award, Terms of the Poona Pact 1932 between Gandhi and Ambedkar, Third Round Table Conference and the absence of INC and Labour Party, White Paper on Constitutional Reforms 1933, Impact of RTC discussions on the Government of India Act 1935",,,High
cmopjvafc005rz3r0rxm9q6zn,central-state-information-commissions-rti-implementation,Central & State Information Commissions — RTI Implementation,POLITY,GS2,"Right to Information Act 2005, Article 19(1)(a), Article 21, Central Information Commission, State Information Commission, RTI Amendment Act 2019, Section 8 Exemptions, Section 24 Exemptions, Public Information Officer, First Appellate Authority, Second Appeal, Proactive Disclosure Section 4, Public Interest Override, Official Secrets Act 1923, Political Parties as Public Authorities, Judicial Independence vs RTI, Transparency and Accountability, Shailesh Gandhi Case, Subhash Chandra Agrawal Case","Structure and composition of Central and State Information Commissions, Appointment and removal process of Information Commissioners, Powers and functions of the CIC and SIC under Section 18, Suo motu disclosure obligations of public authorities under Section 4, Role and duties of Central and State Public Information Officers, Process and timelines for disposal of information requests under Section 7, Specific grounds for exemption from disclosure under Section 8 and 9, Procedure and timeframes for first and second appeals, Penalty provisions and disciplinary actions for non-compliance under Section 20, Major amendments to the RTI Act and their impact on commission autonomy, Jurisdictional boundaries and the bar on court intervention under Section 23, Challenges in RTI implementation including vacancies and pendency of cases, Comparison between the CIC and SIC organizational frameworks, Role of RTI in promoting transparency and accountability in governance",,,High
cmopjvafc005oz3r0o2h6hiw6,election-commission-of-india-powers-appointment-electoral-reforms,"Election Commission of India — Powers, Appointment & Electoral Reforms",POLITY,GS2,"Article 324, Chief Election Commissioner and Other Election Commissioners Act 2023, Model Code of Conduct, Representation of the People Act 1950, Representation of the People Act 1951, VVPAT and EVM, Delimitation Commission, Article 326, SVEEP, cVIGIL, Indrajit Gupta Committee on State Funding of Elections, Dinesh Goswami Committee on Electoral Reforms, Anoop Baranwal vs Union of India, Remote Voting Machines (RVM), Electoral Bonds, National Voters' Day","Constitutional provisions under Article 324, Appointment process under the 2023 Act, Composition and multi-member structure of ECI, Removal process of CEC vs Election Commissioners, Independence and autonomy from executive control, Powers regarding superintendence and control of elections, Role in preparation and revision of electoral rolls, Registration and de-registration of political parties, Enforcement of Model Code of Conduct, Management of EVM and VVPAT technology, Election expenditure monitoring and limits, Disqualification of members under Article 102 and 191, Role in resolving disputes over party symbols, Recommendations of Indrajit Gupta and Dinesh Goswami Committees, Challenges of criminalization of politics and money power, Concept and feasibility of One Nation One Election",,,High
cmopjvcey006pz3r0g5qxct18,judicial-review-scope-limits,Judicial Review — Scope & Limits,POLITY,GS2,"Article 13, Article 32, Article 226, Article 131, Article 136, Article 142, Basic Structure Doctrine, Kesavananda Bharati Case, Minerva Mills Case, L. Chandra Kumar Case, Ninth Schedule, I.R. Coelho Case, Judicial Activism vs Judicial Restraint, Separation of Powers, Rule of Law, 42nd Amendment Act, 44th Amendment Act, Curative Petition, Review Petition, Substantial Question of Law","Definition and constitutional basis of Judicial Review in India, Evolution from A.K. Gopalan to Kesavananda Bharati case, Comparison of Judicial Review in India and USA, Articles 13, 32, 131-136, 143, 226 and 227, Judicial Review of Legislative Actions and Administrative Actions, Judicial Review of Constitutional Amendments and Ninth Schedule, Basic Structure Doctrine as a limit and tool for review, Grounds for Judicial Review (unconstitutionality, procedural impropriety, irrationality), Limitations of Judicial Review and the Principle of Finality, Distinction between Judicial Review, Judicial Activism, and Judicial Overreach, Impact on the Doctrine of Separation of Powers, Judicial Review of the Speaker’s decisions under the Tenth Schedule, Role in protecting Fundamental Rights and Federal Equilibrium",,,High
cmopjv63g004fz3r0j9n9cadb,constitutional-amendments-process-key-amendments-pending-amendments,"Constitutional Amendments — Process, Key Amendments & Pending Amendments",POLITY,GS2,"Article 368, Basic Structure Doctrine, Kesavananda Bharati Case, 42nd Amendment Act, 44th Amendment Act, Shankari Prasad Case, Golaknath Case, Minerva Mills Case, Constitutional Amendment Bill Procedure, Special Majority, Federal Provisions Amendment, 73rd and 74th Amendment Acts, 101st Amendment Act (GST), Judicial Review of Amendments, Ninth Schedule & Article 31B","Procedure under Article 368 for constitutional amendments, Distinction between amendments under Article 368 and simple majority legislation, Role of state ratification in federal amendments, Evolution of the Basic Structure Doctrine from Shankari Prasad to Kesavananda Bharati, Limitations on Parliament's constituent power, Significance of the 42nd and 44th Amendment Acts, Constitutional status of Panchayati Raj and Municipalities (73rd and 74th Amendments), Anti-Defection Law and the Tenth Schedule (52nd and 91st Amendments), Impact of the 101st Amendment on fiscal federalism and GST, Restoring state powers to identify SEBCs under the 105th Amendment, Judicial review of amendments placed in the Ninth Schedule, Procedure for the creation and abolition of Legislative Councils, Absence of joint sitting provisions for constitutional amendment bills, Impact of amendments on Fundamental Rights versus Directive Principles of State Policy",,,High
cmopjv7q1004zz3r0ycwmym05,state-legislatures-legislative-assembly-legislative-council,State Legislatures — Legislative Assembly & Legislative Council,POLITY,GS2,"Article 168, Article 169, Article 170, Article 171, Vidhan Sabha vs Vidhan Parishad powers, Speaker of the Legislative Assembly, Money Bills in State Legislature, Article 200 (Assent to Bills), Article 201 (Bills reserved for President), 104th Constitutional Amendment Act, Office of Profit, Parliamentary Privileges (Article 194), Quorum and Sessions (Article 174), Anti-Defection Law (10th Schedule)","Constitutional provisions for the creation and abolition of Legislative Councils under Article 169, Composition of Legislative Assemblies and Legislative Councils (Articles 170-171), Qualifications and disqualifications for membership of State Legislatures (Articles 173 and 191), Powers and functions of the Speaker and Deputy Speaker of the Assembly, Legislative procedure and the passage of bills in bicameral versus unicameral legislatures, Comparison of powers between the Legislative Council and Rajya Sabha, Role and limitations of the Legislative Council in passing Money Bills and non-financial bills, Privileges and immunities of State Legislature members under Article 194, Duration and sessions of State Legislatures including prorogation and dissolution, Role of the Governor in addressing and summoning the Houses, Process of reservation of bills for the President's consideration under Article 201, Impact of the Tenth Schedule on the disqualification of members, Relationship between the State Executive and the Legislative Assembly regarding collective responsibility",,,High
cmopjv89d0057z3r0q2pw5gh9,womens-reservation-in-parliament,Women's Reservation in Parliament,POLITY,GS2,"Nari Shakti Vandan Adhiniyam, Constitution (106th Amendment) Act 2023, Article 330A, Article 332A, Article 239AA, Article 334A, Delimitation Commission, 73rd and 74th Constitutional Amendment Acts, Geeta Mukherjee Committee, Gender Parity in Legislatures, Rotation of Seats, Sunset Clause, Sub-quota for OBCs, Women-led Development, Global Gender Gap Report, Political Empowerment of Women","Constitutional One Hundred and Sixth Amendment Act 2023, Nari Shakti Vandan Adhiniyam provisions, Reservation in Lok Sabha and State Legislative Assemblies, Inclusion of Delhi Legislative Assembly under Article 239AA, Delimitation exercise and its link to implementation, 15-year sunset clause and provision for extension, Rotation of reserved seats after each delimitation, Reservation for SC and ST women within the quota, Historical evolution from the 1996 Bill to 2023, Impact of 73rd and 74th Amendments on local self-governance, Arguments for and against the quota-within-quota for OBCs, Comparison of women's representation in India vs global averages, Role of the Committee on the Status of Women in India (1971), Challenges of patriarchal mindset and 'Proxy' representation, Significance of the census for the commencement of reservation",,,High
cmopjvcl1006uz3r0z2ta4kqd,supreme-court-guardian-of-constitution-fundamental-rights,Supreme Court — Guardian of Constitution & Fundamental Rights,POLITY,GS2,"Article 124, Article 32, Article 131, Article 136, Article 142, Article 143, Basic Structure Doctrine, Judicial Review, Collegium System, Judicial Activism vs Judicial Overreach, Writ Jurisdiction, Public Interest Litigation (PIL), Ninth Schedule, Independence of Judiciary, Curative Petition","Original jurisdiction under Article 131, Appellate jurisdiction in constitutional and civil matters, Special Leave Petition (SLP) under Article 136, Advisory jurisdiction under Article 143, Writ jurisdiction under Article 32 for enforcement of Fundamental Rights, Doctrine of Basic Structure (Kesavananda Bharati Case), Power of Judicial Review and its limitations, Appointment of judges and the Collegium system, Removal process of Supreme Court judges, Concept of Judicial Activism vs Judicial Restraint, Public Interest Litigation (PIL) and its evolution, Contempt of Court powers under Article 129, Curative Petition and Review Petition mechanisms, Independence of the judiciary and constitutional safeguards, Master of the Roster and administrative powers of the CJI",,,High
cmopjvcky006tz3r08927042n,collegium-system-judicial-appointments-njac-controversy,Collegium System & Judicial Appointments (NJAC Controversy),POLITY,GS2,"First Judges Case (S.P. Gupta v. Union of India), Second Judges Case, Third Judges Case, Fourth Judges Case (NJAC Case), Article 124, Article 217, 99th Constitutional Amendment Act, National Judicial Appointments Commission Act 2014, Independence of Judiciary, Basic Structure Doctrine, Memorandum of Procedure (MoP), Judicial Primacy, Consultation vs Concurrence, Justice M.N. Venkatachaliah Commission, Transparency and Accountability in Judiciary","Evolution of the Collegium system through the Three Judges Cases, Constitutional provisions under Article 124 and Article 217, Composition and functioning of the Supreme Court and High Court Collegiums, Role of the Executive and the Memorandum of Procedure (MoP), Impact of the 99th Constitutional Amendment Act and the NJAC Act 2014, Grounds for striking down NJAC in the Fourth Judges Case (2015), Relationship between judicial independence and the Basic Structure doctrine, Criticisms regarding lack of transparency and accountability in appointments, Issue of judicial primacy vs. executive concurrence, Challenges of nepotism and lack of social diversity in the higher judiciary, Proposals for a Permanent Judicial Appointments Commission, Process of reiteration of names by the Collegium and government objections, Comparison of judicial appointment processes in other democratic countries, Impact of judicial vacancies on pendency of cases and the rule of law",,,High
cmopjv7hx004rz3r064ffos2o,gst-cooperative-federalism,GST & Cooperative Federalism,POLITY,GS2,"101st Constitution Amendment Act 2016, Article 246A, Article 269A, Article 279A, GST Council, Fiscal Federalism, Destination-based Taxation, GST Compensation Act 2017, Cooperative Federalism, Dual GST Model, Integrated GST, Seventh Schedule Amendments, Dispute Resolution Mechanism, Input Tax Credit, Cascading Effect of Taxes","Constitutional basis of GST Council under Article 279A, Weighted voting power and center-state balance in the GST Council, Revenue Neutral Rate (RNR) and its impact on state fiscal autonomy, GST compensation cess and the 2022 extension to 2026, Dispute resolution mechanism between Union and States under Article 279A(11), Impacts of GST on Seventh Schedule and state taxation powers, Harmonization of tax rates vs regional socio-economic priorities, Judicial interpretation of GST Council recommendations in Mohit Minerals case, Inclusion of petroleum products under GST and state revenue concerns, Dual GST model and concurrent legislative powers, Role of the GST Council in fostering consensus-driven cooperative federalism, Impact of COVID-19 on GST revenue sharing and state borrowing, National Anti-profiteering Authority (NAA) and consumer protection under GST, Horizontal and vertical fiscal imbalances post-GST implementation",,,High
cmopjv89d0056z3r03bzsegw2,simultaneous-elections-feasibility-debate,Simultaneous Elections — Feasibility & Debate,POLITY,GS2,"Article 83, Article 85, Article 172, Article 174, Article 356, Representation of the People Act 1951, Ram Nath Kovind Committee, Law Commission 170th Report, Model Code of Conduct, Federalism, Anti-Defection Law, Election Commission of India","Historical background of simultaneous elections (1951-1967), Recommendations of the Law Commission (1999 and 2018), Kovind Committee report and two-phase implementation roadmap, Constitutional amendments required for Articles 83 and 172 (Duration of Houses), Amendments to Articles 85 and 174 (Dissolution of Houses), Implications for Article 356 and President’s Rule, Concept of ""Constructive Vote of No-Confidence"", Impact on the Model Code of Conduct and policy paralysis, Logistical requirements for EVMs and VVPATs, Financial implications and election expenditure of ""One Nation One Election"", Effect on federalism and regional party competitiveness, Nationalization of local issues and voter behavior patterns, Legal adjustments to the Representation of the People Act 1951, Management of mid-term dissolutions and ""unexpired terms"", Integration of local body elections within the 100-day window",,,High
cmopjvafe005zz3r02ylwsw1n,office-of-profit-constitutional-provisions-controversies,Office of Profit — Constitutional Provisions & Controversies,POLITY,GS2,"Article 102, Article 191, Parliament (Prevention of Disqualification) Act 1959, Separation of Powers, Article 103, Article 192, Representation of the People Act 1951, Jaya Bachchan v. Union of India, 2nd Administrative Reforms Commission, Joint Committee on Office of Profit, Election Commission of India, English Act of Settlement 1701, Pradyut Bordoloi v. Swapan Roy, Disqualification of MPs and MLAs","Definition and origin of Office of Profit in British parliamentary model, Constitutional provisions under Article 102(1)(a) for MPs, Constitutional provisions under Article 191(1)(a) for MLAs, Underlying principle of separation of powers, Lack of a formal definition in the Constitution and RPA 1951, Role of the Parliament (Prevention of Disqualification) Act 1959, Judicial tests for determining an office of profit (Guru Govinda Basu case), Pecuniary gain vs potential for profit (Jaya Bachchan case), Executive vs legislative independence and conflict of interest, Exemption of ministerial positions and legislative secretaries, Recommendations of the 2nd Administrative Reforms Commission, Role of the Election Commission of India in disqualification proceedings, Case studies of high-profile disqualifications (AAP and Jharkhand CM cases), Issues regarding the appointment of Parliamentary Secretaries by states",,,Medium
cmopjvbk2006gz3r08efayz0u,rbi-autonomy-functions-monetary-policy-gs2,"RBI — Autonomy, Functions & Monetary Policy (GS2)",POLITY,GS2,"Reserve Bank of India Act 1934, Section 7 of the RBI Act, Monetary Policy Committee, Flexible Inflation Targeting Framework, Price Stability vs Growth Objective, Lender of Last Resort, Banking Regulation Act 1949, Repo Rate and LAF Corridor, Cash Reserve Ratio and Statutory Liquidity Ratio, Open Market Operations, Monetary Policy Transmission, Fiscal Dominance vs Monetary Autonomy, RBI Dividend Transfer to Government, Internal and External Benchmarking of Loans, Payments and Settlement Systems Act 2007","Evolution and composition of the Monetary Policy Committee, Statutory basis of flexible inflation targeting, Section 7 of the RBI Act 1934 and government's power of direction, Conflicts over transfer of RBI's surplus reserves to the government, Impact of demonetization on central bank independence, RBI’s role as the lender of last resort, Management of foreign exchange reserves and external value of the rupee, Quantitative instruments of credit control like Repo and Reverse Repo rates, Qualitative tools of monetary policy and moral suasion, Role of RBI in financial inclusion and priority sector lending, Regulatory oversight of Non-Banking Financial Companies (NBFCs), Risk-based supervisory model for commercial banks, Management of public debt and banker to the government, Challenges in monetary policy transmission to the real economy",,,Medium
cmopjvcn5006wz3r0iwjkgcfz,irda-insurance-regulation,IRDA — Insurance Regulation,POLITY,GS2,"Sabka Bima Sabki Raksha (Amendment of Insurance Laws) Act 2025, Insurance Regulatory and Development Authority Act 1999, Insurance Act 1938, 100% Foreign Direct Investment in Insurance, Insurance for All by 2047, Policyholders Education and Protection Fund, Digital Personal Data Protection Act 2023, Life Insurance Corporation Act 1956, Net Owned Fund Requirements for Reinsurers, Disgorgement of Wrongful Gains, Statutory Solvency Ratio, Malhotra Committee Recommendations","Evolution of insurance regulation and the Malhotra Committee report, Statutory powers and functions of IRDAI under the IRDA Act 1999, Composition and appointment of IRDAI members, Regulatory framework for licensing of insurance and reinsurance entities, Protection of policyholders interests and grievance redressal mechanisms, Role and functions of the Insurance Ombudsman, Oversight of solvency margins and financial soundness of insurers, Regulation of insurance intermediaries including agents and brokers, FDI limits and liberalization of the insurance sector, Mandatory rural and social sector obligations for insurers, Investment norms and regulation of assets for insurance companies, Impact of the Insurance Laws (Amendment) Act 2015, Regulatory oversight of micro-insurance and health insurance products, Role of IRDAI in promoting insurance penetration and density in India",,,Medium
cmopjvafb005nz3r0t6rg0wl9,judicial-accountability-transparency,Judicial Accountability & Transparency,POLITY,GS2,"Collegium System, NJAC Act 2014, RTI Act and Judiciary, Judicial Standards and Accountability Bill, Judges Enquiry Act 1968, Articles 124 and 217, In-house Procedure, Restatement of Values of Judicial Life 1997, Contempt of Court (Articles 129 and 215), National Judicial Data Grid, Separation of Powers (Article 50), Master of the Roster, Post-Retirement Appointments, Live Streaming of Court Proceedings, Asset Disclosure by Judges","Constitutional provisions for removal of judges under Articles 124 and 217, Procedural requirements of the Judges Enquiry Act 1968, Restatement of Values of Judicial Life 1997, Mandatory vs voluntary disclosure of assets by judges, Transparency in the Collegium system of appointments, Impact of the Right to Information Act on the judiciary, Live-streaming of court proceedings and open court principles, Contempt of court laws and their impact on free speech, Judicial Standards and Accountability Bill provisions, Performance evaluation and social audit of judicial functioning, Internal in-house procedure for inquiring into judicial misconduct, Master of Roster and transparency in case allocation, Accountability vs independence of the judiciary, Role of National Judicial Data Grid in tracking pendency and efficiency",,,High
cmopjvceu006jz3r0kznfty5v,lok-adalat-nalsa-alternative-dispute-resolution,"Lok Adalat, NALSA & Alternative Dispute Resolution",POLITY,GS2,"Article 39A, Legal Services Authorities Act 1987, National Legal Services Authority (NALSA), State Legal Services Authority (SLSA), District Legal Services Authority (DLSA), Permanent Lok Adalat, Public Utility Services, Alternative Dispute Resolution (ADR), Conciliation and Mediation, Section 12 of LSA Act 1987, National Lok Adalat, Pre-litigation Settlement, Gram Nyayalayas Act 2008, Arbitration and Conciliation Act 1996, Access to Justice, Pro-bono Legal Services","Constitutional basis under Article 39A and Article 14, Statutory framework of Legal Services Authorities Act 1987, Composition and jurisdiction of National Legal Services Authority (NALSA), Role of State and District Legal Services Authorities, Types of Lok Adalats including National, Permanent and E-Lok Adalats, Jurisdiction over pending and pre-litigation cases, Legal status and finality of Lok Adalat awards, Section 89 of Civil Procedure Code (CPC), Eligibility criteria for free legal aid under NALSA, Permanent Lok Adalats for Public Utility Services, Comparison between Lok Adalats and formal judicial proceedings, Role of Lok Adalats in reducing judicial pendency, Challenges in implementation and awareness of ADR mechanisms, Concept of Plea Bargaining as an ADR tool",,,High
cmopjv7cz004pz3r0t3jtglbj,centre-state-administrative-relations,Centre-State Administrative Relations,POLITY,GS2,"Articles 256 to 263, Article 355, Article 356, Article 365, Article 312, All-India Services, Sarkaria Commission, Punchhi Commission, Inter-State Council, Mutual Delegation of Functions, Administrative Directions to States, Cooperative Federalism, Role of the Governor, Integrated Judicial System, Zonal Councils","Constitutional provisions under Articles 256 to 263, Obligations of States and the Union under Article 256, Control of the Union over States in specific cases under Article 257, Power of the Centre to issue directions and sanctions under Article 365, Mutual delegation of executive functions under Articles 258 and 258A, Role and joint control of All India Services under Article 312, Jurisdiction and integrated nature of the Judicial System, Appointment and removal powers regarding State Public Service Commissions, Impact of National Emergency on executive powers under Article 352, Impact of President’s Rule on state administration under Article 356, Directions during Financial Emergency under Article 360, Role of the Governor as a link between Centre and State, Establishment and role of the Inter-State Council under Article 263, Deployment of Central Armed Police Forces in States, Recommendations of the Sarkaria and Punchhi Commissions on administrative relations",,,High
cmopjv83s0051z3r05wbooszc,law-making-process-in-india,Law Making Process in India,POLITY,GS2,"Article 107, Article 108, Article 109, Article 110, Article 111, Article 117, Article 368, Ordinary Bills, Money Bills, Financial Bills, Constitutional Amendment Bills, Joint Sitting of Parliament, President's Veto Powers, Departmentally Related Standing Committees, Private Member's Bill, First Second and Third Readings, Rule of Procedure and Conduct of Business, Delegated Legislation, Provisional Collection of Taxes Act 1931, Basic Structure Doctrine","Different types of bills (Ordinary, Money, Financial, and Constitutional Amendment), Stages of passing an Ordinary Bill (First, Second, and Third Readings), Role of Standing and Select Committees in legislative scrutiny, Joint Sitting of Parliament under Article 108, Procedures and limitations for Money Bills under Articles 109 and 110, Presidential assent and veto powers under Article 111, Comparison between Government Bills and Private Members Bills, Delegation of legislative powers and subordinate legislation, Procedure for Constitutional Amendment under Article 368, Role of the Rajya Sabha in the law-making process, Resolution of deadlocks between the two Houses, Rule of Law and Legislative Competence, Significance of the Gazette of India in law enactment",,,High
cmopjv63i004lz3r0fvsxglxb,india-as-a-welfare-state,India as a Welfare State,POLITY,GS2,"Preamble, Directive Principles of State Policy, Article 38, Article 39, Article 41, Article 46, Right to Education Act 2009, National Food Security Act 2013, Mahatma Gandhi National Rural Employment Guarantee Act 2005, Ayushman Bharat, PM Garib Kalyan Anna Yojana, Direct Benefit Transfer, Social Justice, Affirmative Action, Aspirational Districts Programme","Constitutional provisions for Welfare State (Preamble, Part III, and Part IV), Evolution of the Indian welfare model from needs-based to rights-based approach, Role of Directive Principles of State Policy in shaping social and economic democracy, Impact of Article 38 and Article 39 on equitable resource distribution, Comparison between Universal and Targeted welfare delivery mechanisms, Role of Direct Benefit Transfer (DBT) and Aadhaar in reducing leakages, Implementation challenges of flagship schemes like MGNREGA and NFSA, Social security for the unorganized sector and gig workers, Impact of welfare schemes on poverty alleviation and multidimensional poverty, Balancing fiscal discipline with populist welfare politics, Role of local governance and Panchayati Raj in welfare delivery, Challenges of scheme proliferation and the need for institutional convergence, Performance of healthcare initiatives like Ayushman Bharat and National Health Mission, Welfare of vulnerable sections including SCs, STs, and Senior Citizens, Evaluation of India's social protection floor in comparison to global standards",,,High
cmopjv7hx004tz3r0zds82xx1,parliament-structure-functions-composition-lok-sabha-rajya-sabha,"Parliament — Structure, Functions & Composition (Lok Sabha & Rajya Sabha)",POLITY,GS2,"Article 79, Article 80, Article 81, Article 105, Parliamentary Privileges, Office of Speaker, Rajya Sabha's Special Powers, Anti-Defection Law, Joint Sitting of Two Houses, Parliamentary Committees, Public Accounts Committee, Money Bill vs Ordinary Bill, Question Hour, Zero Hour, Parliamentary Sovereignty vs Judicial Supremacy","Constitutional provisions under Articles 79 to 122, Comparison of powers between Lok Sabha and Rajya Sabha, Role of Rajya Sabha in Indian federalism, Process of ordinary and money bill passage, Joint sitting of both Houses under Article 108, Powers and functions of the Speaker of Lok Sabha, Role and utility of the Deputy Speaker, Qualification and disqualification of members under RPA 1951, Anti-defection law and the Tenth Schedule, Parliamentary privileges and immunities of members, Instruments of parliamentary oversight over the executive, Special powers of Rajya Sabha under Articles 249 and 312, Composition and representation of States and UTs in both Houses, Procedures of motions and resolutions in Parliament, Impact of the 104th Constitutional Amendment Act on seat reservation",,,High
cmopjv63g004gz3r0ckhzvfcv,governor-role-discretionary-powers-politicisation,"Governor — Role, Discretionary Powers & Politicisation",POLITY,GS2,"Article 153, Article 163, Article 200, Article 201, Article 356, Constitutional vs Situational Discretion, Sarkaria Commission, Punchhi Commission, Venkatachaliah Commission (NCRWC), SR Bommai Case (1994), Nabam Rebia Case (2016), Pleasure of the President, Appointment and Removal Process, Office of Profit, Reservation of Bills, Pardoning Power (Article 161), Hung Assembly and CM Selection, Role as Federal Link, Ordinance Making Power (Article 213)","Constitutional appointment process and Article 155, Doctrine of Pleasure and Article 156, Dual role as constitutional head and agent of the Centre, Constitutional discretionary powers under Article 163, Situational discretion in hung assemblies and government formation, Power of granting assent and withholding bills under Article 200, Reservation of state bills for Presidential consideration, Discretionary power regarding Article 356 and President's Rule, Power of pardon and Article 161 vs Presidential powers, Relationship with the Council of Ministers and ""aid and advice"" clause, Role in summoning and dissolving the Legislative Assembly under Article 174, Sarkaria Commission recommendations on the office of Governor, Punchhi Commission recommendations on fixed tenure and removal, S.R. Bommai case and judicial review of discretionary actions, Nabam Rebia judgment on the limits of gubernatorial power, Controversy of ""Constitutional Silences"" and indefinite delays on bills",,,High
cmopjv7hz004xz3r0t5i22xuz,fundamental-rights-scope-limitations-judicial-interpretation,"Fundamental Rights — Scope, Limitations & Judicial Interpretation",POLITY,GS2,"Article 14, Article 19, Article 21, Article 32, Doctrine of Basic Structure, Kesavananda Bharati Case, Reasonable Restrictions, Maneka Gandhi Case, Right to Privacy (Puttaswamy Judgment), Writ Jurisdiction, Article 21A, Suspension of Rights during Emergency, Freedom of Press, Minority Rights (Article 29 and 30), Abolition of Untouchability (Article 17)","Definition of State under Article 12 and its evolving judicial interpretation, Doctrine of Eclipse and Doctrine of Severability under Article 13, Concept of Reasonable Restrictions and the Test of Proportionality, Equality before Law vs Equal Protection of Laws (Article 14), Reservation Policy and the Creamy Layer Concept (Articles 15 and 16), Evolution of the Right to Privacy as a Fundamental Right (Article 21), Rights of the Accused including Double Jeopardy and Self-incrimination (Article 20), Protection of Life and Personal Liberty and the Procedure Established by Law vs Due Process of Law, Freedom of Speech and its limitations in the digital age (Article 19), Right to Constitutional Remedies and the nature of Writ Jurisdiction (Article 32), Cultural and Educational Rights of Minorities (Articles 29 and 30), Freedom of Conscience and the Essential Religious Practices Test (Articles 25-28), Suspension of Fundamental Rights during National Emergencies, Amendments to Fundamental Rights and the Basic Structure Doctrine, Rights against Human Trafficking and Forced Labour (Article 23)",,,High
cmopjv8ls005cz3r0n9cuby56,historical-evolution-of-indian-constitution-1773-1947,Historical Evolution of Indian Constitution (1773-1947),POLITY,GS2,"Regulating Act of 1773, Pitt's India Act of 1784, Charter Act of 1813, Charter Act of 1833, Charter Act of 1853, Government of India Act 1858, Indian Councils Act 1861, Indian Councils Act 1892, Morley-Minto Reforms 1909, Montagu-Chelmsford Reforms 1919, Government of India Act 1935, Indian Independence Act 1947, Diarchy, Provincial Autonomy, Separate Electorates","Regulating Act of 1773 and foundations of centralisation, Pitt’s India Act 1784 and the double government system, Charter Act of 1813 and end of company trade monopoly, Charter Act of 1833 and transition to purely administrative body, Charter Act of 1853 and separation of legislative and executive functions, Government of India Act 1858 and transfer of power to the British Crown, Indian Councils Act of 1861 and introduction of portfolio system, Indian Councils Act of 1892 and beginning of indirect elections, Indian Councils Act of 1909 and communal representation, Government of India Act 1919 and introduction of dyarchy in provinces, Government of India Act 1935 and proposed All-India Federation, Indian Independence Act of 1947 and creation of two dominions",,,High
cmopjv63h004kz3r07d43n1ej,misuse-of-article-356-presidents-rule,Misuse of Article 356 — President's Rule,POLITY,GS2,"Article 356, Article 355, Article 365, S.R. Bommai v. Union of India, Sarkaria Commission, Punchhi Commission, Failure of Constitutional Machinery, Floor Test, Judicial Review of Presidential Satisfaction, Federalism vs. Unitary Bias, 44th Constitutional Amendment Act, Governor's Discretionary Powers, Suspended Animation of Legislative Assembly, Dead Letter Doctrine, Article 357","Constituent Assembly debates on Article 356 and the dead letter metaphor, Sarkaria Commission recommendations on Centre-State relations, Punchhi Commission report on localized emergency provisions, S.R. Bommai v. Union of India landmark judgment and guidelines, Mandatory requirement of floor tests to prove majority, Judicial review of Presidential Proclamations and subjective satisfaction, Distinction between Article 355 and Article 356, Parliamentary approval process and timelines for President's Rule, Impact of the 44th Amendment Act on emergency provisions, Concept of failure of constitutional machinery in states, Role and discretionary powers of the Governor in recommending President's Rule, Restoration of dismissed state governments and dissolved assemblies, Basic structure doctrine in relation to federalism and secularism, Historical patterns of political misuse of Article 356 since 1950",,,High
cmopjvafd005tz3r03au89e3i,niti-aayog-role-structure-vs-planning-commission,"NITI Aayog — Role, Structure vs Planning Commission",POLITY,GS2,"Cooperative Federalism, Competitive Federalism, Bottom-Up Approach, Team India Hub, Knowledge and Innovation Hub, Aspirational Districts Programme, Atal Innovation Mission, SDG India Index, Strategy for New India @ 75, 15-Year Vision Document, Seven Pillars of Effective Governance, National Development Council, Planning Commission, Maximum Governance Minimum Government, Governing Council of NITI Aayog","Evolution from Planning Commission to NITI Aayog, Comparison of top-down versus bottom-up planning models, Composition and organizational structure of NITI Aayog, Role of the Governing Council and Regional Councils, Concepts of Cooperative and Competitive Federalism, Monitoring and evaluation through indices like SDG India Index and Health Index, Functions of Team India and Knowledge and Innovation Hubs, Impact of removing financial allocation powers from the planning body, Aspirational Districts and Aspirational Blocks Programmes, Strategy for New India @ 75 and the 15-year Vision Document, Atal Innovation Mission and entrepreneurship ecosystem, Integration of national security into economic policy formulation, Mechanisms for village-level planning and aggregation, Challenges of policy implementation without statutory backing",,,High
cmopjvbdx006az3r0hgdfnqja,upsc-appointment-functions-civil-services-reforms,"UPSC — Appointment, Functions & Civil Services Reforms",POLITY,GS2,"Article 315, Article 316, Article 317, Article 320, Article 322, Article 323, Lee Commission 1923, Government of India Act 1935, 2nd Administrative Reforms Commission, Meritocracy and Neutral Bureaucracy, Consolidated Fund of India, Lateral Entry into Civil Services, Baswan Committee, Alagh Committee, Hota Committee, All India Services Act 1951, Joint State Public Service Commission, Security of Tenure, Civil Services Examination Reforms, Independent Constitutional Body Status","Constitutional provisions under Articles 315 to 323, Appointment process and composition of the Commission, Security of tenure and removal grounds under Article 317, Advisory nature of recommendations and government response mechanism, Role in recruitment through competitive examinations and interviews, Consultation on disciplinary matters and personnel management, Independence safeguards and financial autonomy via Consolidated Fund of India, Limitations on UPSC jurisdiction and excluded matters, Lateral entry into civil services and its impact on meritocracy, Baswan Committee recommendations on examination reforms, Second ARC recommendations on civil services recruitment, Performance appraisal and 360-degree feedback systems, Challenges of cadre allocation and service rules, Accountability vs autonomy in constitutional bodies",,,High
cmopjvcev006kz3r0o47z0jjn,national-green-tribunal-ngt-jurisdiction-effectiveness,National Green Tribunal (NGT) — Jurisdiction & Effectiveness,POLITY,GS2,"National Green Tribunal Act 2010, Article 21, Article 323B, Polluter Pays Principle, Precautionary Principle, Sustainable Development, Substantial Question Relating to Environment, Environment Protection Act 1986, Forest Conservation Act 1980, Water Prevention and Control of Pollution Act 1974, Air Prevention and Control of Pollution Act 1981, Public Liability Insurance Act 1991, Biological Diversity Act 2002, Rio Declaration 1992, Law Commission 186th Report","Composition and qualifications of judicial and expert members, Original and appellate jurisdiction under seven environmental laws, Application of Sustainable Development and Polluter Pays principles, Suo motu powers and the ""Aggrieved Person"" liberal interpretation, Statutory mandate for 6-month case disposal and its challenges, Comparison with National Environment Appellate Authority (NEAA), Enforcement of orders and penalty provisions under Section 26, Relationship and jurisdictional overlap with High Courts under Article 226/227, Role in reviewing Environmental Impact Assessment (EIA) clearances, Power to award compensation for environmental damage and restitution, Impact of vacancy crises and regional bench infrastructure on effectiveness, Significance of the Principal Bench and Zonal Benches (Bhopal, Pune, Chennai, Kolkata), Exemption from Code of Civil Procedure and adherence to Natural Justice, Major judicial pronouncements on sand mining and river pollution (Ganga/Yamuna)",,,High
cmopjv85a0053z3r0bxbsud1l,parliamentary-privileges-immunity,Parliamentary Privileges & Immunity,POLITY,GS2,"Article 105, Article 194, Article 122, Article 212, Freedom of Speech in Parliament, Immunity from Legal Proceedings, Breach of Privilege, Contempt of the House, Privilege Motion, 44th Amendment Act 1978, Rules of Lok Sabha, Rules of Rajya Sabha, Committee of Privileges, Freedom from Arrest, Code of Ethics, Sita Soren v. Union of India Case, Search and Seizure within House Precincts, Publication of Parliamentary Proceedings, Right to Exclude Strangers","Constitutional provisions under Article 105 and Article 194, Individual privileges versus collective privileges, Freedom of speech and its constitutional limits under Article 121, Immunity from arrest in civil cases and limitations in criminal cases, Right of the House to exclude strangers and hold secret sittings, Power to punish for breach of privilege and contempt of the House, Role and functioning of the Committee of Privileges, Sources of privileges including conventions and judicial interpretations, Conflict between parliamentary privileges and fundamental rights, Judicial review of parliamentary proceedings and Article 122, Rationale for and against codification of privileges, Landmark judgments like P.V. Narasimha Rao and Sita Soren cases, Procedure for raising a privilege motion in Lok Sabha and Rajya Sabha, Rights of non-members entitled to speak in the House such as the Attorney General",,,High
cmopjvbdx0068z3r0hg03lkch,sebi-powers-functions-securities-market-regulation,"SEBI — Powers, Functions & Securities Market Regulation",POLITY,GS2,"Securities and Exchange Board of India Act 1992, Securities Contracts (Regulation) Act 1956, Quasi-judicial and Quasi-legislative Powers, Protection of Investor Interests, Prohibition of Insider Trading Regulations, Regulation of Stock Exchanges, Mutual Funds and Collective Investment Schemes, Securities Appellate Tribunal, Disclosure and Investor Protection (DIP) Guidelines, Regulation of Intermediaries, Substantial Acquisition of Shares and Takeovers (-Takeover Code), Corporate Governance Standards, Listing Obligations and Disclosure Requirements, Investor Education and Protection Fund, SEBI (Prohibition of Fraudulent and Unfair Trade Practices) Regulations","Evolution of SEBI from a non-statutory to a statutory body, Composition of the SEBI Board and appointment process, Quasi-legislative powers for drafting regulations, Quasi-judicial powers for adjudication and passing orders, Quasi-executive powers for investigation and enforcement, Regulation of stock exchanges and intermediaries like brokers and merchant bankers, Prohibition of fraudulent and unfair trade practices, Prevention of insider trading and price rigging, Regulation of substantial acquisition of shares and takeovers, Oversight of Collective Investment Schemes and Mutual Funds, Investor protection measures and grievance redressal mechanisms, Role in promoting investor education and training, Relationship between SEBI and the Securities Appellate Tribunal (SAT), Impact of SEBI reforms on market transparency and electronic trading, Role of SEBI in regulating Credit Rating Agencies and Depositories",,,Medium
cmopjvafb005kz3r0uaoggroj,governor-constitutional-role-vs-political-reality,Governor — Constitutional Role vs Political Reality,POLITY,GS2,"Article 153, Article 154, Article 163, Article 164, Article 200, Article 201, Article 356, S.R. Bommai v. Union of India, Sarkaria Commission, Punchhi Commission, Nabam Rebia v. Bamang Felix, Discretionary powers of the Governor, Pleasure of the President, Office of Profit, Administrative Reforms Commission 1969, Rameshwar Prasad v. Union of India, BP Singhal v. Union of India, B.R. Ambedkar’s view on Article 356, Constitutional Morality, Federalism and Centre-State relations","Constitutional provisions for appointment and removal of Governor, Dual role as constitutional head and agent of the Centre, Discretionary powers under Article 163 and situational discretion, Reservation of Bills for Presidential assent under Article 200, Role in hung assemblies and appointment of Chief Minister, Criteria and process for dismissal of a State Government, Imposition of President's Rule under Article 356 and Sarkaria Commission recommendations, Governor's role as Chancellor of State Universities and associated controversies, Ordinance-making power and its limitations under Article 213, Pardoning powers and comparison with the President under Article 161, Punchhi Commission recommendations on fixed tenure and removal process, Conflict between the Governor and elected Council of Ministers, Immunity from judicial and criminal proceedings during tenure, Impact of the Governor's office on federalism and Centre-State relations",,,High
cmopjv8fl0058z3r0qris622w,fundamental-duties,Fundamental Duties,POLITY,GS2,"Swaran Singh Committee, 42nd Constitutional Amendment Act 1976, Article 51A, Part IVA, 86th Constitutional Amendment Act 2002, Justice Verma Committee, Non-justiciable nature, Prevention of Insults to National Honour Act 1971, Fundamental Rights vs Fundamental Duties, Moral and Civic Duties, Scientific temper, Wildlife Protection Act 1972, Forest Conservation Act 1980","Sardar Swaran Singh Committee recommendations and rejected proposals, 42nd and 86th Constitutional Amendment Acts, Difference between moral and civic duties, Non-justiciable nature and legal enforceability through specific statutes, Verma Committee observations on legal provisions for fundamental duties, Impact of fundamental duties on determining the constitutional validity of laws, Relationship and balance between fundamental rights and duties, Significance of Article 51A(k) and its impact on the Right to Education, Enforcement of duties through social sanctions versus legal penalties, Role of fundamental duties in promoting constitutional culture and national integration, Judicial interpretations in cases like AIIMS Students Union v. AIIMS and Ranganath Mishra, Criticism regarding the vagueness and non-justiciability of duties, Comparison of Indian fundamental duties with international instruments like UDHR, Duty to pay taxes and vote as potential future fundamental duties",,,High
cmopjv7hx004sz3r0stcdy7wp,centrally-sponsored-schemes-issues-rationalisation,Centrally Sponsored Schemes — Issues & Rationalisation,POLITY,GS2,"Article 282, 14th Finance Commission Recommendations, B.K. Chaturvedi Committee, Restructuring of Centrally Sponsored Schemes, Core of the Core Schemes, Core Schemes, Optional Schemes, NITI Aayog Sub-Group of Chief Ministers, Fiscal Federalism, Seventh Schedule (Division of Powers), Cooperative Federalism, Proliferation of Schemes, Public Financial Management System (PFMS), Utilization Certificates, Outcome Budgeting, Shifting Funding Patterns (60:40 or 90:10)","Evolution from universal to restructured CSS, Classification into Core of the Core and Core and Optional schemes, Funding patterns and sharing ratios between Centre and States, Impact of 14th and 15th Finance Commission recommendations, Recommendations of the Sub-Group of Chief Ministers on Rationalisation of CSS, Principle of subsidiarity in scheme design, Issues of fiscal space and flexibility for States, One-size-fits-all approach vs local requirements, Monitoring and evaluation role of NITI Aayog, Use of Public Financial Management System (PFMS) for fund tracking, Direct Benefit Transfer (DBT) implementation in CSS, Institutional mechanisms like the State Consolidated Fund for fund flow, Criteria for introduction of new CSS and minimum threshold outlays, Impact of CSS on vertical and horizontal fiscal imbalance",,,High
cmopjvafd005uz3r02lncdjwk,conflict-of-interest-issues-in-parliament-executive,Conflict of Interest Issues in Parliament & Executive,POLITY,GS2,"Office of Profit, Article 102, Article 191, Representation of the People Act 1951, Parliament (Prevention of Disqualification) Act 1959, Separation of Powers, Code of Conduct for Ministers, Code of Conduct for Rajya Sabha Members, Pecuniary Interest, Non-Pecuniary Interest, Ethics Committee, Second Administrative Reforms Commission, Nolan Principles, Jaya Bachchan v. Union of India, Shibu Soren v. Dayanand Sahay","Definition of conflict of interest in public office, Difference between actual and perceived conflict of interest, Constitutional provisions for disqualification of MPs and MLAs under Articles 102 and 191, Role of the Committee on Ethics in Lok Sabha and Rajya Sabha, Code of Conduct for Ministers and Members of Parliament, Recommendations of the Second Administrative Reforms Commission (2nd ARC) on Ethics in Governance, Office of Profit controversy and its legal implications, Mechanisms for disclosure of assets and liabilities by public officials, The concept of recusal in parliamentary committees and executive decision-making, Impact of corporate lobbying and interest groups on legislative processes, International best practices for managing conflict of interest in democracies, Role of the Lokpal and Lokayuktas in addressing ethical breaches, Ethical dilemmas involving post-retirement employment of high-ranking officials, Legal framework governing the acceptance of gifts and hospitality by civil servants",,,Medium
cmopjvcex006lz3r0x0nsjzrs,finance-commission-constitutional-role-recommendations,Finance Commission — Constitutional Role & Recommendations,POLITY,GS2,"Article 280, Vertical Devolution, Horizontal Devolution, 15th Finance Commission, 16th Finance Commission, Fiscal Federalism, Divisible Pool, Income Distance, Grants-in-aid, Article 275, Terms of Reference, State Finance Commission, Cooperative Federalism, Local Body Grants, Disaster Management Fund, Consolidated Fund of India","Constitutional provisions under Article 280, Qualifications and composition of members, Vertical devolution vs horizontal distribution, Criteria for horizontal devolution (income distance population area), Grants-in-aid principles and Article 275, Augmentation of Consolidated Fund of States for local bodies, Advisory nature and binding status of recommendations, 15th Finance Commission recommendations on health and defense, 16th Finance Commission terms of reference and GDP weightage, Fiscal consolidation roadmap and debt-to-GDP targets, Role in addressing vertical and horizontal fiscal imbalances, Relationship between Finance Commission and GST Council, Impact of cesses and surcharges on the divisible pool, Challenges of demographic performance vs population criteria, Measures for disaster management financing and environmental sustainability",,,High
cmopjv63h004jz3r01zxx2kse,preamble-values-constitutional-philosophy,Preamble — Values & Constitutional Philosophy,POLITY,GS2,"Objectives Resolution, Sovereign Socialist Secular Democratic Republic, Justice (Social Economic and Political), Liberty of Thought Expression Belief Faith and Worship, Equality of Status and Opportunity, Fraternity and Dignity of the Individual, Unity and Integrity of the Nation, 42nd Constitutional Amendment Act 1976, Kesavananda Bharati Case 1973, Berubari Union Case 1960, LIC of India Case 1995, Basic Structure Doctrine, Preamble as part of the Constitution, Non-justiciability of the Preamble, Source of Authority of the Constitution","Historical background and Objectives Resolution, Source of authority and popular sovereignty, Meaning of Sovereign in the context of UN and Commonwealth membership, Evolution of Indian Socialism and the 42nd Amendment, Positive vs negative secularism in the Indian context, Representative parliamentary democracy and universal adult franchise, Republic vs Monarchy and the significance of an elected Head of State, Dimensions of social economic and political justice, Liberty of thought expression belief faith and worship, Civil political and economic equality, Concept of fraternity and dignity of the individual, Unity and integrity of the nation, Preamble as part of the Basic Structure doctrine, Amendability of the Preamble under Article 368, Legal status and non-justiciability of the Preamble, Interpretative role of the Preamble in landmark judicial cases, Relationship between Preamble and Directive Principles of State Policy, Philosophical views of K.M. Munshi and N.A. Palkhivala on the Preamble",,,High
cmopjv8lr005bz3r0yxrba1sw,president-of-india-powers-functions-role,"President of India — Powers, Functions & Role",POLITY,GS2,"Article 52, Article 53, Article 60, Article 61, Article 72, Article 74, Article 78, Article 111, Article 123, Article 352, Article 356, Article 360, Ordinance Making Power, Pardoning Power, Veto Power, Electoral College, Single Transferable Vote, Discretionary Powers, Nominal Executive, Supreme Commander of Armed Forces","Constitutional position and status as nominal head (De jure), Election procedure and value of votes (Article 54 and 55), Impeachment process and grounds for removal (Article 61), Executive powers and role of Article 74 (Binding advice of Council of Ministers), Ordinance making power and its limitations (Article 123), Pardoning powers including types of clemency (Article 72), Comparison of pardoning powers between President and Governor, Veto powers over Union and State legislation (Article 111), Situational discretionary powers in government formation and dissolution, Emergency powers (National, State, and Financial), Role as Supreme Commander of the Armed Forces, Power to seek advisory opinion from Supreme Court (Article 143)",,,High
cmopjvafb005mz3r0me9eajcn,emergency-provisions-national-state-financial-emergency,"Emergency Provisions — National, State & Financial Emergency",POLITY,GS2,"Article 352, Article 356, Article 360, 44th Constitutional Amendment Act 1978, 38th Constitutional Amendment Act 1975, S.R. Bommai v. Union of India Case, Sarkaria Commission Recommendations, MM Punchhi Commission Recommendations, Article 358 vs Article 359, Suspension of Fundamental Rights, Impact on Federal Structure, Judicial Review of Emergency Proclamations, Parliamentary Approval and Duration, Armed Rebellion vs Internal Disturbance, Article 365, Role of Governor in President's Rule","Grounds for National Emergency under Article 352, Parliamentary approval and duration of National Emergency, Impact of National Emergency on Fundamental Rights and Articles 358-359, Differences between External and Internal Emergency, Failure of Constitutional Machinery under Article 356 vs Article 365, Judicial review of President's Rule and SR Bommai Case guidelines, Impact of 44th Constitutional Amendment Act on emergency provisions, Effect of National Emergency on Centre-State legislative and executive relations, Financial Emergency under Article 360 and its implications, Comparison between National Emergency and President's Rule, Safeguards against the misuse of Article 356, Revocation process of different types of emergencies",,,High
cmopjvbdx0069z3r04myaf2no,fast-track-courts-gram-nyayalayas-access-to-justice,"Fast Track Courts, Gram Nyayalayas & Access to Justice",POLITY,GS2,"Article 39A, Legal Services Authorities Act 1987, Gram Nyayalayas Act 2008, National Legal Services Authority (NALSA), Lok Adalats, Article 14, Article 21, Fast Track Special Courts (FTSC), POCSO Act, Justice Malimath Committee, 14th Finance Commission Recommendations, Legal Aid Defense Counsel System (LADCS), Section 12 of LSA Act, Permanent Lok Adalats, Tele-Law Initiative","Objectives and evolution of Fast Track Courts (FTCs), Constitutional mandate for speedy trial under Article 21, Gram Nyayalayas Act 2008 and grassroots justice delivery, Role of 14th and 15th Finance Commissions in judicial funding, Jurisdictional limits and summary trial procedures in Gram Nyayalayas, Impact of DISHA scheme on legal literacy and awareness, Fast Track Special Courts (FTSCs) for POCSO and sexual offences, Challenges of infrastructure and judicial vacancies in subordinate courts, Balancing judicial efficiency with the principles of natural justice, Role of NALSA and State Legal Services Authorities in access to justice, Integration of e-Technology and digital case management in special courts, Article 39A and the mandate for free legal aid, Evaluation of the Nyaya Bandhu and Nyaya Mitra programmes, Comparative analysis of FTCs versus regular civil and criminal courts",,,Medium
cmopjvafb005lz3r0dq24p1eg,prime-minister-council-of-ministers,Prime Minister & Council of Ministers,POLITY,GS2,"Article 74, Article 75, Article 78, Collective Responsibility, Individual Responsibility, 91st Constitutional Amendment Act, Cabinet Committees, Kitchen Cabinet, Prime Minister's Office (PMO), NITI Aayog, National Development Council, Inter-State Council, Motion of No-Confidence, Portfolio Allocation, Westminster Model of Government","Constitutional provisions under Articles 74 and 75, Collective and individual responsibility of ministers, Appointment process of the Prime Minister and Council of Ministers, 91st Constitutional Amendment Act and size limits, Differences between Council of Ministers and Cabinet, Role and evolution of the Prime Minister's Office, Functions of Cabinet Committees, Prime Minister as the link between President and Council, Accountability mechanisms to the Lok Sabha, Impact of coalition governments on Prime Ministerial power, Comparison with the British Westminster model, Powers regarding portfolio allocation and reshuffling, Role in NITI Aayog and other statutory bodies, Impact of the Anti-Defection Law on ministerial stability",,,High
cmopjv8xr005hz3r0g9xrojs8,constituent-assembly-constitutional-making-process,Constituent Assembly & Constitutional Making Process,POLITY,GS2,"Cabinet Mission Plan 1946, Objectives Resolution, Drafting Committee, Indian Independence Act 1947, Government of India Act 1935, M.N. Roy's Proposal 1934, Federalism vs Unitary Bias, Fundamental Rights Sub-Committee, Article 394, Basic Structure Doctrine, Secularism Debates, Minorities and Tribal Areas Committee, Socio-Economic Democracy, Union Powers Committee, Parliamentary vs Presidential System Debates","M.N. Roy's demand for Constituent Assembly in 1934, Composition and seat allocation under Cabinet Mission Plan 1946, Indirect election via Provincial Legislative Assemblies, Role of the Objectives Resolution and its philosophical foundation, Impact of the Indian Independence Act 1947 on sovereignty, Major and minor committees and their chairpersons, Composition and specific contributions of the Drafting Committee, Role of B.N. Rau as Constitutional Advisor, Timeline and sessions of the constitution-making process, Public consultation and feedback on the Draft Constitution, Debate on Universal Adult Franchise vs Limited Franchise, Critiques of the Constituent Assembly's representativeness and legal dominance, Transition of the Assembly into the Provisional Parliament, Integration of Princely States through the Negotiating Committee",,,High
cmopjv63g004iz3r0rkw7yvlk,basic-structure-doctrine-evolution-significance,Basic Structure Doctrine — Evolution & Significance,POLITY,GS2,"Kesavananda Bharati v. State of Kerala, Article 368, Judicial Review, Supremacy of the Constitution, Rule of Law, Separation of Powers, Federalism, Secularism, Minerva Mills v. Union of India, Indira Gandhi v. Raj Narain, Waman Rao Case, I.R. Coelho Case, Limited Amending Power of Parliament, Parliamentary System of Government, Independence of Judiciary, Fundamental Rights, Directive Principles of State Policy, Article 32, Article 226","Shankari Prasad case and absolute amending power, Sajjan Singh case and dissenting opinions on fundamental rights, Golaknath case and the doctrine of prospective overruling, 24th and 25th Constitutional Amendment Acts, Kesavananda Bharati case and the 13-judge bench ruling, Indira Nehru Gandhi v. Raj Narain and free and fair elections, Minerva Mills case and the balance between Fundamental Rights and DPSP, Waman Rao case and the April 24 1973 cut-off date, I.R. Coelho case and Ninth Schedule judicial review, SR Bommai case and secularism as basic structure, NJAC judgment and independence of judiciary, impact of the doctrine on parliamentary sovereignty, evolution of judicial review under Article 13 and 368, distinction between constituent power and legislative power",,,High
cmopjv7cx004oz3r0911tnovd,centre-state-financial-relations-fiscal-federalism,Centre-State Financial Relations & Fiscal Federalism,POLITY,GS2,"Part XII of the Constitution, Article 280 (Finance Commission), 101st Amendment Act (GST), GST Council, Article 275 (Statutory Grants), Article 282 (Discretionary Grants), Article 293 (Borrowing by States), Article 271 (Surcharge and Cess), Vertical and Horizontal Devolution, Sarkaria Commission, Punchhi Commission, NITI Aayog, Fiscal Responsibility and Budget Management (FRBM) Act, Cooperative Federalism, Centrally Sponsored Schemes (CSS)","Constitutional provisions under Articles 268 to 293, Composition and functions of the Finance Commission under Article 280, Vertical and horizontal devolution of tax proceeds, Impact of Goods and Services Tax on state fiscal autonomy, Role and structure of the GST Council, Statutory and discretionary grants-in-aid under Articles 275 and 282, Mechanisms of vertical and horizontal fiscal imbalances, Borrowing powers and limitations of states under Article 293, Fiscal Responsibility and Budget Management Act and its impact on states, Role of NITI Aayog in cooperative and competitive federalism, Taxation powers of local bodies under 73rd and 74th Amendments, Impact of Centrally Sponsored Schemes on state finances, Recommendations of the 15th and 16th Finance Commissions, Cess and surcharges and their exclusion from the divisible pool, Fiscal implications of Article 360 during financial emergencies",,,High
cmopjvafd005vz3r0qo2xya5h,high-courts-subordinate-courts-structure-issues,High Courts & Subordinate Courts — Structure & Issues,POLITY,GS2,"Article 214, Article 226, Article 227, Article 233, Article 235, Writ Jurisdiction, Appointment of District Judges, Judicial Pendency, All India Judicial Service (AIJS), Independence of Judiciary, Collegium System, National Judicial Appointments Commission (NJAC), Court of Record, Judicial Review, Supervisory Jurisdiction of High Courts, Gram Nyayalayas Act, National Mission for Justice Delivery and Legal Reforms, e-Courts Integrated Mission Mode Project, Alternative Dispute Resolution (ADR), Legal Services Authorities Act 1987","Constitutional provisions for High Courts (Articles 214-231), Appointment and transfer of High Court judges via the Collegium system, Writ jurisdiction of High Courts (Article 226) vs Supreme Court (Article 32), Administrative and supervisory powers over subordinate courts (Articles 227 and 235), Appointment process and qualifications for District Judges (Article 233), Pendency and backlogs in the Indian judiciary, Issue of judicial vacancies and delays in appointments, Accountability and transparency in the Collegium system vs NJAC, Gram Nyayalayas and their role in rural justice, Integration of technology and e-Courts mission, Independence of the judiciary and executive interference, All India Judicial Services (AIJS) proposal and challenges, Alternate Dispute Resolution (ADR) and Lok Adalats, Structure and hierarchy of the subordinate judiciary in India",,,High
cmopjvbdr0061z3r0yidzr1ai,paid-news-model-code-of-conduct-electoral-finance,"Paid News, Model Code of Conduct & Electoral Finance",POLITY,GS2,"Representation of the People Act 1951, Article 324, Model Code of Conduct, Electoral Bonds, Section 126 of RPA 1951, Press Council of India Guidelines on Paid News, Indrajit Gupta Committee on State Funding, Dinesh Goswami Committee on Electoral Reforms, Section 77 of RPA 1951, Election Commission of India, Article 19(1)(a), Section 29A of RPA 1951, Electoral Trusts Scheme, Section 13A of Income Tax Act 1961, Association for Democratic Reforms (ADR) v. Union of India Case","Definition and manifestations of Paid News, Press Council of India (PCI) guidelines on media ethics, Statutory powers of the Election Commission of India (ECI) against paid news, Section 10A of the Representation of the People Act 1951, Evolution and origin of the Model Code of Conduct (MCC), Legal enforcement mechanisms and lack of statutory backing for MCC, Role of Media Certification and Monitoring Committees (MCMC), Regulation of AI-generated content and deepfakes in elections, Impact of social media and the Voluntary Code of Ethics 2019, Limits on election expenditure for candidates vs political parties, Challenges of opaque electoral funding and Electoral Bonds, Reporting and transparency requirements under Section 77 of RPA 1951, Use of c-VIGIL app for reporting MCC violations, Role of the Shanta Kumar and Indrajit Gupta committees on electoral reforms",,,High
cmopjvcry006xz3r0fypgry07,coalition-government-challenges-stability,Coalition Government — Challenges & Stability,POLITY,GS2,"Hung Parliament, Pre-election Alliances, Post-election Alliances, Common Minimum Programme, Sarkaria Commission, Punchhi Commission, Article 356, Anti-Defection Law, Governor’s Role in Government Formation, Regional Parties and National Politics, Cooperative Federalism, Cabinet Collective Responsibility, Office of the Prime Minister in Coalitions, Consensus-based Politics, Political Stability vs. Governance Efficiency","Evolution of coalition politics in India since 1967, Role of the Prime Minister in a multi-party cabinet, Impact of regional parties on national policy making, Mechanism of Common Minimum Programme (CMP), Challenges of collective responsibility in coalition cabinets, Role of the Governor in hung assemblies and government formation, Provisions of the Anti-Defection Law (10th Schedule) and coalition stability, Small parties as 'kingmakers' and their impact on political stability, Dynamics of pre-poll vs post-poll alliances, Impact of coalition governments on federalism and Center-State relations, Issues of policy paralysis and 'veto players' in decision-making, Role of the Speaker in maintaining coalition stability, Constitutional conventions regarding the invitation to form government, Comparative analysis of coalition vs single-party majority governments, Impact of coalition politics on the office of the President of India",,,Medium
cmopjv76z004nz3r03vfbodgw,inter-state-council-dispute-resolution-mechanisms,Inter-State Council & Dispute Resolution Mechanisms,POLITY,GS2,"Article 263, Article 262, Inter-State Council, Sarkaria Commission, Punchhi Commission, Inter-State River Water Disputes Act 1956, Zonal Councils, Article 131, Article 261, Standing Committee of the Inter-State Council, River Boards Act 1956, Cooperative Federalism, Seventh Schedule Entry 17 and Entry 56","Constitutional provisions of Article 263, Sarkaria Commission recommendations on Inter-State Council, Composition and chairmanship of the Inter-State Council, Functions and mandate of the Inter-State Council Standing Committee, Role of the Inter-State Council Secretariat, Analysis of infrequent meetings and institutional challenges, Article 262 and Inter-State River Water Disputes Act 1956, Adjudicatory mechanism of River Water Dispute Tribunals, Role of Zonal Councils and North Eastern Council, Comparative analysis of Inter-State Council vs NITI Aayog, Punchhi Commission recommendations on federal dispute resolution, Judicial resolution of inter-state disputes under Article 131, Mechanism of Full Faith and Credit Clause under Article 261, Role of the Inter-State Council in promoting cooperative federalism",,,Medium
cmopjv82d0050z3r0m3vhzoey,ordinance-making-power-misuse-reforms,Ordinance Making Power — Misuse & Reforms,POLITY,GS2,"Article 123, Article 213, DC Wadhwa v. State of Bihar, Krishna Kumar Singh v. State of Bihar, Separation of Powers, Ordinance Raj, Judicial Review of Ordinances, Re-promulgation of Ordinances, Legislative Supremacy, Fraud on the Constitution, Executive Law-making, RC Cooper Case, Six-week Rule, Prorogation of Houses, Enduring Effects of Ordinances","Constitutional provisions under Article 123 and Article 213, Judicial review of President's satisfaction in RC Cooper case (1970), DC Wadhwa vs. State of Bihar (1987) on re-promulgation of ordinances, Krishna Kumar Singh vs. State of Bihar (2017) on legislative supremacy, Maximum lifespan and expiration of ordinances, Limitations on subject matter and fundamental rights, Concept of ""fraud on the Constitution"" through re-promulgation, Impact on the doctrine of Separation of Powers, Comparison between Presidential and Gubernatorial ordinance powers, Role of the Union Cabinet and Council of Ministers' advice, Procedural requirements for replacement bills in Parliament, Misuse of ordinances to bypass legislative debate, Recommendations of the National Commission to Review the Working of the Constitution (NCRWC), Impact of frequent disruptions in Parliament on the ""ordinance route""",,,High
cmopjvafe005yz3r0e98bwcm8,zonal-councils-purpose-relevance,Zonal Councils — Purpose & Relevance,POLITY,GS2,"States Reorganisation Act 1956, Cooperative Federalism, Statutory Bodies, North Eastern Council Act 1971, Article 263, Union Home Minister, States Reorganisation Commission, Inter-State Council, National Integration, Linguistic Minorities, Border Disputes, Advisory Nature, NITI Aayog, North Eastern Council, Regional Planning Body","Historical context and rationale behind States Reorganisation Act 1956, Statutory vs constitutional status comparison with Inter-State Council, Composition and organizational structure of Zonal Councils, Role of Union Home Minister as common chairperson, Annual rotation and functions of Vice-Chairpersons, Composition and role of Standing Committees in agenda setting, Advisory and deliberative nature of recommendations, Specific mandates regarding border disputes and linguistic minorities, Role in promoting cooperative federalism and national integration, Impact on resolving inter-state transport and economic planning issues, Difference between Zonal Councils and North Eastern Council (NEC), Effectiveness in addressing Left Wing Extremism (LWE) and regional security, Challenges of advisory status and non-binding decisions, Impact of irregular meeting frequency on implementation, Comparison with other federal bodies like GST Council and NITI Aayog",,,Medium
cmopjvcf0006qz3r0th6b8330,national-litigation-policy-pendency-crisis,National Litigation Policy & Pendency Crisis,POLITY,GS2,"National Litigation Policy, Case Pendency Crisis, Article 21, Article 39A, Alternative Dispute Resolution, Lok Adalats, Gram Nyayalayas Act 2008, Legal Services Authorities Act 1987, Malimath Committee Report, Law Commission of India Reports, National Judicial Data Grid, E-Courts Project, Commercial Courts Act 2015, Arbitration and Conciliation Act, Judicial Vacancies and Bench Strength, Fast Track Special Courts","Current status of judicial pendency across Supreme Court, High Courts, and District Courts, Analysis of judge-to-population ratio and Law Commission recommendations, Impact of judicial vacancies and the collegium-executive tussle on pendency, Role of the government as a 'compulsive litigant' and the need for National Litigation Policy reforms, Implementation and phases of the e-Courts Mission Mode Project, Use of Artificial Intelligence and Big Data in judicial case management and triage, Alternative Dispute Resolution (ADR) mechanisms including Lok Adalats, mediation, and arbitration, Constitutional right to a speedy trial under Article 21 and related judicial precedents, Effectiveness of Fast Track Special Courts (FTSCs) and specialized tribunals, Structural reforms including the proposed National Judicial Infrastructure Authority of India (NJIAI) and All India Judicial Service (AIJS), Procedural inefficiencies in the Code of Civil Procedure and Code of Criminal Procedure leading to adjournments, Economic impact of judicial delays on GDP and ease of doing business, Issues of frivolous and vexatious litigation and the use of Special Leave Petitions, Role of the Supreme Court e-Committee and the ""National Policy and Action Plan"" of 2005",,,High
cmopjvcex006mz3r0kc4wr8zn,all-india-judicial-services-debate-feasibility,All India Judicial Services — Debate & Feasibility,POLITY,GS2,"Article 312, Article 233, Article 234, Article 235, 42nd Constitutional Amendment Act, Law Commission 14th Report, Law Commission 77th Report, Law Commission 116th Report, First National Judicial Pay Commission (Shetty Commission), All India Judicial Service (AIJS), Federalism and Judicial Independence, Separation of Powers, Union Public Service Commission (UPSC), National Judicial Appointments Commission (NJAC) Debate, District Judge Recruitment, Recruitment Transparency and Meritocracy","Constitutional framework of Article 312 and Article 233-234, Roles of Rajya Sabha and Parliament in AIJS creation, Historical recommendations of 14th Law Commission Report (1958), Impact on federal structure and state autonomy, Language barriers in lower judiciary proceedings, Comparison with UPSC Civil Services recruitment model, Addressing vacancy crisis and case pendency in district courts, Social inclusion and representation of marginalized sections, Challenges of standardized vs state-specific judicial training, Impact on promotional avenues for state judicial officers, Independence of judiciary vs executive influence in recruitment, Recommendations of the Shetty Commission and Law Commission's 116th report, Divergence of opinions among High Courts and State Governments, Proposed role of a National Judicial Service Commission",,,Medium
cmopjv8ys005iz3r06szqd1g7,federal-vs-unitary-features-of-indian-constitution,Federal vs Unitary Features of Indian Constitution,POLITY,GS2,"Article 1, Seventh Schedule, Article 356, Article 248, Article 263, Article 280, Sarkaria Commission, Punchhi Commission, S.R. Bommai Case, Basic Structure Doctrine, Cooperative Federalism, Fiscal Federalism, GST Council, All India Services, Single Citizenship","Comparison of Indian and US federal models, Three-tier governmental structure and the 73rd and 74th Amendments, Division of powers under the Seventh Schedule, Nature of Indian federalism as quasi-federal, Unitary bias and residuary powers of the Union, Role and appointment of the Governor as a link between Centre and States, Impact of National and State Emergency provisions on federal structure, Integrated judiciary and its role in settling inter-state disputes, Evolution of cooperative and competitive federalism, Financial federalism and the role of the GST Council and Finance Commission, Destructibility of states under Article 3, All India Services and their impact on state autonomy, Judicial interpretation of federalism as a basic structure in the S.R. Bommai case","Basic Structure Doctrine (Kesavananda Bharati Case); One Nation, One Election (Model Code and Constitutional Challenges); Fiscal Federalism (GST Council and Resource Allocation)","Critically analyze whether the Indian Constitution is more federal or unitary, citing relevant constitutional articles.; Discuss the inherent tensions between the need for cooperative federalism and the centralizing tendencies observed in Indian governance.; How have judicial pronouncements shaped the balance of power between the Union and State governments in India?",High
cmopjv63g004hz3r0yczpq5zn,centre-state-legislative-relations-union-state-concurrent-lists,"Centre-State Legislative Relations — Union, State & Concurrent Lists",POLITY,GS2,"Seventh Schedule, Article 245, Article 246, Article 248, Article 249, Article 250, Article 252, Article 253, Article 254, Residuary Powers, Doctrine of Pith and Substance, Doctrine of Colorable Legislation, Sarkaria Commission, Punchhi Commission, 42nd Constitutional Amendment Act, Rajamannar Committee, Administrative Reforms Commission, Article 200, Article 201, Territorial Nexus","Territorial extent of Central and State legislation, Seventh Schedule and division of subjects, Parliamentary legislation in the State field under Article 249, Legislation during National Emergency under Article 250, Legislation by consent of two or more States under Article 252, Implementation of international treaties under Article 253, Centre's control over State legislation through Presidential assent, Residuary powers of legislation under Article 248, Doctrine of Repugnancy under Article 254, Impact of 42nd Amendment Act on subject distribution, Role of Governor in reserving bills for the President, Administrative and financial implications of legislative overlap, Recommendations of Sarkaria and Punchhi Commissions on legislative relations, Constitutional validity of extra-territorial legislation by Parliament",,,High
cmopjv87q0054z3r0i0g0l3ea,parliamentary-committees-role-functions,Parliamentary Committees — Role & Functions,POLITY,GS2,"Article 105, Article 118, Public Accounts Committee (PAC), Estimates Committee, Committee on Public Undertakings (COPU), Departmentally Related Standing Committees (DRSCs), Joint Parliamentary Committee (JPC), Committee on Subordinate Legislation, Committee on Privileges, Ethics Committee, Business Advisory Committee, Ad hoc Committees, Rules of Procedure and Conduct of Business, Delegated Legislation, Executive Accountability","Constitutional provisions under Article 105 and Article 118, Classification into Standing and Ad Hoc Committees, Composition and election process of Public Accounts Committee, Role of Estimates Committee in administrative reforms and economy in expenditure, Functioning and jurisdiction of Committee on Public Undertakings, Structure and mandate of Departmentally Related Standing Committees (DRSCs), Role of Committees in scrutinizing delegated legislation, Powers of committees to summon officials and experts, Impact of committee reports on the legislative process, Comparison between Indian and British parliamentary committee systems, Role of Business Advisory Committee and Rules Committee, Effectiveness of Joint Parliamentary Committees (JPC) in investigative inquiries, Challenges of declining attendance and lack of technical expertise, Recommendations of the National Commission to Review the Working of the Constitution (NCRWC) for committee reforms",,,High
cmopjvafd005xz3r00ah654lz,electoral-reforms-state-funding-nota-compulsory-voting,"Electoral Reforms — State Funding, NOTA, Compulsory Voting",POLITY,GS2,"Representation of the People Act 1950, Representation of the People Act 1951, Article 324, Indrajit Gupta Committee, Dinesh Goswami Committee, Law Commission 255th Report, Tarkunde Committee, NOTA (None of the Above), VVPAT (Voter Verifiable Paper Audit Trail), Electoral Bonds, 61st Constitutional Amendment Act, Anti-Defection Law, Model Code of Conduct, Delimitation Commission, Criminalization of Politics","Indrajit Gupta Committee recommendations on state funding, Law Commission 170th report on electoral reforms, Comparison between cash and in-kind state funding, Impact of NOTA on candidate selection by political parties, Legal status of NOTA as a fictional electoral candidate, PUCL vs Union of India 2013 judgement, Arguments for and against mandatory participation vs compulsory voting, Global best practices and models of compulsory voting, Potential impact of state funding on the nexus between crime and politics, Challenges of implementing compulsory voting in a large democracy, Recommendations of the Dinesh Goswami Committee, Impact of NOTA on voter turnout and political participation, Role of Election Commission in regulating election expenditure, Feasibility of partial state funding in the Indian economic context, Debate on right to vote vs right not to vote under Article 19",,,High
cmopjvbdv0064z3r0gxsdr71x,cag-of-india-role-independence-audit-functions,"CAG of India — Role, Independence & Audit Functions",POLITY,GS2,"Article 148, Article 149, Article 150, Article 151, CAG (Duties, Powers and Conditions of Service) Act 1971, Public Accounts Committee, Guardian of the Public Purse, Propriety Audit, Performance Audit, Consolidated Fund of India, Article 279, Net Proceeds of Tax, Independence of CAG, Shanta Kumar Committee, Comparison with UK CAG","Constitutional provisions under Articles 148 to 151, Appointment process and tenure of the CAG, Grounds and procedure for removal from office, Constitutional safeguards for independence and autonomy, Duties and powers under the CAG DPC Act 1971, Audit of the Consolidated Fund of India and States, Types of audits including Regulatory Propriety and Performance audit, Relationship with the Public Accounts Committee, Role as the Guardian of the Public Purse, Limitations of post-facto audit and lack of enforcement powers, Comparison with the CAG of the United Kingdom, Audit of Government companies and Public Sector Undertakings, Advisory role on the form of Union and State accounts, Certification of net proceeds of taxes under Article 279",,,High
cmopjvcl1006vz3r03i6tsnxw,national-human-rights-commission-nhrc-functions-limitations,National Human Rights Commission (NHRC) — Functions & Limitations,POLITY,GS2,"Protection of Human Rights Act 1993, Paris Principles, Section 12 of PHRA, Suo Motu Cognizance, Selection Committee Composition, State Human Rights Commissions, Human Rights Courts, Recommendatory Nature of Findings, Section 19 and Armed Forces, One-year Limitation Period, Civil Court Powers, Human Rights (Amendment) Act 2019, Right to Life and Liberty (Article 21)","Evolution and mandate of the Protection of Human Rights Act (PHRA) 1993, Composition and selection committee of NHRC members, Quasi-judicial powers and civil court status under the CPC, Suo motu inquiry and investigation procedure into human rights violations, Role in monitoring living conditions in prisons and detention centers, Limitations of recommendatory power and non-binding nature of findings, Jurisdictional restrictions regarding the Indian Armed Forces, One-year limitation period for entertaining complaints, Impact of the Protection of Human Rights (Amendment) Act 2019 on tenure and membership, Role of NHRC in reviewing constitutional safeguards and international treaties, Challenges of financial autonomy and dependence on government investigative staff, Relationship and coordination between NHRC and State Human Rights Commissions (SHRCs)",,,High
cmopjv84h0052z3r0h4dmyw6z,directive-principles-of-state-policy-dpsp-implementation-conflicts-with-fr,Directive Principles of State Policy (DPSP) — Implementation & Conflicts with FR,POLITY,GS2,"Socialist Principles, Gandhian Principles, Liberal-Intellectual Principles, Article 37, Article 39, Article 44, Article 40, 42nd Amendment Act 1976, Champakam Dorairajan Case, Minerva Mills Case, Kesavananda Bharati Case, Doctrine of Harmonious Construction, Uniform Civil Code, Legal Aid (Article 39A), Right to Work (MGNREGA), Instrument of Instructions, Article 31C","Non-justiciability of DPSP and its significance in governance, Doctrine of Harmonious Construction in Kerala Education Bill 1957, Superiority of Fundamental Rights in Champakam Dorairajan case, Transcendental position of Fundamental Rights in Golaknath case, Judicial Review as Basic Structure in Kesavananda Bharati case, Validation of Article 31C's first clause for Articles 39b and 39c, Balance between Part III and Part IV as a Basic Structure in Minerva Mills case, Impact of 42nd Amendment Act on the scope of Article 31C, Shift from individual rights to collective welfare in land reform litigations, Evolution of complementary relationship between FRs and DPSPs, Implementation of Article 47 through the Right to Education Act and Mid-day Meal Scheme, Conflict between Right to Property and socio-economic justice goals, Moral and political sanctions vs legal sanctions of DPSPs, Role of DPSPs in establishing social and economic democracy",,,High
cmopjvbk1006fz3r0imlls4cx,separation-of-powers-indian-context-vs-usauk,Separation of Powers — Indian Context vs USA/UK,POLITY,GS2,"Doctrine of Separation of Powers, Checks and Balances, Article 50, Article 121, Article 122, Article 211, Article 212, Basic Structure Doctrine, Kesavananda Bharati Case, Judicial Activism vs Judicial Restraint, Judicial Overreach, Parliamentary Sovereignty vs Judicial Supremacy, System of Fusion of Powers (UK), Montesquieu’s Theory, I.R. Coelho Case, Indira Gandhi v. Raj Narain Case","Constitutional provisions for separation of powers in India (Articles 50, 121, 122, 211, 212), Comparison of Presidential vs Parliamentary systems of separation of powers, Fusion of powers in the UK's Westminster model, Strict separation of powers in the US Constitution (Articles I, II, III), System of checks and balances in the Indian context, Overlap between Executive and Legislature in India (Article 75), Independence of the Judiciary in India and the UK (Constitutional Reform Act 2005), Doctrine of Basic Structure and Separation of Powers (Kesavananda Bharati case), Judicial activism and judicial overreach as challenges to separation of powers, Functional vs personal overlapping in the Indian government, Role of delegated legislation and its impact on separation of powers, Comparison of judicial review powers in India, US, and UK, Impact of the Collegium system on the separation of powers, Analysis of landmark cases (Ram Jawaya Kapur, Re Delhi Laws Act, Indira Gandhi vs Raj Narain)",,,High
cmopjvcey006nz3r0k0ieud14,lokpal-lokayukta-constitutional-status-implementation,Lokpal & Lokayukta — Constitutional Status & Implementation,POLITY,GS2,"The Lokpal and Lokayuktas Act 2013, Administrative Reforms Commission (ARC), Ombudsman, Lokpal and Lokayuktas (Amendment) Act 2016, Prevention of Corruption Act 1988, Selection Committee, Search Committee, Jan Lokpal Bill, Section 44 of Lokpal Act, Right to Information Act, Whistle Blowers Protection Act, United Nations Convention against Corruption (UNCAC), Statutory Body status, Leader of Opposition (LoP), Section 63 of Lokpal Act","Historical evolution from ARC recommendations to 2013 Act, Composition and qualifications of Lokpal members, Role and composition of the Selection Committee, Functioning of the Search Committee, Jurisdiction over the Prime Minister and specified exclusions, Powers of superintendence over the CBI and Delhi Special Police Establishment, Roles of the Inquiry Wing and Prosecution Wing, Statutory timelines for preliminary inquiry and investigation, Protection of whistleblowers and challenges of anonymous complaints, Process for attachment and confiscation of assets, Appointment process and jurisdictional variations of state-level Lokayuktas, Provisions for Special Courts and speedy trial, Impact of the Lokpal and Lokayuktas (Amendment) Act 2016 on asset disclosure, Comparison between the Indian Lokpal and the Global Ombudsman model, Critical analysis of the lack of constitutional status and administrative independence",,,Medium
cmopjvafc005qz3r0813oisd2,cvc-anti-corruption-role-effectiveness,CVC — Anti-Corruption Role & Effectiveness,POLITY,GS2,"Central Vigilance Commission Act 2003, Santhanam Committee, Prevention of Corruption Act 1988, Vineet Narain Case, Whistle Blowers Protection Act 2014, Lokpal and Lokayuktas Act 2013, Delhi Special Police Establishment Act 1946, PIDPI Resolution, Article 311, Central Bureau of Investigation, Vigilance Manual, Chief Vigilance Officers, Public Interest Disclosure, Group A and B Officers, Administrative Reforms Commission","Origin and Santhanam Committee recommendations, Statutory status under CVC Act 2003, Composition and multi-member structure, Appointment process and three-member selection committee, Tenure and removal conditions of Vigilance Commissioners, Superintendence over Central Bureau of Investigation (CBI) in corruption cases, Role of Chief Vigilance Officers (CVOs) in ministries, Relationship with Lokpal under the Lokpal and Lokayuktas Act 2013, Jurisdiction over different categories of public servants, Power to conduct preliminary inquiries and investigations, Advisory role and non-binding nature of recommendations, Whistleblower protection and the PIDPI Resolution, Impact of Vineet Narain judgment on CVC autonomy, Limitations regarding lack of independent investigative machinery, Evaluation of effectiveness in combating administrative corruption","Rule of Law and Institutional Accountability; Citizen Charters and Governance Reforms; Good Governance Principles (Transparency, Accountability, Participation)",To what extent has the establishment of dedicated anti-corruption bodies improved governance and accountability in India? (Critique/Evaluation); Discuss the institutional gaps and structural reforms needed to enhance the effectiveness of anti-corruption mechanisms in India.; The debate surrounding the separation of investigative powers and accountability mechanisms: Analyze the role of bodies like CVC.,Medium
cmopjvafe0060z3r0esumzu5a,anti-defection-law-issues-reform-needed,Anti-Defection Law — Issues & Reform Needed,POLITY,GS2,"Tenth Schedule, 52nd Amendment Act 1985, 91st Amendment Act 2003, Kihoto Hollohan Case, Articles 102 and 191, Role of the Speaker, Judicial Review of Speaker decisions, Dinesh Goswami Committee, Law Commission 170th Report, NCRWC Recommendations, Voluntary giving up of membership, Rule of Two-Thirds for mergers, Whip and Intra-party democracy, Office of Profit, Election Commission of India role in disqualification","52nd Constitutional Amendment Act 1985, Tenth Schedule provisions and objectives, 91st Constitutional Amendment Act 2003 reforms, Grounds for disqualification of elected members, Rule-making power and role of the Presiding Officer, Judicial review of Speaker decisions (Kihoto Hollohan case), Merger exception and the two-thirds rule, Issues with the deletion of the split provision, Impact on individual legislator freedom of speech and dissent, Role and significance of the party whip, Recommendations of the Dinesh Goswami Committee, Law Commission 170th Report on splits and mergers, 2nd Administrative Reforms Commission (ARC) recommendations, Comparison of anti-defection laws in other democratic countries, Impact on parliamentary stability versus internal party democracy",,,High
cmopjv7hy004vz3r080ri89rf,finance-commission-role-devolution-analysis,"Finance Commission — Role, Devolution & Analysis",POLITY,GS2,"Article 280, Article 281, Fiscal Federalism, Vertical Devolution, Horizontal Devolution, 15th Finance Commission, 16th Finance Commission, Divisible Pool, Grants-in-aid, Article 275, Income Distance, Demographic Performance, Fiscal Discipline, State Finance Commission, Consolidated Fund of India, Net Proceeds, Terms of Reference, Local Body Grants, Performance-based Incentives, Finance Commission Act 1951","Constitutional provisions under Article 280, Composition and qualifications of members, Vertical devolution of net tax proceeds, Horizontal devolution and performance-based criteria, Principles governing grants-in-aid under Article 275, Role in augmenting Consolidated Fund of States for local bodies, Fiscal federalism and balancing central-state financial relations, Advisory nature of recommendations and implementation challenges, Impact of GST on the commission's mandate, Analysis of the 15th Finance Commission's recommendations, Terms of Reference (ToR) controversies and state concerns, Financing arrangements for disaster management, Comparison between Finance Commission and NITI Aayog roles, Equity versus efficiency in revenue distribution, Measures for fiscal consolidation and debt sustainability targets",,,High
cmopjv8ls005dz3r0g7eq33f5,salient-features-of-indian-constitution,Salient Features of Indian Constitution,POLITY,GS2,I'm still learning and can't help with that. Do you need help with anything else?,"Lengthiest written constitution and factors for its bulk, Blend of rigidity and flexibility under Article 368, Federal system with unitary bias and quasi-federal nature, Parliamentary form of government with ministerial responsibility, Synthesis of parliamentary sovereignty and judicial supremacy, Integrated and independent judiciary structure, Justiciable fundamental rights and their reasonable restrictions, Directive Principles of State Policy as instruments of instruction, Fundamental duties and their constitutional significance, Indian model of secularism and its positive approach, Universal adult franchise and the 61st Amendment, Single citizenship and its impact on national integration, Role and independence of constitutional bodies like CAG and UPSC, Three-tier government and the 73rd and 74th Amendments, Emergency provisions and their impact on federal structure",,,High
cmopjvafd005wz3r0hhwz9mkf,representation-of-peoples-act-key-provisions-amendments,Representation of People's Act — Key Provisions & Amendments,POLITY,GS2,"Articles 324-329, Representation of the People Act 1950, Representation of the People Act 1951, Delimitation Commission Act, Universal Adult Suffrage, Section 8 of RPA 1951 (Disqualification), Lily Thomas v. Union of India, Section 29A of RPA 1951 (Registration of Political Parties), Office of Profit, Corrupt Practices and Electoral Offences, Election Petitions, Model Code of Conduct, VVPAT and EVMs, Electoral Bonds and Funding Reforms","Qualifications for membership of Parliament and State Legislatures, Disqualifications under Section 8 of RPA 1951, Registration of political parties under Section 29A, Provisions for election expenses and filing of accounts, Corrupt practices defined under Section 123, Electoral offenses and penalties, Procedure for settling election disputes and election petitions, Impact of the Lily Thomas v. Union of India (2013) judgment, Use of Electronic Voting Machines (EVMs) and VVPATs, Right to vote and Section 62 of RPA 1951, Removal of Section 8(4) regarding immediate disqualification, Disclosure of assets and criminal antecedents by candidates, Role and administrative machinery of the Election Commission, Representation of the People (Amendment) Act 1966 and abolition of election tribunals",,,High
cmopjvcf0006rz3r0ru81xr9o,trai-telecom-regulation-net-neutrality,TRAI — Telecom Regulation & Net Neutrality,POLITY,GS2,"Telecom Regulatory Authority of India Act 1997, TRAI Amendment Act 2000, Telecom Disputes Settlement and Appellate Tribunal, Net Neutrality, Prohibition of Discriminatory Tariffs for Data Services Regulations 2016, Telecommunications Act 2023, Universal Service Obligation Fund, Spectrum Management and Allocation, Digital Communications Commission, National Digital Communications Policy 2018, Right to Privacy in Digital Communication, Over-the-Top Platforms Regulation, Quality of Service Standards, Telecom Finance and Adjusted Gross Revenue, Consumer Protection in Telecom Sector","Evolution and mandate of Telecom Regulatory Authority of India (TRAI), Prohibition of Discriminatory Tariffs for Data Services Regulations 2016, Zero-rating platforms and the Free Basics controversy, Principle of non-discriminatory treatment of internet traffic, Recommendations on a multi-stakeholder body for monitoring violations, Exceptions for specialized services and critical IoT applications, Impact of net neutrality on freedom of speech and expression (Article 19), Role of Telecommunications Dispute Settlement and Appellate Tribunal (TDSAT), Challenges of traffic management and quality of service norms, Comparison of Indian net neutrality framework with global standards, Licensing conditions for Unified Access Service and net neutrality, Revenue sharing debates between telecom service providers and OTT platforms, Impact of differential pricing on market competition and startups, National Digital Communications Policy 2018 and its stance on net neutrality",,,Medium
cmopjv7hx004uz3r0v5is3c5a,demand-for-smaller-states-state-formation-issues,Demand for Smaller States & State Formation Issues,POLITY,GS2,"Article 2, Article 3, Dhar Commission, JVP Committee, Fazl Ali Commission, States Reorganisation Act 1956, Second States Reorganisation Commission, Administrative Efficiency vs. Ethnic Identity, Economic Viability of Small States, Regionalism and Sub-nationalism, Federalism and National Integration, Asymmetric Federalism, Fifth and Sixth Schedules, Constitutional Procedure for Formation of New States, Inter-State Border and Water Disputes","Constitutional provisions under Articles 2 and 3 for state reorganization, Historical evolution of states since 1947, Recommendations of Dhar Commission and JVP Committee, Fazal Ali Commission and States Reorganisation Act 1956, Impact of smaller states on administrative efficiency and governance, Economic viability and fiscal challenges of newly formed states, Role of regionalism and ethnic identity in statehood demands, Case study of Telangana's formation and its socio-economic impact, Comparison of growth trajectories of Chhattisgarh and Jharkhand post-2000, Inter-state disputes over water sharing and boundaries post-bifurcation, Political implications of smaller legislatures and stability, Analysis of current demands like Gorkhaland and Vidarbha, Need for a Second States Reorganisation Commission, Impact of smaller states on national integration and federalism",,,Medium
cmopjv8ls005fz3r0eukd9hlb,declining-standards-of-parliamentary-functioning,Declining Standards of Parliamentary Functioning,POLITY,GS2,"Anti-Defection Law, Tenth Schedule, Article 75, Article 105, Article 118, Article 85, Parliamentary Committees, Departmentally Related Standing Committees, Office of the Speaker, Question Hour, Zero Hour, Rule of Law, Criminalization of Politics, Representative Democracy, Executive Accountability, Parliamentary Productivity, Shanta Kumar Committee, M.N. Venkatachaliah Committee, Parliamentary Disruptions, Legislative Scrutiny","Frequent disruptions and loss of working hours, Decline in quality of debates and deliberations, Criminalization of politics and its impact on legislative conduct, Erosion of the Department-related Standing Committee system, Impact of the Anti-Defection Law on independent voting, Chronic absenteeism and poor attendance of MPs, Misuse of the Money Bill provision to bypass Rajya Sabha, Passing of bills through voice vote without discussion, Decline in effectiveness of Question Hour and Zero Hour, Diminishing neutrality of the Speaker and Presiding Officers, Low representation of women and marginalized groups, Lack of research support and institutionalized research for MPs, Executive dominance over the legislature and the role of ordinances, Comparison with the Westminster model of accountability, Proposals for a mandatory minimum number of sitting days, Need for a Shadow Cabinet and Parliamentary Budget Office (PBO)",,,High
cmopjv8lr0059z3r0o2e0220c,anti-defection-law-tenth-schedule-issues,Anti-Defection Law — Tenth Schedule & Issues,POLITY,GS2,"52nd Constitutional Amendment Act, Tenth Schedule, 91st Constitutional Amendment Act, Kihoto Hollohan Case (1992), Article 102(2), Article 191(2), Dinesh Goswami Committee, Law Commission 170th Report, Keisham Meghachandra Singh Case (2020), Judicial Review of Speaker's Decision, Whip and Party Discipline, Split and Merger Provisions, Office of Profit, Aaya Ram Gaya Ram Phenomenon, 2nd Administrative Reforms Commission","Constitutional basis of the Tenth Schedule and the 52nd Amendment Act 1985, Grounds for disqualification for members of political parties, Rules for independent and nominated members under the Tenth Schedule, Exceptions to disqualification including the two-thirds merger rule, Role and powers of the Presiding Officer as a quasi-judicial authority, Judicial review of the Speaker's decision and the Kihoto Hollohan case, Impact of the 91st Constitutional Amendment Act 2003 on splits and cabinet size, Issue of time-bound decisions and the Keisham Meghachandra Singh case, Role of the whip and intra-party democracy vs. freedom of speech, Recommendations of the Dinesh Goswami Committee and Law Commission’s 170th Report, Analysis of ""voluntarily giving up membership"" through Ravi S. Naik and Rajendra Singh Rana cases, Comparison of anti-defection provisions in other parliamentary democracies, Impact of defection on political stability and the mandate of the electorate, Proposed reforms to shift adjudicatory power to the President or Governor on Election Commission advice",,,High
cmopjvafc005pz3r0lpvww23y,national-commission-for-scst-functions-effectiveness,National Commission for SC/ST — Functions & Effectiveness,POLITY,GS2,"Article 338, Article 338A, 65th Constitutional Amendment Act, 89th Constitutional Amendment Act, Civil Court Powers of NCSC, Protection of Civil Rights Act 1955, Scheduled Castes and Scheduled Tribes (Prevention of Atrocities) Act 1989, Article 17, Article 15(4), Article 16(4A), Article 46, Special Central Assistance to Scheduled Castes Sub-Plan, National Commission for Backward Classes, Article 341, Article 342, National Commission for Safai Karamcharis","Constitutional evolution from Special Officer to 89th Amendment bifurcation, Article 338 and 338A mandate, Quasi-judicial powers and civil court status, Investigation of specific complaints and grievance redressal, Monitoring of constitutional and legal safeguards, Participation in the socio-economic planning process, Advisory role in major policy matters affecting SCs and STs, Annual and special reports to the President, Effectiveness in curbing atrocities under the POA Act 1989, Role in monitoring reservation policies and service safeguards, Challenges of limited enforcement and advisory nature of recommendations, Overlap with other statutory bodies like NHRC, Implementation of NCSC and NCST recommendations by state governments, Impact on tribal land rights and forest produce ownership rights",,,High
cmopjvces006iz3r0vdkq8xwc,cbi-appointment-autonomy-vs-accountability,"CBI — Appointment, Autonomy vs Accountability",POLITY,GS2,"Delhi Special Police Establishment Act 1946, Vineet Narain Case, Central Vigilance Commission Act 2003, Lokpal and Lokayuktas Act 2013, Section 6A of DSPE Act, Single Directive, Second Administrative Reforms Commission, Santhanam Committee, CVC Superintendence, Fixed Tenure of Director, Appointment Committee, Independence of Investigative Agencies, CBI vs State Police Jurisdiction, General Consent of States, Article 14, Article 21, Rule of Law, Continuing Mandamus","Legal basis and powers under Delhi Special Police Establishment Act 1946, Evolution of appointment mechanism from executive control to High-Powered Committee, Impact of Vineet Narain judgment on functional autonomy and fixed tenure, Role of Lokpal and Lokayuktas Act 2013 in Director's selection process, DSPE Amendment Act 2021 and extension of tenure up to five years, Statutory status and supervisory role of Central Vigilance Commission over CBI, Section 6 of DSPE Act and the requirement of State's general consent, Analysis of the Single Directive and its unconstitutionality under Article 14, Challenges of political interference and the ""caged parrot"" metaphor, Mechanism for investigation of corruption cases under Prevention of Corruption Act, Comparison of CBI's jurisdiction in Union Territories versus States, Accountability to the Ministry of Personnel and Parliamentary oversight, Effectiveness of the three-member committee (PM, LoP, CJI) in ensuring neutrality, Issues regarding the lack of a dedicated organic statute for CBI, Recommendations of the Vohra Committee and Shanta Kumar Committee on restructuring",,,Medium
cmopjvcey006oz3r08g1ex12c,public-interest-litigation-pil-evolution-misuse,Public Interest Litigation (PIL) — Evolution & Misuse,POLITY,GS2,"Article 32, Article 226, Locus Standi, Justice P.N. Bhagwati, Justice V.R. Krishna Iyer, Hussainara Khatoon v. State of Bihar, S.P. Gupta v. Union of India, Judicial Activism, Judicial Overreach, Separation of Powers, Social Action Litigation, Epistolary Jurisdiction, M.C. Mehta Cases, Vishaka v. State of Rajasthan, Frivolous Litigation, Law Commission of India 262nd Report, Public interest vs. Publicity interest","Concept and origin of PIL in India, Liberalization of the doctrine of Locus Standi, Role of Justice P.N. Bhagwati and Justice V.R. Krishna Iyer, Constitutional basis under Articles 32 and 226, Epistolary jurisdiction and Suo Motu cognizance, Comparison between PIL and Traditional Litigation, Landmark cases like Hussainara Khatoon and M.C. Mehta, Guidelines to prevent misuse of PIL (Publicity/Pecuniary Interest Litigation), Impact on Judicial Activism and Overreach, Role of PIL in environmental protection and human rights, Evolution of Social Action Litigation (SAL), Critical evaluation of PIL as a tool for social change, Challenges of judicial burden and case backlog, Supreme Court guidelines for entertaining PILs",,,High
cmopjv63g004ez3r0ga5hviqs,parliamentary-vs-presidential-system-comparison,Parliamentary vs Presidential System — Comparison,POLITY,GS2,"Articles 74 and 75, Articles 163 and 164, Article 75(3), Collective Responsibility, Nominal vs Real Executive, Separation of Powers vs Fusion of Powers, Accountability vs Stability, Parliamentary Sovereignty vs Constitutional Supremacy, Majority Rule, No-Confidence Motion, Prime Ministerial Leadership, Swaran Singh Committee, Cabinet Form of Government, Double Membership, Dissolution of Lower House","Differences in executive-legislative relations, Dual vs single executive systems, Accountability of the executive to the legislature, Stability and fixed tenure of the executive, Principle of separation of powers vs fusion of powers, Process of election and removal of the head of government, Composition and role of the cabinet in both systems, Merits and demerits of the parliamentary system in India, Advantages and disadvantages of the presidential system for large democracies, Constitutional provisions for parliamentary government in India (Articles 74 and 75), Comparison between Indian and British parliamentary models, Feasibility of a presidential system in the Indian context, Impact of party discipline and anti-defection laws on parliamentary functioning, Role of the titular head of state in both systems",,,High
cmopjv7hy004wz3r0aodedcq8,special-category-status-special-packages-for-states,Special Category Status & Special Packages for States,POLITY,GS2,"Gadgil Formula, National Development Council (NDC), 14th Finance Commission, 15th Finance Commission, Article 275, Article 282, Special Category Status (SCS), Fiscal Federalism, Tax Devolution, NITI Aayog, Centrally Sponsored Schemes (CSS), Gadgil-Mukherjee Formula, Horizontal Devolution, Statutory vs Discretionary Transfers, Revenue Deficit Grants","Evolution and historical background of Special Category Status, Role of the 5th Finance Commission and Gadgil formula, National Development Council (NDC) and its decision-making power, Criteria for according SCS including hilly terrain and strategic location, Comparison between Special Category Status and Special Status under Article 371, Financial benefits of SCS including 90:10 grant-to-loan ratio for Centrally Sponsored Schemes, Impact of 14th and 15th Finance Commission recommendations on SCS, Transition from Planning Commission to NITI Aayog and its impact on state funding, Significance of Special Packages as an alternative to SCS, Issues of fiscal federalism and horizontal equity among states, Case study of demands for SCS by Andhra Pradesh and Bihar, Rationalization of Centrally Sponsored Schemes in SCS versus non-SCS states, Tax exemptions and industrial incentives for special category states, Challenges in the classification of ""backwardness"" and socio-economic indicators",,,Medium
cmopjv8lr005az3r096hu4zpo,delegated-legislation-issues,Delegated Legislation & Issues,POLITY,GS2,"Subordinate Legislation, Parent Act, Enabling Statute, Committee on Subordinate Legislation, Re Delhi Laws Act Case 1951, Ultra Vires, Judicial Review, Article 312, Separation of Powers, Parliamentary Oversight, Executive Discretion, Procedural Control, RBI Act 1934 Section 26, Laying Procedure, Essential Legislative Functions","Definition and evolution of delegated legislation, Constitutional validity and Article 312, Doctrine of Excessive Delegation, Doctrine of Essential Legislative Functions, Parliamentary control and the Committee on Subordinate Legislation, Judicial review of delegated legislation, Procedural safeguards and the Laying procedure, Types of delegated legislation including Rules and Bye-laws, Grounds for challenging delegated legislation as ultra vires, Impact on the Separation of Powers, Comparison between pre-independence and post-independence legal frameworks, Recommendations of the Shanta Kumar Committee and other reforms, Analysis of the 2016 Demonetisation case judgment regarding delegation of power, Significance of technical expertise and administrative efficiency in rule-making",,,Medium
cmopjvafd005sz3r0b2wi548k,checks-balances-in-indian-constitution,Checks & Balances in Indian Constitution,POLITY,GS2,"Doctrine of Separation of Powers, Judicial Review, Article 13, Article 32, Article 226, Article 142, Question Hour, No-Confidence Motion, Article 123, Article 213, Article 61, Impeachment of Judges, Article 72, Article 161, Parliamentary Committees, Comptroller and Auditor General of India, Article 148, Basic Structure Doctrine, Judicial Activism, Delegated Legislation","Relationship between separation of powers and checks and balances, Legislative control over executive through Question Hour and No-Confidence Motion, Executive control over legislature via ordinance making and veto powers, Judicial review of legislative and executive actions under Articles 13 and 32, Parliamentary oversight of judicial conduct and removal of judges, Executive role in judicial appointments and the collegium system, Doctrine of Basic Structure as a check on amending power, Role of the Opposition and shadow cabinet in a parliamentary democracy, Impact of judicial activism and overreach on executive functioning, Financial control of legislature over executive through budget approval, President's clemency powers under Article 72 as a check on judicial errors, Challenges to checks and balances from executive dominance and weak opposition, Role of parliamentary committees in monitoring executive actions, Constitutional provisions for impeachment of the President",,,High
cmopjvbdu0063z3r06mcngvug,political-parties-registration-regulation-rti,"Political Parties — Registration, Regulation & RTI",POLITY,GS2,"Section 29A of Representation of the People Act 1951, Article 324 of the Constitution, Right to Information Act 2005, Model Code of Conduct, Election Symbols (Reservation and Allotment) Order 1968, Section 29C of Representation of the People Act 1951, Electoral Bonds Scheme, Tenth Schedule (Anti-Defection Law), Goswami Committee on Electoral Reforms, Indrajit Gupta Committee on State Funding of Elections, Law Commission 170th Report on Reform of Electoral Laws, Shanta Kumar Committee, Public Authority under RTI Section 2(h), ADR v. Union of India Case, Foreign Contribution Regulation Act (FCRA)","Section 29A of the Representation of the People Act 1951 and registration procedure, Difference between National and State recognized political parties, Criteria for recognition under Election Symbols (Reservation and Allotment) Order 1968, Concept and challenges of Registered Unrecognized Political Parties (RUPPs), Legal limitations of the Election Commission of India in de-registering political parties, Supreme Court judgment in Indian National Congress vs Institute of Social Welfare (2002), Transparency and disclosure of political donations above 20000 rupees, Applicability of Right to Information (RTI) Act to political parties and CIC rulings, Law Commission recommendations (170th and 255th reports) on internal party democracy, Benefits of recognition including reserved symbols and star campaigners, Misuse of tax exemptions under Section 13A of the Income Tax Act 1961, Regulation of internal organizational elections and democratic functioning, Enforcement of Model Code of Conduct and Paragraph 16A of the Symbols Order, Impact of the Political Parties Registration Tracking Management System (PPRTMS)",,,High
cmopjvcf0006sz3r029fkmpqa,judicial-activism-vs-judicial-overreach,Judicial Activism vs Judicial Overreach,POLITY,GS2,"Public Interest Litigation (PIL), Separation of Powers, Article 142, Basic Structure Doctrine, Judicial Restraint, Judicial Review, Article 32, Article 226, Kesavananda Bharati Case, Maneka Gandhi Case, National Judicial Appointments Commission (NJAC), Judicial Adventurism, Article 13, Due Process of Law, Rule of Law","Evolution and philosophy of Judicial Activism in India, Constitutional provisions supporting judicial intervention (Articles 13, 32, 226), Distinction between Judicial Activism and Judicial Overreach, Doctrine of Separation of Powers and its violation, Impact of Public Interest Litigation (PIL) on judicial assertiveness, Landmark cases of activism (Kesavananda Bharati and Maneka Gandhi), Instances of judicial adventurism and overreach (NJAC case and Liquor Ban), Concept and significance of Judicial Restraint, Role of Article 142 in ""complete justice"" vs. overreach, Impact on the balance between Legislature and Executive, Judicial accountability and transparency in appointments, Challenges of lack of technical expertise in policy-related judgments, International comparisons of judicial trends (USA vs India)",,,High
cmopjv63e0047z3r0jl5b76l6,integration-of-french-portuguese-territories-goa-pondicherry,"Integration of French & Portuguese Territories (Goa, Pondicherry)",POST-INDEPENDENCE CONSOLIDATION,GS1,"Operation Vijay, Treaty of Cession 1956, Dadra and Nagar Haveli Act 1961, 10th Constitutional Amendment Act, 12th Constitutional Amendment Act, 14th Constitutional Amendment Act, French Union, Article 2, Article 3, Plebiscite of Chandernagore, Goa Liberation Day, Azad Gomantak Dal, United Front of Goans, De facto transfer 1954, De jure transfer 1962","Diplomatic negotiations for French enclaves (Pondicherry, Karikal, Mahe, Yanam), Treaty of Cession 1956 and legal de jure transfer 1962, Role of Goubert and the liberation movement in French India, Operation Vijay and the military liberation of Goa 1961, Dadra and Nagar Haveli liberation and the role of Azad Gomantak Dal, Constitutional status of integrated territories as Union Territories, Impact of the 12th and 14th Constitutional Amendment Acts, Role of V.K. Krishna Menon and Jawaharlal Nehru in Goan integration, International reaction and UN Security Council stand on Goa's annexation, Transition from Portuguese civil code to Indian legal system, Integration of Daman and Diu into the Indian Union, Satyagraha movement of 1955 and Portuguese military response, Impact of decolonization on India's non-aligned foreign policy, Evolution of Goa from Union Territory to Statehood in 1987",,,Medium
cmopjv63e0049z3r0cyfwk3i3,tribal-issues-post-independence-land-forest-rights-insurgency,"Tribal Issues Post-Independence — Land, Forest Rights & Insurgency",POST-INDEPENDENCE CONSOLIDATION,GS1,"Tribal Panchsheel, Article 46, Fifth Schedule, Sixth Schedule, Forest Rights Act 2006, PESA Act 1996, Tribal Advisory Councils, Verrier Elwin vs G.S. Ghurye Debate, Nehruvian Integration Policy, Land Alienation and Restoration Laws, Jharkhand Movement, Naxalite Movement and Red Corridor, Salwa Judum, Bodoland Movement, Xaxa Committee Recommendations","Nehruvian Tribal Panchsheel and the integration debate, Verrier Elwin vs G.S. Ghurye on isolation vs assimilation, Impact of Scheduled Tribes and Other Traditional Forest Dwellers (Recognition of Forest Rights) Act 2006, Effectiveness of PESA Act 1996 in tribal self-governance, Evolution of the Tribal Sub-Plan (TSP) approach, Socio-economic consequences of development-induced displacement, Land alienation through mining and industrial projects in Central India, Causes and evolution of the Naxalite movement in tribal regions, Constitutional safeguards under the Fifth and Sixth Schedules, Role of the National Commission for Scheduled Tribes, Issues of cultural assimilation and loss of indigenous languages, Impact of Christian missionaries and education on tribal identity, Implementation challenges of the Forest Rights Act in Scheduled Areas, Pathalgadi movement as a form of tribal resistance, Integration of North-Eastern tribes and the Naga peace process",,,Medium
cmopjv89b0055z3r02dgj7610,green-revolution-impact-on-agriculture-society,Green Revolution — Impact on Agriculture & Society,POST-INDEPENDENCE CONSOLIDATION,GS1,"High-Yielding Variety (HYV) Seeds, MS Swaminathan (Father of Green Revolution in India), Norman Borlaug, PL-480 Agreement, Food Self-Sufficiency vs Food Security, Intensive Agricultural District Programme (IADP), Land Reforms and Consolidation of Holdings, Rural Indebtedness and Capitalist Farming, Inter-regional and Intra-regional Disparities, Social Repercussions and Rural Landlessness, Impact on Women and Patriarchy, Green Revolution - Krishonnati Yojana, Environmental Consequences (Groundwater Depletion and Soil Salinity), Transition from Subsistence to Commercial Farming, Forward and Backward Linkages in Agribusiness","Rationale for Green Revolution and food insecurity post-1947, Role of High-Yielding Variety (HYV) seeds and Norman Borlaug, Shift from subsistence to commercial farming, Impact on rural class structure and the rise of capitalist farmers, Emergence of the ""Bullock Capitalists"" and middle peasantry, Regional disparities and the Punjab-Haryana-Western UP focus, Gender implications and the ""domestication"" of women in prosperous regions, Environmental consequences including groundwater depletion and soil salinity, Impact on landless labor and rural-urban migration patterns, Institutional changes like the Minimum Support Price (MSP) and credit facilities, Loss of traditional crop biodiversity and the move toward monocultures, Linkage between agricultural prosperity and political mobilization of agrarian castes, Social tensions and the rise of ethnic regionalism in beneficiary states, Comparison between the first Green Revolution and the need for an Evergreen Revolution",,,Medium
cmopjv63f004dz3r035q55eij,accession-of-princely-states-sardar-patels-role,Accession of Princely States — Sardar Patel's Role,POST-INDEPENDENCE CONSOLIDATION,GS1,"Instrument of Accession, Standstill Agreement, Indian Independence Act 1947, Sardar Vallabhbhai Patel, V.P. Menon, Operation Polo, Lapse of Paramountcy, Merger Agreements, Privy Purses, Article 1, Article 370, Junagadh Plebiscite, States Department, Balkanisation of India, Iron Man of India, Integration of Jammu and Kashmir, Reorganization of States, Government of India Act 1935, Mountbatten Plan, PEPSU Union","Lapse of British Paramountcy and the Indian Independence Act 1947, Role of the States Department and V.P. Menon, Provisions of the Instrument of Accession, Standstill Agreements and administrative continuity, Policy of Persuasion and the appeal to patriotism, Use of Privy Purses as a transitional compromise, Integration of Junagadh and the role of plebiscite, Operation Polo and the police action in Hyderabad, Accession of Jammu and Kashmir and the tribal invasion, Integration of Jodhpur and the Pakistani lure, Merger of the Kathiawar States into Saurashtra, Formation of the Patiala and East Punjab States Union (PEPSU), Role of Lord Mountbatten as a facilitator, Internal constitutional changes and democratization of princely states, Four-step process of merger and consolidation into unions",,,High
cmopjv6a3004mz3r06m31juqj,state-reorganisation-states-reorganisation-act-1956,State Reorganisation — States Reorganisation Act 1956,POST-INDEPENDENCE CONSOLIDATION,GS1,"States Reorganisation Act 1956, States Reorganisation Commission, Fazal Ali Commission, Dhar Commission, JVP Committee, 7th Constitutional Amendment Act 1956, Article 3, Article 4, Potti Sreeramulu's 56-day fast, Linguistic Basis of Reorganisation, Part A B C and D States, One Language One State Theory, National Integration and Unity, Administrative Convenience, Integration of Princely States, Statehood Demands after 1956, Seventh Schedule, Union Territories Creation, Fazal Ali, K. M. Panikkar, H. N. Kunzru","Dhar Commission recommendations and impact, JVP Committee findings on linguistic provinces, States Reorganisation Commission (Fazl Ali Commission) report, Abolition of Part A B C and D state classifications, 7th Constitutional Amendment Act 1956, Integration of princely states and role of Sardar Patel, Creation of Andhra Pradesh and Potti Sriramulu's fast, Reorganisation of Bombay state into Maharashtra and Gujarat, Impact of reorganisation on national unity and administrative efficiency, Evolution of Union Territories post-1956, Formation of Punjab and Haryana (1966), North-Eastern Areas (Reorganisation) Act 1971, Recent reorganisation of Jammu and Kashmir into UTs, Linguistic vs developmental criteria for statehood demands",,,Medium
cmopjv92q005jz3r0i8jllzkh,rehabilitation-of-partition-refugees,Rehabilitation of Partition Refugees,POST-INDEPENDENCE CONSOLIDATION,GS1,"Ministry of Rehabilitation, Foreigners Act 1946, Article 5-11 of the Constitution, Central Recovery Operation, Displaced Persons (Claims) Act 1950, Dandakaranya Project, Nehru-Liaquat Pact 1950, Shrimati Sucheta Kripalani, Resettlement of Bengali and Punjabi Refugees, Urban vs Rural Migration Patterns, Administration of Evacuee Property Act 1950, Displaced Persons (Compensation and Rehabilitation) Act 1954","Establishment of relief camps and transit centers, Quasi-permanent land allotment and rural resettlement, Urban rehabilitation and housing schemes for displaced persons, Ministry of Relief and Rehabilitation and its administrative role, Management and distribution of evacuee property, Specialized homes for unattached women and children, Displaced Persons (Claims) Act and verification of property assets, Financial assistance and vocational training for livelihood, Comparison between rehabilitation in Western vs. Eastern borders, Impact of migration on urban planning and development of refugee colonies, Integration of refugees into the national economy and state-building, Legal framework including the Administration of Evacuee Property Act 1950",,,Medium
cmopjv7o1004yz3r0uqzgvd1v,nehruvian-economic-policy-five-year-plans,Nehruvian Economic Policy & Five Year Plans,POST-INDEPENDENCE CONSOLIDATION,GS1,"Mixed Economy, Planning Commission, First Five Year Plan, Nehru-Mahalanobis Model, Industrial Policy Resolution 1956, Command Economy, Import Substitution Industrialization, License-Permit Raj, Public Sector Undertakings (PSUs), Tribal Panchsheel, Land Reforms, Community Development Programme, Hindu Code Bills, Non-Aligned Movement (NAM), IITs and IIMs Establishment, Temples of Modern India (Dams)","Mahalanobis Model and heavy industrialization, Mixed economy framework, Objectives and achievements of First Five Year Plan, Impact of Second Five Year Plan on public sector, Land reforms and abolition of Zamindari system, Import substitution and protectionist trade policies, Scientific temper and establishment of IITs and CSIR, Community Development Programme (1952), Nationalization of key industries and infrastructure, Evaluation of ""Hindu Rate of Growth"", Role and structure of the Planning Commission, Socialistic pattern of society (Avadi Resolution), Challenges of food security and agricultural stagnation, Nehru-Mahalanobis vs. Gandhian economic models, Development of ""Temples of Modern India"" (Dams and Power projects)",,,Medium
cmopjv63e004bz3r0rgshui4c,linguistic-minorities-language-policy-post-independence,Linguistic Minorities & Language Policy Post-Independence,POST-INDEPENDENCE CONSOLIDATION,GS1,"Article 29, Article 30, Article 347, Article 350A, Article 350B, Eighth Schedule, States Reorganisation Act 1956, Official Languages Act 1963, Three-Language Formula, Kothari Commission, Commissioner for Linguistic Minorities, Nehru-Liaquat Pact, Dhar Commission, JVP Committee, Fazl Ali Commission, Linguistic Provinces Commission","Constituent Assembly debates on Hindi vs Hindustani, Official Languages Act 1963 and 1967 amendment, Anti-Hindi agitations in Tamil Nadu and Nehru's assurance, Linguistic reorganisation of states and the 1956 Act, Justice S.K. Dhar Commission and JVP Committee reports, Fazl Ali Commission recommendations and the one language one state rejection, Constitutional safeguards under Articles 29 and 30, Role and powers of the Commissioner for Linguistic Minorities (Article 350B), Implementation of the Three-Language Formula, Safeguards for mother-tongue instruction under Article 350A, Impact of linguistic identity on federalism and national integration, Criteria for Eighth Schedule inclusion and its implications, Protection of tribal and endangered languages post-1947, Evolution of English as an associate official language.",,,Medium
cmopjv63f004cz3r09kt0jnqu,new-economic-policy-1991-lpg-reforms-impact,New Economic Policy 1991 — LPG Reforms & Impact,POST-INDEPENDENCE CONSOLIDATION,GS1,"Balance of Payments Crisis 1991, Liberalisation Privatisation and Globalisation (LPG), Abolition of Industrial Licensing (License Raj), Devaluation of the Indian Rupee, Foreign Exchange Management Act (FEMA), Disinvestment of Public Sector Undertakings (PSUs), MRTP Act Amendment 1991, Financial Sector Reforms (Narasimham Committee), Tax Reforms (Raja Chelliah Committee), Export-Import Policy 1992-97, Current Account Convertibility, GATT and World Trade Organization (WTO) Integration, Structural Adjustment Programmes (IMF/World Bank), Special Economic Zones (SEZs), Foreign Direct Investment (FDI) Policy Reforms","Balance of Payments Crisis of 1991, Abolition of Industrial Licensing (License Raj), De-reservation of Public Sector Undertakings, Disinvestment Policy and Mechanisms, Devaluation of the Indian Rupee, Replacement of FERA with FEMA, Reduction and Rationalization of Import Tariffs, Impact on Service-led Growth Model, Trends in Income Inequality and Jobless Growth, Shift from State-led Planning to Market-driven Economy, Role of P.V. Narasimha Rao and Dr. Manmohan Singh, Conditionalities of IMF and World Bank Loans, Impact on Small Scale Industries (SSI), Structural Adjustment Programmes (SAPs), Social Impact on Poverty and Informalization of Labor",,,"=GEMINI(""You are a strict UPSC exam analyst. Rate the exam relevance of '""&C487&""' under ""&D487&"" (""&E487&"") as exactly one of: High, Medium, or Low. Use this strict distribution rule: only topics that appear in UPSC Mains almost every year get High. Topics examined occasionally get Medium. Topics rarely or never directly examined get Low. Be ruthless — not every topic is High. Return only the single word."")"
cmopjv8rw005gz3r0la0mxa1z,accession-of-sikkim,Accession of Sikkim,POST-INDEPENDENCE CONSOLIDATION,GS1,"Namgyal Dynasty, Chogyal, Indo-Sikkim Treaty of 1950, Protectorate Status, Associate State Status, 35th Constitutional Amendment Act, 36th Constitutional Amendment Act, Article 371F, 1975 Referendum, Sikkim State Congress, Kazi Lhendup Dorjee, Post-Independence Consolidation, Asymmetrical Federalism, Siliguri Corridor, Treaty of Tumlong","Pre-independence status of Sikkim as a British protectorate, Role of the Chamber of Princes and the 1947 Standstill Agreement, Provisions and significance of the Indo-Sikkim Treaty of 1950, Political evolution of the Sikkim State Congress and demand for democracy, Ethnic demographics and tensions between Bhutia-Lepcha and Nepalese communities, Strategic impact of the 1962 Sino-Indian War on Sikkim's security, The 1973 popular uprising and the subsequent Tripartite Agreement, The Government of Sikkim Act 1974 and the Associate State status, Role of the 35th and 36th Constitutional Amendment Acts, 1975 referendum on the abolition of the monarchy and merger with India, Special constitutional provisions under Article 371F, Impact of the integration on India's security and the ""Chicken's Neck"" corridor, Role of Kazi Lhendup Dorjee in the pro-democracy movement, Geopolitical implications of China's delayed recognition of Sikkim as part of India",,,Medium
cmopjv7cz004qz3r0xnrwcnpa,womens-movement-policy-evolution-post-independence,Women's Movement & Policy Evolution Post-Independence,POST-INDEPENDENCE CONSOLIDATION,GS1,"Hindu Code Bill, Hindu Marriage Act 1955, Dowry Prohibition Act 1961, Article 15, Article 16, National Commission for Women Act 1990, Self Employed Womens Association (SEWA), Chipko Movement, Anti-Price Rise Movement, Towards Equality Report 1974, Domestic Violence Act 2005, 73rd and 74th Constitutional Amendment Acts, Vishaka Guidelines, Shah Bano Case","Shift from welfare-based to rights-based approach in women's movements, Anti-Price Rise Movement (1972) and women's mobilization, Nav Nirman Movement and its impact on women's political agency, Evolution of anti-dowry campaigns and the Dowry Prohibition (Amendment) Act 1984, Mathura rape case and the subsequent 1983 Criminal Law Amendment, Role of women in ecological movements like Chipko and Narmada Bachao Andolan, Anti-liquor and anti-arrack movements in Uttarakhand and Andhra Pradesh, Impact of the 73rd and 74th Constitutional Amendment Acts on grassroots leadership, Growth of autonomous women's organizations like SEWA and its self-reliance model, Legislative evolution from the Hindu Marriage Act 1955 to the Domestic Violence Act 2005, Debates on the relevance of Western feminism versus Indian intersectionality (caste and class), Emergence of Dalit and tribal women’s movements for land and labor rights",,,Medium
cmopjv63e004az3r0096bqjur,caste-social-consolidation-post-independence,Caste & Social Consolidation Post-Independence,POST-INDEPENDENCE CONSOLIDATION,GS1,"Article 17, Article 15, Article 16, Protection of Civil Rights Act 1955, Scheduled Castes and Scheduled Tribes (Prevention of Atrocities) Act 1989, Mandal Commission, Kaka Kalelkar Commission, Rohini Commission, Dravidian Movement, Dalit Panthers, Political Mobilization of OBCs, Reservation Policy, Caste-based Vote Bank Politics, Identity Politics, Sub-categorization of OBCs, Sanskritization, Westernization, Dominant Caste Theory","Constitutional abolition of untouchability and Article 17, Hindu Code Bills and personal law reforms, Implementation of reservation policies for Scheduled Castes and Tribes, Mandal Commission recommendations and OBC mobilization, Rise of caste-based political parties and identity politics, Dalit Panther movement and assertive subaltern consciousness, Impact of Green Revolution on agrarian caste hierarchies, Evolution of the Scheduled Castes and Scheduled Tribes (Prevention of Atrocities) Act 1989, Role of education and urbanization in changing caste dynamics, Land reforms and their impact on dominant caste structures, Social reform legacy of Jotirao Phule and B.R. Ambedkar in independent India, Caste-based census debates and socio-economic mapping, Inter-caste marriage trends and social integration challenges, Emergence of Sanskritization vs Westernization in post-colonial society",,,Medium
cmopjv63e0048z3r043ca4i5b,formation-of-telangana-demand-for-smaller-states,Formation of Telangana & Demand for Smaller States,POST-INDEPENDENCE CONSOLIDATION,GS1,"States Reorganisation Act 1956, Fazal Ali Commission, Gentlemen's Agreement 1956, Article 3, Article 371-D, Dhar Commission, JVP Committee, Potti Sreeramulu, Andhra State Act 1953, Mulki Rules, Telangana Regional Committee, Srikrishna Committee, Andhra Pradesh Reorganisation Act 2014, 7th Constitutional Amendment Act, Linguistic Provinces Commission","Gentlemen's Agreement of 1956, States Reorganisation Commission recommendations on Hyderabad, 1969 Telangana Agitation and Mulki Rules, Six-Point Formula of 1973, Role of Telangana Rashtra Samithi and K. Chandrashekar Rao, Justice Srikrishna Committee recommendations, Socio-economic disparities as a driver for statehood, Constitutional provisions under Article 3 for state creation, Provisions of the Andhra Pradesh Reorganisation Act 2014, Impact of bifurcation on water sharing and resource allocation, Administrative challenges of shared capitals, Arguments for and against smaller states in the Indian federal structure, Comparative analysis of Chhattisgarh, Jharkhand, and Uttarakhand models, Role of civil society and student unions in the Telangana movement",,,Medium
cmopjv8ls005ez3r0rxaqin3s,industrial-development-since-independence-public-private-sector,Industrial Development Since Independence — Public & Private Sector,POST-INDEPENDENCE CONSOLIDATION,GS1,"Industrial Policy Resolution 1948, Industrial Policy Resolution 1956, Mahalanobis Model, Industries (Development and Regulation) Act 1951, Monopolies and Restrictive Trade Practices (MRTP) Act 1969, License Raj, Public Sector Undertakings (PSUs), New Industrial Policy 1991, Liberalization Privatization Globalization (LPG) Reforms, Foreign Exchange Regulation Act (FERA), Competition Act 2002, Disinvestment Policy, Small Scale and Cottage Industries Promotion, Bombay Plan, Planning Commission of India","Industrial Policy Resolution 1948 and 1956, Mahalanobis Model and heavy industrialization, Nehruvian Socialism and commanding heights of the economy, Industrial Development and Regulation Act 1951, Licensing and Permit Raj system, Role of Small-Scale Industries (SSI) and Karve Committee, Public Sector Undertakings (PSUs) and nation building, Monopoly and Restrictive Trade Practices (MRTP) Act 1969, Impact of FERA on foreign investment, Liberalization reforms of 1991 and New Industrial Policy, Disinvestment and privatization of PSUs, Development of core sectors like Iron and Steel and Heavy Engineering, Impact of Import Substitution and Protectionism, Transition from consumer goods to capital goods focus, Evolution of industrial productivity in the 1980s",,,Medium
cmopjvpqe00bqz3r0wk7tyz08,semiconductor-industry-indias-chip-policy-fab-ecosystem,Semiconductor Industry — India's Chip Policy & Fab Ecosystem,SCIENCE & TECHNOLOGY,GS3,"India Semiconductor Mission (ISM), Design Linked Incentive (DLI) Scheme, National Policy on Electronics 2019 (NPE 2019), Modified Programme for Development of Semiconductors and Display Manufacturing Ecosystem, Semiconductor Fab and Display Fab Schemes, Outsourced Semiconductor Assembly and Test (OSAT), Assembly Testing Marking and Packaging (ATMP), Gallium Nitride (GaN) Technology, Electronic Design Automation (EDA) Tools, Chips to Startup (C2S) Programme, India Semiconductor Research Center (ISRC), SPECS Scheme, Compound Semiconductors and Silicon Photonics, Semiconductor Supply Chain Partnerships (Indo-US, Indo-EU, Indo-Japan)","India Semiconductor Mission (ISM) objectives and institutional framework, Modified Programme for Development of Semiconductors and Display Manufacturing Ecosystem, Fiscal support for Silicon CMOS-based Semiconductor Fabs, Design Linked Incentive (DLI) Scheme for chipsets and SoCs, Scheme for Compound Semiconductors and Silicon Photonics, Semiconductor Assembly Testing Marking and Packaging (ATMP) and OSAT facilities, Modernization of Semiconductor Laboratory (SCL) in Mohali, Chips to Startup (C2S) programme for specialized manpower training, Comparison between ISM 1.0 and ISM 2.0 focus areas, Strategic importance of semiconductors for national security and telecommunications, Global semiconductor supply chain vulnerabilities and India's role, Role of Electronic System Design and Manufacturing (ESDM) under NPE 2019, Challenges of water and power intensive nature of chip fabrication, International collaborations and MoUs with partners like US and Japan, Fiscal support on pari-passu basis and its impact on capital expenditure",,,High
cmopjvm1000agz3r0zjx3ulef,commercial-space-newspace-india-global-competition,Commercial Space — NewSpace India & Global Competition,SCIENCE & TECHNOLOGY,GS3,"NewSpace India Limited (NSIL), Indian Space Policy 2023, IN-SPACe, Space Activities Bill, FDI Policy in Space Sector, Small Satellite Launch Vehicle (SSLV), PSLV Productionisation, Global Space Economy Share, Outer Space Treaty, Kessler Syndrome, Commercial Satellite Launch Services, Space Weaponization, Low Earth Orbit (LEO) Economy, Space Situational Awareness, Mission Deflecting Asteroids","Role and functions of NewSpace India Limited (NSIL), Indian Space Policy 2023, Indian National Space Promotion and Authorization Centre (IN-SPACe) framework, Private sector participation in satellite manufacturing and launch services, Production and commercialization of PSLV and SSLV, Global space economy market share and India's position, Space-based services including transponder leasing and remote sensing, Technology transfer from ISRO to non-government entities, Regulatory challenges and the need for a comprehensive Space Law, Strategic importance of commercial space for socio-economic development, Competition from global private players like SpaceX and Blue Origin, FDI policy in the space sector, Role of the Indian Space Association (ISpA), Space startups ecosystem in India, Public-Private Partnerships in deep space exploration",,,Medium
cmopjvonq00b5z3r0l0hnoqu5,artificial-intelligence-applications-ethics-governance,"Artificial Intelligence — Applications, Ethics & Governance",SCIENCE & TECHNOLOGY,GS3,"National Strategy for Artificial Intelligence, #AIforAll, NITI Aayog Approach Papers on Responsible AI, IndiaAI Mission, Digital Personal Data Protection Act 2023, Global Partnership on Artificial Intelligence (GPAI), Digital Public Infrastructure (DPI), National Data Governance Framework Policy, ICMR Ethical Guidelines for AI in Healthcare, Principles of Safety and Reliability, Algorithm Bias and Transparency, AI in Agriculture and Healthcare, UNESCO Recommendation on the Ethics of Artificial Intelligence, AIRAWAT Supercomputer, IndiaAI Compute Portal","Foundational concepts and evolution of AI, AI applications in healthcare and diagnostics, Precision agriculture and AI-driven crop monitoring, AI in financial services and fraud detection, Autonomous systems and self-driving vehicle technology, Algorithmic bias and fairness in decision-making, Data privacy and informed consent in AI systems, Accountability and legal liability for AI errors, Impact of automation on labor markets and job displacement, Global AI governance frameworks and UN initiatives, Ethical considerations in generative AI and academic integrity, AI in judicial systems and access to justice, Environmental impact and energy consumption of AI models, India’s National Strategy for Artificial Intelligence, Role of AI in achieving Sustainable Development Goals (SDGs)",,,High
cmopjvqkb00c2z3r0u2xkdolc,big-data-cloud-computing-governance-applications,Big Data & Cloud Computing — Governance Applications,SCIENCE & TECHNOLOGY,GS3,"Digital Personal Data Protection Act 2023, National Data and Analytics Platform, Cloud Management Framework, Information Technology Act 2000, Right to Privacy Article 21, Justice K.S. Puttaswamy Judgment, Digital India Mission, India Stack, Unified Mobile Application for New-age Governance, DigiLocker, National e-Governance Plan, Data Sovereignty, Cybersecurity Policy 2013, National Geospatial Policy 2022, BharatNet, Open API Policy","The 5Vs of Big Data (Volume, Velocity, Variety, Veracity, Value), Cloud computing service models (IaaS, PaaS, SaaS) in e-governance, Role of Big Data in evidence-based policy making, Predictive analytics for disaster management and public safety, Big Data applications in fraud detection and social welfare leakage, Real-time health monitoring and epidemic surveillance via cloud platforms, Digital India Land Records Modernization Programme (DILRMP) and cloud storage, Challenges of data interoperability and standardisation across government silos, Privacy concerns and ethical frameworks for government data handling, Impact of Cloud Computing on Reducing Public Infrastructure Capex and Opex, Use of satellite imagery and Big Data for crop insurance and precision agriculture, AI-driven risk assessment in sustainable development projects, Smart urban planning and traffic management using real-time data, Security protocols and regulatory compliance for public data in the cloud",,,Medium
cmopjvnft00b0z3r01veptacj,drdo-role-achievements-indigenisation,"DRDO — Role, Achievements & Indigenisation",SCIENCE & TECHNOLOGY,GS3,"Defence Acquisition Procedure 2020, Atmanirbhar Bharat Abhiyaan, Innovations for Defence Excellence (iDEX), Technology Development Fund (TDF), Buy (Indian-IDDM), Strategic Partnership Model, Acing Development of Innovative Technologies with iDEX (ADITI), Defence India Start-up Challenge (DISC), Integrated Capability Development Plan (ICDP), Integrated Project Team (IPT) Concept, Defence AI Council (DAIC), Mission Raksha Gyan Shakti, SPARK Grant, Transfer of Technology (ToT), Indigenous Content (IC) Thresholds","Evolution and mandate of DRDO since 1958, Integrated Guided Missile Development Programme (IGMDP), Agni and Prithvi series of strategic missiles, Development and features of LCA Tejas, Mission Divyastra and MIRV technology, Akash and Akash-NG surface-to-air missile systems, Pinaka Multi-Barrel Rocket Launcher System, Main Battle Tank (MBT) Arjun and its variants, DRDO's role in the development of INS Arihant, Indigenisation of electronics and radar systems (Netra, Swathi, Rajendra), Unmanned Aerial Vehicles (UAVs) like Rustom and Ghatak UCAV, Directed Energy Weapons (DEW) and anti-satellite (A-SAT) capabilities, DRDO-Industry partnership models and technology transfer (ToT), Challenges in indigenisation and time-cost overruns in major projects, Reforms in DRDO based on the VijayRaghavan Committee recommendations",,,Medium
cmopjvql200c6z3r0y04w8lqr,stem-cell-research-cloning-science-ethics,Stem Cell Research & Cloning — Science & Ethics,SCIENCE & TECHNOLOGY,GS3,"Stem Cell Therapy, Embryonic Stem Cells, Adult Stem Cells, Induced Pluripotent Stem Cells (iPSCs), Totipotent vs Pluripotent vs Multipotent, Somatic Cell Nuclear Transfer (SCNT), Therapeutic Cloning vs Reproductive Cloning, National Guidelines for Stem Cell Research, ICMR, Department of Biotechnology (DBT), Bioethics and Human Dignity, Hematopoietic Stem Cell Transplantation (HSCT), Cord Blood Banking, Drugs Controller General of India (DCGI)","Classification of stem cells by potency (totipotent, pluripotent, multipotent, unipotent), Mechanism of induced pluripotent stem cells (iPSCs) and cellular reprogramming, Somatic cell nuclear transfer (SCNT) and its role in therapeutic cloning, Difference between reproductive cloning and therapeutic cloning, Ethical concerns regarding the destruction of human embryos in research, Applications of stem cells in regenerative medicine and tissue engineering, Role of hematopoietic stem cells (HSCs) in treating blood-related disorders, Challenges of immunocompatibility and autologous vs. allogeneic transplantation, Potential risks of tumor formation and genetic instability in stem cell therapies, Global and national regulatory frameworks for stem cell research and cloning, Use of mesenchymal stem cells (MSCs) in clinical trials for degenerative diseases, Scientific significance of Yamanaka factors in creating iPSCs, Clinical potential of perinatal and umbilical cord blood stem cells, Impact of gene editing technologies like CRISPR on stem cell research, Socio-economic implications of personalized medicine through patient-specific cell lines",,,Medium
cmopjvont00bjz3r0qwzz7mlo,internet-governance-net-neutrality-data-sovereignty,"Internet Governance — Net Neutrality, Data Sovereignty",SCIENCE & TECHNOLOGY,GS3,"Information Technology Act 2000, Digital Personal Data Protection Act 2023, Net Neutrality, Data Sovereignty, Data Localization, K.S. Puttaswamy v. Union of India, Right to Privacy, Shreya Singhal v. Union of India, Section 69A of IT Act, TRAI Recommendations on Net Neutrality, Digital India Act, Data Fiduciary, Data Principal, CERT-In Guidelines, Budapest Convention, ICANN, IGF, Multi-stakeholder Model of Internet Governance","Principles of Net Neutrality and the Open Internet, TRAI’s regulatory framework on Net Neutrality, Impact of Zero-Rating plans on market competition, Data Localization and the Digital Personal Data Protection Act 2023, Multi-stakeholder model of Internet Governance and the role of ICANN, Cross-border data flow and WTO trade implications, Digital Sovereignty and the concept of a ""Sovereign Cloud"", Issues of algorithmic bias and content moderation, Impact of 5G network slicing on Net Neutrality, Role of the Global Digital Compact and UN Internet Governance Forum (IGF), National security vs. data privacy in localization mandates, Legal challenges in enforcing data residency requirements, Evolving definitions of ""Specialised Services"" in telecommunications, Comparative analysis of Net Neutrality in India vs. EU and USA",,,Medium
cmopjvqpg00cfz3r07x52ll9i,solar-energy-technology-solar-mission-grid-parity,"Solar Energy — Technology, Solar Mission & Grid Parity",SCIENCE & TECHNOLOGY,GS3,"National Action Plan on Climate Change, Jawaharlal Nehru National Solar Mission, Grid Parity, Renewable Purchase Obligation, Solar Park Scheme, PM-KUSUM, PM Surya Ghar Muft Bijli Yojana, Solar Photovoltaics vs Solar Thermal, International Solar Alliance, Production Linked Incentive Scheme for High Efficiency Solar PV Modules, Net Metering, Viability Gap Funding, Domestic Content Requirement, Green Energy Corridors, Decentralized and Off-grid Solar Applications","Evolution of first-generation to third-generation photovoltaic cells, Efficiency challenges in crystalline silicon vs thin-film technologies, Working principles and advantages of Perovskite solar cells, Mechanism and applications of Organic Photovoltaics (OPV), Multi-junction and Tandem solar cell configurations for exceeding Shockley-Queisser limit, Quantum Dot solar cell technology and spectral tunability, Building-Integrated Photovoltaics (BIPV) and solar roofing tiles, Concept and socio-economic benefits of Floating Solar Photovoltaics (FPV), Technical hurdles in grid integration and intermittency management, Role of high-capacity battery storage in achieving solar reliability, Economics of Levelized Cost of Electricity (LCOE) and path to Grid Parity, Targets and implementation phases of the Jawaharlal Nehru National Solar Mission, Domestic Content Requirement (DCR) and challenges in solar manufacturing, Environmental impact of solar panel disposal and circular economy in PV recycling, International Solar Alliance (ISA) and India's global leadership in solar deployment",,,High
cmopjvpqb00blz3r07ta27lxv,hydrogen-energy-green-hydrogen-policy,Hydrogen Energy — Green Hydrogen Policy,SCIENCE & TECHNOLOGY,GS3,"National Green Hydrogen Mission, National Hydrogen Energy Mission (NHEM), Green Hydrogen Policy 2022, Strategic Interventions for Green Hydrogen Transition (SIGHT) Program, Electrolysis (Alkaline, PEM, SOEC), Hydrogen Fuel Cells, Green Ammonia, Grey vs Blue vs Green Hydrogen, Decarbonization of Hard-to-Abate Sectors, Energy Storage and Grid Stability, Net Zero Emissions by 2070 target, Bureau of Energy Efficiency (BEE), Ministry of New and Renewable Energy (MNRE) guidelines","National Green Hydrogen Mission objectives and components, Difference between Green Blue and Grey Hydrogen, Alkaline and Proton Exchange Membrane (PEM) Electrolyzers, SIGHT (Strategic Interventions for Green Hydrogen Transition) Program, Green Hydrogen Policy 2022 incentives and waivers, Hard-to-abate sectors (steel, refinery, and ammonia) decarbonization, Levelized Cost of Hydrogen (LCOH) factors, Hydrogen storage and transportation infrastructure, Green Hydrogen Hubs and export potential, Standards and certification for Green Hydrogen, Global Green Hydrogen Standard, Biomass-based hydrogen production methods, Carbon neutral energy independence targets by 2047, Role of International Solar Alliance in hydrogen economy",,,High
cmopjvmsx00aqz3r0a7sd1jpn,indias-missile-programme-agni-prithvi-brahmos,"India's Missile Programme — Agni, Prithvi, BrahMos",SCIENCE & TECHNOLOGY,GS3,"Integrated Guided Missile Development Programme, Ballistic Missile vs Cruise Missile, Hypersonic Technology Demonstrator Vehicle, Agni-V Intercontinental Ballistic Missile, BrahMos Supersonic Cruise Missile, Ballistic Missile Defence Program, Prithvi Air Defence and Advanced Air Defence, Solid vs Liquid Propulsion Systems, Multiple Independently Targetable Re-entry Vehicle technology, Strategic Forces Command, Nuclear Triad, Mission Divyastra, DRDO, Atmanirbhar Bharat in Defence, Export of Defence Systems","Evolution and objectives of Integrated Guided Missile Development Programme (IGMDP), Technical specifications and strategic role of Prithvi variants (I, II, III), Evolutionary stages of Agni series from medium to intercontinental ranges, Role of Agni-V in India's credible minimum deterrence and ICBM status, Multiple Independently Targetable Re-entry Vehicle (MIRV) technology and Mission Divyastra, Differences between ballistic and cruise missile trajectories and propulsion, BrahMos supersonic cruise missile joint venture and its multi-platform capabilities, Development of subsonic cruise missiles like Nirbhay and ITCM, Two-tier Ballistic Missile Defence (BMD) system including PAD and AAD interceptors, Submarine-Launched Ballistic Missiles (SLBM) like K-15 and K-4 for nuclear triad, Evolution of anti-tank guided missiles (ATGM) such as Nag and Helina, Indigenous development of beyond-visual-range air-to-air missiles like Astra, Strategic significance of hypersonic technology and the HSTDV program, India's missile systems in the context of the No First Use (NFU) policy and nuclear doctrine",,,Medium
cmopjvql200c5z3r07gx5jbu8,blockchain-technology-uses-cryptocurrency-regulation,"Blockchain Technology — Uses, Cryptocurrency & Regulation",SCIENCE & TECHNOLOGY,GS3,"Distributed Ledger Technology, Decentralization, Immutability, Smart Contracts, National Blockchain Framework, Vishvasya Blockchain Stack, Central Bank Digital Currency (CBDC), Proof of Work vs Proof of Stake, Web 3.0, Cryptocurrencies, RBI Regulatory Sandbox, National Strategy on Blockchain, SC Garg Committee, Crypto-asset Regulation Bill, Permissioned vs Permissionless Blockchains, Hashing and Cryptography, Blockchain-as-a-Service (BaaS)","Evolution of blockchain from 1.0 to 3.0, Consensus mechanisms including Proof of Work and Proof of Stake, Smart contracts and decentralized applications, National Blockchain Framework (NBF) for governance, Central Bank Digital Currency (CBDC) and the Digital Rupee, Regulatory challenges of private cryptocurrencies in India, Impact of 30% tax on virtual digital assets, Role of blockchain in land records and certificate verification, Decentralized Finance (DeFi) and its regulatory oversight, Security vulnerabilities and 51% attacks, Scalability solutions like sharding and layer-two protocols, Application of blockchain in supply chain and healthcare, RBI’s stance on stablecoins and financial stability, Supreme Court judgement on the crypto banking ban (2020)",,,Medium
cmopjvonq00b6z3r0r0oddzqr,chemical-biological-weapons-conventions-threats,Chemical & Biological Weapons — Conventions & Threats,SCIENCE & TECHNOLOGY,GS3,"Chemical Weapons Convention, Biological Weapons Convention, Geneva Protocol 1925, Organisation for the Prohibition of Chemical Weapons, Australia Group, Weapons of Mass Destruction and their Delivery Systems (Prohibition of Unlawful Activities) Act 2005, Dual-use Technology, Verification and Inspection Regime, Non-proliferation of WMDs, Chemical Weapons Convention Act 2000, 1993 Chemical Weapons Convention, Bioterrorism and Public Health Preparedness, Schedule 1 2 and 3 Chemicals, Scomet List","Evolution and provisions of the 1925 Geneva Protocol, Chemical Weapons Convention (CWC) structure and mandate, Role and powers of the Organization for the Prohibition of Chemical Weapons (OPCW), Biological Weapons Convention (BWC) and its lack of verification mechanisms, India’s Chemical Weapons Convention Act 2000, Dual-use nature of chemicals and thiodiglycol regulation, Classification of monitored chemicals under CWC Schedules 1 2 and 3, Threat of non-state actors and chemical/biological terrorism, Technological advances in pathogen enhancement and synthetic biology, Australia Group and multilateral export control regimes, Impact of AI on bioweapon development and verification, Procedures for challenge inspections and declaration requirements, Bio-defense research and biosafety level 4 (BSL-4) facilities, Comparison between CWC and BWC implementation frameworks",,,Medium
cmopjvm0z00afz3r0pd3qo9ww,satellite-technology-insat-remote-sensing-applications,"Satellite Technology — INSAT, Remote Sensing & Applications",SCIENCE & TECHNOLOGY,GS3,"INSAT System, GSAT Series, Indian Remote Sensing (IRS) Satellites, Bhuvan Geoportal, NavIC (IRNSS), Polar Satellite Launch Vehicle (PSLV), Geostationary Satellite Launch Vehicle (GSLV), Indian Space Policy 2023, IN-SPACe, NewSpace India Limited (NSIL), Space Applications Centre (SAC), Cartosat Series, Resourcesat Series, Oceansat Series, South Asia Satellite (GSAT-9)","Evolution of INSAT and GSAT series in Indian telecommunications, Principles of remote sensing and electromagnetic spectrum, Applications of IRS data in agricultural crop acreage and yield estimation, Role of INSAT in meteorological observations and cyclone warning systems, Ground-based data reception and processing systems like IMDPS, Use of Synthetic Aperture Radar (SAR) for all-weather flood mapping, Remote sensing applications in groundwater potential zone mapping, Satellite-based tele-education and tele-medicine initiatives (EDUSAT), Role of Cartosat in urban planning and large-scale cartographic mapping, Oceansat applications in potential fishing zone (PFZ) identification, Hyperspectral imaging for mineral exploration and geological mapping, Satellite-aided search and rescue operations, Integration of satellite data with GIS for natural resource management, Comparison between Sun-synchronous and Geostationary orbits for different payloads, Impact of satellite technology on disaster management and risk reduction, Use of remote sensing in forest cover monitoring and biodiversity conservation",,,High
cmopjvonr00b7z3r046aemwpd,cybersecurity-threats-laws-national-cyber-policy,"Cybersecurity — Threats, Laws & National Cyber Policy",SCIENCE & TECHNOLOGY,GS3,"National Cyber Security Policy 2013, Information Technology Act 2000, Digital Personal Data Protection Act 2023, CERT-In, National Critical Information Infrastructure Protection Centre (NCIIPC), Section 66F of IT Act (Cyber Terrorism), Budapet Convention on Cybercrime, National Cyber Coordination Centre (NCCC), Cyber Swachhta Kendra, Justice K.S. Puttaswamy v. Union of India, Cyber Surakshit Bharat Initiative, National Cyber Security Coordinator, Cyber Crime Volunteers Program, Indian Cyber Crime Coordination Centre (I4C)","National Cyber Security Policy 2013 objectives and vision, Types of cyber threats including Malware, Phishing and DoS attacks, Role of CERT-In in incident response, Functions of National Critical Information Infrastructure Protection Centre (NCIIPC), Provisions of Information Technology Act 2000 and its amendments, Digital Personal Data Protection Act 2023, National Cyber Coordination Centre (NCCC) mandate, Cybersecurity challenges in critical sectors like banking and energy, Impact of cyber warfare and state-sponsored espionage, Budapest Convention and international cooperation, Strategies for building a 500,000-strong skilled workforce, Public-Private Partnership models in cybersecurity, E-governance security and Public Key Infrastructure, Cyber Surakshit Bharat and Cyber Swachhta Kendra initiatives",,,High
cmopjvqkj00c4z3r0gmai2uyn,human-genome-project-genomic-medicine,Human Genome Project & Genomic Medicine,SCIENCE & TECHNOLOGY,GS3,"Human Genome Project, Genome India Project, Pharmacogenomics, CRISPR-Cas9 Technology, Precision Medicine, Single Nucleotide Polymorphisms (SNPs), Ethical Legal and Social Issues (ELSI), Department of Biotechnology (DBT), IndiGen Programme, Genetic Data Privacy, Rare Diseases, Bioinformatics, Epigenetics, DNA Sequencing Technologies","History and objectives of the Human Genome Project, Difference between Sanger sequencing and Next-Generation Sequencing, Ethical Legal and Social Implications (ELSI) program, Genome India Project and its significance, Applications of pharmacogenomics in personalized medicine, Role of CRISPR-Cas9 in correcting monogenic disorders, Rare genetic diseases and orphan drugs, Whole genome sequencing vs Whole exome sequencing, Genetic privacy and the Data Protection Act, Impact of genomics on oncology and targeted therapies, Use of genomic epidemiology in tracking pathogen evolution, National Guidelines for Gene Therapy Product Development and Clinical Trials, Concept of Polygenic Risk Scores (PRS) for chronic diseases, Bioinformatics and the role of Big Data in discovery science",,,Medium
cmopjvpqk00bzz3r0fuepe48m,quantum-computing-principles-national-mission,Quantum Computing — Principles & National Mission,SCIENCE & TECHNOLOGY,GS3,"Qubits, Quantum Superposition, Quantum Entanglement, Quantum Decoherence, Quantum Supremacy, National Quantum Mission, Quantum Key Distribution, Quantum Cryptography, Shor's Algorithm, Grover's Algorithm, Quantum Sensing and Metrology, Post-Quantum Cryptography, Mission Coordination Cell, T-Hubs, Quantum Materials and Devices","Difference between classical bits and qubits, Quantum superposition and wave-particle duality, Quantum entanglement and spooky action at a distance, Quantum interference and constructive/destructive patterns, Quantum tunneling and its role in hardware, Quantum decoherence and error correction challenges, National Quantum Mission (NQM) four thematic hubs, Quantum Key Distribution (QKD) and secure communication, Quantum supremacy versus quantum advantage, Applications in drug discovery and molecular simulation, Shor's algorithm and threats to RSA encryption, Impact on financial portfolio optimization and logistics, India's QuEST program and MeitY quantum projects, Hardware implementations like superconducting circuits and trapped ions",,,High
cmopjvont00bgz3r0mfcxtgv0,gm-organisms-agriculture-ethics-biosafety-regulation,"GM Organisms — Agriculture, Ethics & Biosafety Regulation",SCIENCE & TECHNOLOGY,GS3,"Environment (Protection) Act 1986, Rules 1989, Genetic Engineering Appraisal Committee (GEAC), Review Committee on Genetic Manipulation (RCGM), Cartagena Protocol on Biosafety, Bt Cotton, DMH-11 Mustard, Bt Brinjal Moratorium, CRISPR-Cas9, Genetic Engineering vs Gene Editing, Institutional Biosafety Committee (IBSC), Recombinant DNA Advisory Committee (RDAC), Golden Rice & Biofortification, Horizontal Gene Transfer, Biological Diversity Act 2002","Provisions of Environment Protection Act 1986 and Rules 1989 for GMOs, Role and powers of Genetic Engineering Appraisal Committee (GEAC), Functioning of Review Committee on Genetic Manipulation (RCGM) and Institutional Biosafety Committee (IBSC), Biosafety Research Level (BRL) I and II field trial protocols, Case study of Bt Cotton commercialization and impact on yields, Analysis of the moratorium on Bt Brinjal and GM Mustard (DMH-11) controversies, Ethical concerns regarding ""playing God"" and crossing species barriers, Environmental risks including horizontal gene transfer and superweeds, Impact of GM seeds on farmer sovereignty and intellectual property rights, Comparison of Site-Directed Nucleases (SDN-1, SDN-2, and SDN-3) regulatory exemptions, Cartagena Protocol on Biosafety and international obligations, Food safety assessment and labeling requirements for GM foods, Socio-economic implications of corporate monopoly in the seed sector, Potential of genome editing for climate-resilient and nutrient-enriched crops",,,High
cmopjvmsz00arz3r0570pjtj0,make-in-india-in-defence-fdi-dpp-offset-policy,"Make in India in Defence — FDI, DPP & Offset Policy",SCIENCE & TECHNOLOGY,GS3,"Aatmanirbhar Bharat Abhiyaan, Defence Acquisition Procedure 2020, Strategic Partnership Model, Innovations for Defence Excellence (iDEX), Defence Production and Export Promotion Policy, Defence Industrial Corridors (UP and Tamil Nadu), FDI in Defence (74% Automatic Route), Defence Offset Policy, Negative Import Liberalisation List, SRIJAN Portal, Technology Development Fund, DRDO Reform (Vijay Raghavan Committee), Missions for Defence Space, Agniveer Scheme, Indigenisation of Defence Production, Inter-Governmental Agreements (IGAs)","FDI limits and routes in defence manufacturing, Defence Acquisition Procedure (DAP) 2020 procurement categories, Buy (Indian-IDDM) category requirements, Strategic Partnership Model for private sector participation, Defence Offset Policy and its impact on technology transfer, Positive Indigenisation Lists and import substitution, Innovations for Defence Excellence (iDEX) for startups, Defence Industrial Corridors in Uttar Pradesh and Tamil Nadu, Technology Development Fund (TDF) for R&D, SRIJAN portal for indigenisation, Defence Testing Infrastructure Scheme (DTIS), Role of MSMEs and private sector in defence production, Challenges of critical technology ownership vs licensed assembly, Impact of defence exports on strategic autonomy, Integration of AI and cyber warfare in indigenous platforms",,,High
cmopjvqkj00c3z3r0aandn1h1,internet-of-things-iot-cyber-physical-systems,Internet of Things (IoT) & Cyber-Physical Systems,SCIENCE & TECHNOLOGY,GS3,"Industry 4.0, Smart Cities Mission, Digital India Mission, National Strategy on Artificial Intelligence, National Cyber Security Policy, National Mission on Interdisciplinary Cyber-Physical Systems, Information Technology Act 2000, 5G and 6G Technology, Edge Computing, Digital Twin Technology, IPv6 Adoption, Big Data Analytics, Machine to Machine Communication, Critical Information Infrastructure, Data Protection and Privacy, Smart Grids, Industrial Internet of Things, Cybersecurity Threats and Defense Strategies","Four-layer and five-layer IoT architectures, Role of sensors and actuators in perception layers, Comparison of connectivity protocols (Wi-Fi, Bluetooth, LoRaWAN, Zigbee), Edge vs Cloud computing in data processing, Applications of IoT in precision agriculture and smart farming, IoT-driven industrial automation and Industry 4.0, Security challenges and data privacy in IoT ecosystems, Integration of AI and Machine Learning for predictive analytics, Role of IoT in healthcare and remote patient monitoring, Smart city infrastructure and urban resource management, Interoperability challenges and lack of unified communication protocols, Socio-economic impacts of IoT on labor markets and productivity, National Strategy on Internet of Things and regulatory frameworks, Environmental sustainability through IoT-based energy and water management",,,Medium
cmopjvons00bbz3r025q73dbw,nuclear-energy-thorium-programme-fast-breeder-reactors,Nuclear Energy — Thorium Programme & Fast Breeder Reactors,SCIENCE & TECHNOLOGY,GS3,"Three-Stage Nuclear Power Programme, Homi J. Bhabha, Pressurised Heavy Water Reactors (PHWR), Prototype Fast Breeder Reactor (PFBR), Thorium-232 and Uranium-233 Cycle, Closed Fuel Cycle, Department of Atomic Energy (DAE), Atomic Energy Act 1962, BHAVINI, Indira Gandhi Centre for Atomic Research (IGCAR), Mixed Oxide (MOX) Fuel, Advanced Heavy Water Reactor (AHWR), Civil Nuclear Deal (123 Agreement), Nuclear Power Corporation of India Limited (NPCIL)","Three-stage nuclear power programme of Homi J. Bhabha, Pressurised Heavy Water Reactors (PHWRs) and natural uranium fuel, Prototype Fast Breeder Reactor (PFBR) at Kalpakkam, Uranium-Plutonium Mixed Oxide (MOX) fuel, Conversion of Thorium-232 to Uranium-233, Role of monazite sands in Kerala and Odisha, Nuclear fuel recycling and closed fuel cycle, Small Modular Reactors (SMRs) and Molten Salt Reactors (MSRs), Civil liability for nuclear damage and SHANTI Act 2025, Partitioning and transmutation for nuclear waste management, Nuclear energy targets for 2047 (Viksit Bharat) and net-zero 2070, Strategic importance of BHAVINI and IGCAR in indigenous development, Challenges of uranium-233 handling and gamma radiation, Geopolitics of uranium imports and the Indo-US nuclear deal impacts",,,High
cmopjvmsr00aoz3r0bcqg8ysc,nuclear-non-proliferation-npt-ctbt-indias-position,"Nuclear Non-Proliferation — NPT, CTBT & India's Position",SCIENCE & TECHNOLOGY,GS3,"Treaty on the Non-Proliferation of Nuclear Weapons, Comprehensive Nuclear-Test-Ban Treaty, Fissile Material Cut-off Treaty, India's Three-Stage Nuclear Power Programme, Credible Minimum Deterrent, No First Use Policy, International Atomic Energy Agency Safeguards, Nuclear Suppliers Group, Missile Technology Control Regime, Wassenaar Arrangement, Australia Group, Pokhran-I (Operation Smiling Buddha), Pokhran-II (Operation Shakti), Civil Nuclear Liability Act, India-US Civil Nuclear Deal (123 Agreement)","Provisions of the Non-Proliferation Treaty (NPT) and its three pillars, India's rationale for not signing the NPT based on its discriminatory nature, Comprehensive Nuclear-Test-Ban Treaty (CTBT) and the ""entry into force"" clause, India’s voluntary moratorium on nuclear testing since 1998, Evolution of India's No First Use (NFU) policy and credible minimum deterrence, Impact of the 2008 Nuclear Suppliers Group (NSG) waiver on India's global nuclear trade, Separation of civilian and military nuclear facilities under the India-specific safeguards agreement, Role of the International Atomic Energy Agency (IAEA) and the Additional Protocol in India, Challenges to India's membership in the Nuclear Suppliers Group (NSG), Strategic implications of the Treaty on the Prohibition of Nuclear Weapons (TPNW) for India, Proposed Fissile Material Cut-off Treaty (FMCT) and India's stance on existing stockpiles, Evolution of the Zangger Committee and its relation to NPT Article III(2), Geopolitical impact of nuclear non-proliferation regimes on South Asian security dynamics, Institutional framework of the Civil Nuclear Cooperation Initiative (123 Agreement)",,,"=GEMINI(""You are a strict UPSC exam analyst. Rate the exam relevance of '""&C513&""' under ""&D513&"" (""&E513&"") as exactly one of: High, Medium, or Low. Use this strict distribution rule: only topics that appear in UPSC Mains almost every year get High. Topics examined occasionally get Medium. Topics rarely or never directly examined get Low. Be ruthless — not every topic is High. Return only the single word."")"
cmopjvmsr00anz3r0yf00xjh7,nuclear-doctrine-strategic-deterrence,Nuclear Doctrine & Strategic Deterrence,SCIENCE & TECHNOLOGY,GS3,"No First Use Policy, Credible Minimum Deterrence, Nuclear Triad, Nuclear Command Authority, Massive Retaliation, Strategic Forces Command, Pokhran-I and Pokhran-II, Second Strike Capability, Non-Proliferation Treaty (NPT), Comprehensive Nuclear-Test-Ban Treaty (CTBT), India-US Civil Nuclear Deal, Nuclear Suppliers Group (NSG)","Evolution of India's nuclear program from 1974 to 1998, Pillars of India's Draft Nuclear Doctrine 1999, No First Use (NFU) policy and its specific qualifications, Concept of Credible Minimum Deterrence (CMD), Massive retaliation and punitive second-strike capability, Structure and role of the Nuclear Command Authority (NCA), Strategic Forces Command (SFC) and its operational responsibility, Components of India's nuclear triad (Agni missiles, Mirage/Jaguar aircraft, Arihant-class submarines), Land-based ballistic missile systems (Prithvi and Agni series), Sea-based deterrence and development of SLBMs (K-15 and K-4), Negative security assurances to non-nuclear weapon states, India's stance on the Non-Proliferation Treaty (NPT) and Comprehensive Test Ban Treaty (CTBT), Membership in the Missile Technology Control Regime (MTCR) and Nuclear Suppliers Group (NSG) aspirations, Civil-military relations in nuclear decision-making, Impact of tactical nuclear weapons on regional strategic stability",,,"=GEMINI(""You are a strict UPSC exam analyst. Rate the exam relevance of '""&C514&""' under ""&D514&"" (""&E514&"") as exactly one of: High, Medium, or Low. Use this strict distribution rule: only topics that appear in UPSC Mains almost every year get High. Topics examined occasionally get Medium. Topics rarely or never directly examined get Low. Be ruthless — not every topic is High. Return only the single word."")"
cmopjvql400caz3r069h3eiti,e-governance-digital-india-negp-service-delivery,"E-Governance — Digital India, NeGP & Service Delivery",SCIENCE & TECHNOLOGY,GS3,"SMART Governance, Digital India Mission, National e-Governance Plan (NeGP), e-Kranti, JAM Trinity, G2C/G2B/G2G/G2E Models, BharatNet, UMANG App, DigiLocker, Common Service Centres (CSCs), Mission Mode Projects (MMPs), Digital Infrastructure as a Core Utility, IT Act 2000, Second Administrative Reforms Commission (11th Report), National Informatics Centre (NIC)","Evolution of National e-Governance Plan (NeGP) and NeGP 2.0, Nine pillars of Digital India Mission, Interaction models (G2C, G2B, G2G, G2E), Digital infrastructure as a core utility to every citizen, e-Kranti and electronic delivery of services, Impact of JAM Trinity on direct benefit transfer, Challenges of the digital divide and rural-urban disparity, Implementation of Mission Mode Projects (MMPs), Role of Common Service Centres (CSCs) in rural service delivery, SMART governance principles (Simple, Moral, Accountable, Responsive, Transparent), Legal and policy frameworks for data privacy and cybersecurity, Success stories of Aadhaar and UPI in financial inclusion, Issues of digital illiteracy and language barriers in e-governance, Use of AI and machine learning for predictive and personalized service delivery, Strategies for protecting critical information infrastructure assets",,,High
cmopjvpqc00bnz3r0xotd8kul,biofuel-ethanol-blending-biogas-policy,Biofuel — Ethanol Blending & Biogas Policy,SCIENCE & TECHNOLOGY,GS3,"National Policy on Biofuels 2018, Ethanol Blending Programme (EBP), 1G to 4G Biofuel Generations, PM JI-VAN Yojana, SATAT Scheme, GOBAR-Dhan Scheme, Global Biofuel Alliance, National Biofuel Coordination Committee (NBCC), Repurpose Used Cooking Oil (RUCO), E20 Fuel Target, Carbon Intensity Reduction, Sustainable Aviation Fuel (SAF)","National Policy on Biofuels 2018 and 2022 amendments, Generations of biofuels (1G to 4G) and their feedstocks, Ethanol Blended Petrol (EBP) Programme targets and roadmap, Pradhan Mantri JI-VAN Yojana for 2G ethanol, Sustainable Alternative Towards Affordable Transportation (SATAT) initiative for Compressed Biogas, Use of damaged and surplus foodgrains for ethanol production, GOBAR-dhan scheme for waste-to-wealth, Viability Gap Funding for second-generation biorefineries, National Biofuel Coordination Committee (NBCC) role, Impact of ethanol blending on food security and price stabilization, Global Biofuel Alliance (GBA) and international cooperation, Environmental benefits including GHG reduction and carbon sequestration, Challenges of feedstock availability and supply chain infrastructure, Socio-economic impacts on farmers' income and rural employment",,,High
cmopjvons00b9z3r06jt60az5,5g-technology-applications-security-concerns-rollout,"5G Technology — Applications, Security Concerns & Rollout",SCIENCE & TECHNOLOGY,GS3,"Enhanced Mobile Broadband (eMBB), Ultra-Reliable Low-Latency Communications (URLLC), Massive Machine-Type Communications (mMTC), Network Slicing, Massive MIMO, Beamforming, Software Defined Networking (SDN), Network Functions Virtualization (NFV), Open Radio Access Network (O-RAN), Edge Computing, Spectrum Allocation and Auction, National Digital Communications Policy 2018, Telecom Regulatory Authority of India (TRAI), Cyber Security and Data Sovereignty, Internet of Things (IoT), Industry 4.0","Evolution from 1G to 5G and technical specifications of IMT-2020, Key features of 5G including enhanced Mobile Broadband (eMBB) and Ultra-Reliable Low Latency Communications (URLLC), Massive Machine Type Communications (mMTC) and its role in IoT, Network Slicing and Software Defined Networking (SDN) in 5G architecture, Multi-access Edge Computing (MEC) and its impact on latency, Role of Millimeter-wave (mmWave) frequencies and Massive MIMO technology, Applications in Smart Cities and Industry 4.0 automation, 5G use cases in Tele-medicine and remote surgical procedures, Impact on Precision Agriculture and smart farming, Security vulnerabilities in 5G core networks and supply chain risks, Challenges in fiberization and backhaul infrastructure for 5G rollout, Spectrum allocation and management issues in India, Economic impact of 5G on digital economy and business models, Significance of 5G in autonomous vehicles and V2X communication, Potential for bridging the digital divide vs. infrastructure costs, Environmental and health concerns regarding high-frequency radiation and base station density",,,High
cmopjvm5300aiz3r0zsw3amu6,nuclear-energy-reactor-types-indias-nuclear-programme,"Nuclear Energy — Reactor Types, India's Nuclear Programme",SCIENCE & TECHNOLOGY,GS3,"Three-Stage Nuclear Power Programme, Homi J. Bhabha, Atomic Energy Act 1962, Pressurised Heavy Water Reactor (PHWR), Prototype Fast Breeder Reactor (PFBR), Thorium Utilization, Uranium-233, Bhabha Atomic Research Centre (BARC), Department of Atomic Energy (DAE), Nuclear Liability Act 2010, Small Modular Reactors (SMRs), Pressurized Water Reactor (VVER), Advanced Heavy Water Reactor (AHWR), Global Centre for Nuclear Energy Partnership (GCNEP)","Three-stage nuclear power programme and the role of Homi J. Bhabha, Pressurised Heavy Water Reactors (PHWRs) and natural uranium utilisation, Fast Breeder Reactors (FBRs) and the Prototype Fast Breeder Reactor (PFBR) at Kalpakkam, Thorium-based reactors and the role of Uranium-233, Closed nuclear fuel cycle and nuclear waste management, Comparison between Light Water Reactors (LWRs) and PHWRs, Advanced Heavy Water Reactor (AHWR) and its significance for stage three, Small Modular Reactors (SMRs) and their potential in India, Institutional framework of the Department of Atomic Energy (DAE) and BHAVINI, Civil nuclear deals and India's membership in the Global Nuclear Order, Nuclear safety and the role of the Atomic Energy Regulatory Board (AERB), Indigenous vs imported uranium and the impact of international trade bans, Nuclear energy's role in achieving India's Net Zero 2070 commitment, Strategic vs civilian nuclear facilities and international safeguards (IAEA)",,,Medium
cmopjvql300c8z3r0awfeqe0z,robotics-automation-industry-40-employment-impact,Robotics & Automation — Industry 4.0 & Employment Impact,SCIENCE & TECHNOLOGY,GS3,"National Strategy for Robotics, National Mission on Interdisciplinary Cyber-Physical Systems, Industry 4.0, Artificial Intelligence for All (#AIforAll), Job-Loss Growth, Reskilling and Upskilling, Internet of Things (IoT), National Program on Artificial Intelligence, SAMARTH Udyog Bharat 4.0, Universal Basic Income, Digital India Bhashini, Ethical AI and Robotics, Automation-Led Displacement, Future of Jobs Report, Cyber-Physical Systems (CPS)","Evolution of industrial robots from 3-H tasks to collaborative robots (cobots), Impact of automation on routine manual vs non-routine cognitive tasks, Job displacement trends in manufacturing and textile sectors, Skills gap and the necessity of upskilling and reskilling initiatives, Emergence of new roles in AI oversight and data science, Gender and racial disparities in automation-led job losses, Role of Industry 4.0 in reshoring supply chains to developed nations, Economic implications of robot density on labor productivity and GVA, Ethical dilemmas of AI in recruitment and workplace monitoring, Policy frameworks for universal basic income and robot taxation, Impact of automation on small and medium enterprises (SMEs) competitiveness, Psychological effects of automation on worker stress and job satisfaction, Role of Mission Karmayogi in preparing civil services for digital transition, National Strategy on Robotics and its alignment with Make in India 2.0",,,Medium
cmopjvql300c7z3r0sgpf3zvf,social-media-regulation-misinformation-internal-security,"Social Media — Regulation, Misinformation & Internal Security",SCIENCE & TECHNOLOGY,GS3,"Information Technology Act 2000, Section 69A of IT Act, IT Rules 2021, Shreya Singhal v. Union of India, Digital Personal Data Protection Act 2023, Article 19(1)(a), Article 19(2), Digital India Act, Intermediary Liability and Safe Harbour, Deepfakes and Synthetic Media, Right to Privacy (Article 21), Algorithmic Accountability, Fact-checking Units, News Broadcasting and Digital Standards Authority (NBDSA), Shanta Kumar Committee recommendations on PDS restructuring (irrelevant here but requested format mimics existing cell style), Cybersecurity and Internal Security threats, Fake News and Misinformation Management, Online Child Safety and Age-Gating, EU Digital Services Act (comparative study)","Information Technology (Intermediary Guidelines and Digital Media Ethics Code) Rules 2021, Safe Harbour protection under Section 79 of the IT Act 2000, Identification of the first originator of information (Traceability), Role of Chief Compliance Officer and Resident Grievance Officer, Three-tier grievance redressal mechanism for digital media, Impact of social media on communal harmony and radicalization, Regulation of deepfakes and AI-generated misinformation, Obligations of Significant Social Media Intermediaries (SSMIs), Content takedown timelines and due diligence requirements, Balancing national security with the Right to Privacy (Article 21), Challenges of end-to-end encryption and law enforcement, Use of automated tools for proactive content monitoring, Regulation of OTT platforms and digital news publishers, Impact of social media on election integrity and democratic processes",,,High
cmopjvqpg00cdz3r0qn8xei0g,nanotechnology-principles-applications-indias-nano-mission,"Nanotechnology — Principles, Applications & India's Nano Mission",SCIENCE & TECHNOLOGY,GS3,"Nano Mission (2007), Nano Science and Technology Initiative (NSTI), Quantum Confinement, Surface-to-volume ratio, Carbon Nanotubes and Graphene, Targeted Drug Delivery, Nano-fertilizers and Nano-pesticides, Molecular Self-assembly (Bottom-up approach), Photolithography (Top-down approach), Ethical, Legal and Social Issues (ELSI), Environmental Health and Safety (EHS), Quantum Dots, Nanotoxicity, National Deep-Tech Policy, JNCASR and INST Mohali","Top-down and bottom-up approaches to nanofabrication, Quantum confinement and surface area-to-volume ratio effects, Properties and applications of Graphene and Carbon Nanotubes, Targeted drug delivery systems and nanomedicine, Nano-fertilisers and nano-pesticides in precision agriculture, Nanoscale transistors and molecular electronics, Quantum dots in display technology and medical imaging, Environmental remediation using nano-filters and nanocatalysts, Health risks of nanoparticle accumulation and toxicology, Objectives and achievements of India's Nano Mission (2007), Ethical and regulatory challenges of nanotechnology in India, Impact of nanomaterials on food packaging and safety, Nanotechnology in renewable energy storage and solar cells, Tissue nano-transfection and regenerative medicine applications",,,Medium
cmopjvons00baz3r0vcv4025i,intellectual-property-rights-patents-copyright-trips,"Intellectual Property Rights — Patents, Copyright & TRIPS",SCIENCE & TECHNOLOGY,GS3,"Patents Act 1970, Copyright Act 1957, WTO TRIPS Agreement, National IPR Policy 2016, Section 3(d) of Indian Patents Act, Patent Evergreening, Compulsory Licensing, Doha Declaration on Public Health, WIPO (World Intellectual Property Organization), Geographical Indications of Goods Act 1999, Trademarks Act 1999, Protection of Plant Varieties and Farmers Rights Act 2001, Traditional Knowledge Digital Library (TKDL), Intellectual Property Rights Policy Management (IPRPM) Framework, Universal Declaration of Human Rights Article 27","Difference between product and process patents, Section 3(d) of Indian Patents Act and evergreening, Compulsory licensing provisions under TRIPS, National IPR Policy 2016 objectives and pillars, Role of Cell for IPR Promotion and Management (CIPAM), Traditional Knowledge Digital Library (TKDL) and biopiracy, Impact of TRIPS on affordable access to medicines, Protection of Plant Varieties and Farmers Rights Act (PPVFRA) 2001, Intellectual property issues in Artificial Intelligence and Big Data, Geographical Indications of Goods Act 1999 and regional economic development, Fair dealing and copyright infringement in the digital age, WIPO-administered treaties like the Paris and Berne Conventions, Data exclusivity vs data protection debate, IPR challenges in the Startup India and Make in India ecosystems, Enforcement mechanisms and specialized IP courts in India",,,High
cmopjvmyp00asz3r01qac9nx1,india-usa-nuclear-deal-nsg-waiver,India-USA Nuclear Deal & NSG Waiver,SCIENCE & TECHNOLOGY,GS3,"123 Agreement, Nuclear Suppliers Group (NSG) Waiver, Hyde Act 2006, International Atomic Energy Agency (IAEA) Safeguards, Additional Protocol, Non-Proliferation Treaty (NPT), Civil Liability for Nuclear Damage Act 2010, Separation Plan (Civilian vs Military), Fissile Material Cut-off Treaty (FMCT), Pokhran-I (Smiling Buddha), Pokhran-II (Operation Shakti), Strategic Reserve of Nuclear Fuel, Comprehensive Test Ban Treaty (CTBT) Status, Department of Atomic Energy (DAE), India-Specific Safeguards Agreement (ISSA)","Provisions of the 123 Agreement and Section 123 of the US Atomic Energy Act, Impact of the 2008 NSG Waiver on India's nuclear commerce, Separation of civilian and military nuclear facilities, Role of IAEA safeguards and the Additional Protocol, Significance of the Hyde Act 2006, Challenges of the Civil Liability for Nuclear Damage Act 2010, Impact of the US Entity List on Indian nuclear research organizations like BARC and IGCAR, Geopolitical implications for India-Pakistan and India-China nuclear dynamics, Status of the India-specific safeguards agreement, Strategic significance of Small Modular Reactors (SMRs) and 10CFR810 authorization, Role of the Nuclear Suppliers Group (NSG) and India's membership quest, Impact on India's energy security and uranium fuel supply, Relationship between the deal and India's non-signatory status to the NPT, Cooperation under the Initiative on Critical and Emerging Technology (iCET) for nuclear energy",,,Medium
cmopjvm5500ajz3r03c0qxqly,nuclear-safety-accidents-radiation-public-concerns,"Nuclear Safety — Accidents, Radiation & Public Concerns",SCIENCE & TECHNOLOGY,GS3,"Atomic Energy Act 1962, Civil Liability for Nuclear Damage Act 2010, Atomic Energy Regulatory Board (AERB), International Atomic Energy Agency (IAEA), Convention on Nuclear Safety, Three Mile Island, Chernobyl and Fukushima Disasters, Nuclear Power Corporation of India Limited (NPCIL), Department of Atomic Energy (DAE), Radiation Protection Rules, Environmental Impact Assessment (EIA), Nuclear Waste Management Policy, Pressurized Heavy Water Reactors (PHWR) Safety Standards, Radioactive Waste Management, National Disaster Management Authority (NDMA) Guidelines on Nuclear Emergencies","Atomic Energy Act 1962 and regulatory role of AERB, Civil Liability for Nuclear Damage Act 2010, Three-tier safety philosophy (Design level, Operation level, and Emergency preparedness), Management of High-Level Radioactive Waste (HLW) and Vitrification, Environmental and health impacts of ionizing radiation, Lessons from Fukushima Daiichi and Chernobyl disasters, NDMA guidelines on management of nuclear and radiological emergencies, Radiation protection rules and dose limits for occupational workers, Safety protocols for transport of radioactive materials, Public perception and socio-economic concerns regarding nuclear power plants, International Atomic Energy Agency (IAEA) safety standards and peer reviews, Site selection criteria for Nuclear Power Plants in ecologically sensitive areas",,,"=GEMINI(""You are a strict UPSC exam analyst. Rate the exam relevance of '""&C524&""' under ""&D524&"" (""&E524&"") as exactly one of: High, Medium, or Low. Use this strict distribution rule: only topics that appear in UPSC Mains almost every year get High. Topics examined occasionally get Medium. Topics rarely or never directly examined get Low. Be ruthless — not every topic is High. Return only the single word."")"
cmopjvqpg00cgz3r03sfe12gc,bioinformatics-precision-medicine,Bioinformatics & Precision Medicine,SCIENCE & TECHNOLOGY,GS3,"Human Genome Project, Next-Generation Sequencing, Pharmacogenomics, CRISPR-Cas9, Gene Therapy, Big Data in Healthcare, Artificial Intelligence in Genomics, Personalized Medicine, Rare Diseases and Genetic Disorders, DNA Microarray Technology, Data Privacy and Ethics in Genomics, Liquid Biopsy, Biomarkers, Genome-Wide Association Studies, National Strategy for Genomics and Health Care Innovation","Next-generation sequencing (NGS) and third-generation sequencing, Human Genome Project and its legacy, Multi-omics data integration (Genomics, Proteomics, Metabolomics), Pharmacogenomics and drug metabolism, CRISPR/Cas9 and genome editing technologies, Targeted therapies in oncology and biomarker discovery, Ethical and legal issues in genetic data privacy, Role of Artificial Intelligence and Machine Learning in genomic analysis, Liquid biopsy and cell-free DNA profiling, Challenges of genomic data storage and bioinformatics infrastructure, Rare genetic disorder diagnostics and precision medicine, Impact of genetic diversity and population-specific genomic databases",,,"=GEMINI(""You are a strict UPSC exam analyst. Rate the exam relevance of '""&C525&""' under ""&D525&"" (""&E525&"") as exactly one of: High, Medium, or Low. Use this strict distribution rule: only topics that appear in UPSC Mains almost every year get High. Topics examined occasionally get Medium. Topics rarely or never directly examined get Low. Be ruthless — not every topic is High. Return only the single word."")"
cmopjvql400cbz3r04a8aho02,bio-piracy-traditional-knowledge-protection,Bio-piracy & Traditional Knowledge Protection,SCIENCE & TECHNOLOGY,GS3,"Traditional Knowledge Digital Library (TKDL), Biological Diversity Act 2002, Nagoya Protocol, Convention on Biological Diversity (CBD), Section 3(p) of the Patents Act 1970, Access and Benefit Sharing (ABS), Intellectual Property Rights (IPR) and TRIPS Agreement, Article 8(j) of CBD, People's Biodiversity Register (PBR), National Biodiversity Authority (NBA), Sui Generis Systems, Prior Informed Consent (PIC), WIPO Intergovernmental Committee on Intellectual Property and Genetic Resources, Protection of Plant Varieties and Farmers' Rights Act 2001","Definition and types of biopiracy, Difference between biopiracy and bioprospecting, Traditional Knowledge Digital Library (TKDL) and its role, Provisions of the Biological Diversity Act 2002, Nagoya Protocol on Access and Benefit Sharing, Landmark cases: Turmeric and Neem patents, Basmati rice vs RiceTec case study, Role of the Patents Act 1970 (Section 3p), WIPO Treaty on Intellectual Property Genetic Resources and Associated Traditional Knowledge 2024, Concept of Prior Informed Consent (PIC) and Mutually Agreed Terms (MAT), Protection of Geographical Indications in context of traditional resources, Role of CSIR in defensive protection of traditional knowledge, Disclosure of origin requirements in patent applications, Impact of biopiracy on indigenous rights and biodiversity conservation",,,Medium
cmopjvmsr00amz3r02cu3d5io,gps-navigation-systems-navic-geostrategic-importance,GPS & Navigation Systems — NavIC & Geostrategic Importance,SCIENCE & TECHNOLOGY,GS3,"NavIC, IRNSS, GAGAN, Global Navigation Satellite System, Geostationary Orbit, Geosynchronous Orbit, Standard Positioning Service, Restricted Service, Rubidium Atomic Clocks, Satellite Based Augmentation System, L5 and S bands, Space Segment, Ground Segment, User Segment, NVS series satellites, Geostrategic Sovereignty, GNSS Interoperability, Positioning Navigation and Timing, Master Control Facility, ISRO Navigation Centre","Comparison of NavIC with GPS and other GNSS, Components of the IRNSS space segment (GEO and GSO satellites), Ground segment architecture (IRSCF and INC), Dual-frequency signals in L5 and S bands, Standard Positioning Service (SPS) vs Restricted Service (RS), Strategic significance of NavIC for national security and defense, Role of indigenous Rubidium atomic clocks in NVS-01, Applications in disaster management and fleet tracking, Geostrategic importance of 1500 km regional coverage, Integration of NavIC with 3GPP and mobile handsets, Challenges of atomic clock failures and satellite replenishment, Impact of the 1999 Kargil War on India's navigation policy, Future expansion plans for the 11-satellite constellation, Synergy between NavIC and GAGAN for aviation safety",,,Medium
cmopjvluw00acz3r08h18ur7h,isro-history-missions-launch-vehicles,"ISRO — History, Missions & Launch Vehicles",SCIENCE & TECHNOLOGY,GS3,"INCOSPAR, Department of Space, Space Commission, Polar Satellite Launch Vehicle, Geosynchronous Satellite Launch Vehicle, LVM3, Chandrayaan Missions, Mars Orbiter Mission, Gaganyaan, NavIC, Aditya-L1, NewSpace India Limited, IN-SPACe, Space Activities Bill, Satish Dhawan Space Centre, Vikram Sarabhai Space Centre, SSLV, AstroSat, Scramjet Engine, Reusable Launch Vehicle","Evolution of launch vehicles from SLV-3 to SSLV, Cryogenic engine technology and indigenization, Chandrayaan missions and lunar water discovery, Mars Orbiter Mission (MOM) and its cost-effectiveness, Gaganyaan human spaceflight programme and astronaut training, Aditya-L1 solar observatory and Lagrangian points, NAVIC (IRNSS) regional navigation system, Space Situational Awareness (SSA) and Project NETRA, Role of NewSpace India Limited (NSIL) and IN-SPACe in privatization, Reusable Launch Vehicle (RLV-TD) technology, Satellite communication applications in disaster management and tele-education, India's own space station project (BAS), Gaganyaan-Axiom-4 international collaboration, Space debris management and Kessler Syndrome, International space treaties and India's Space Activities Bill",,,High
cmopjvmsr00apz3r0hsnq6suf,chandrayaan-mangalyaan-gaganyaan-indias-space-missions,"Chandrayaan, Mangalyaan & Gaganyaan — India's Space Missions",SCIENCE & TECHNOLOGY,GS3,"Chandrayaan-1, Chandrayaan-2, Chandrayaan-3, Mars Orbiter Mission (Mangalyaan), Gaganyaan Mission, LVM3 (GSLV Mk III), Indian Space Policy 2023, IN-SPACe, NewSpace India Limited (NSIL), Cryogenic Engine Technology, Low Earth Orbit (LEO), Soft Landing Technology, Space Station Projects, Human Space Flight Centre (HSFC), Vyommitra, Lunar South Pole Exploration, Interplanetary Missions, Space Sector Reforms","Objectives and payloads of Chandrayaan-3 mission, Significance of soft landing on the lunar South Pole, Evolution of India's lunar program from Chandrayaan-1 to 3, Mangalyaan mission and its cost-effective space exploration model, Technological objectives of the Mars Orbiter Mission (MOM), Gaganyaan mission and indigenous human spaceflight capability, Role of LVM3 and GSLV Mk III in heavy-lift and crewed missions, Spectro-polarimetry of Habitable Planet Earth (SHAPE) experiment, Lunar surface thermophysical and seismic studies (ChaSTE and ILSA), Near-surface plasma density measurements (RAMBHA-LP), Chemical and mineralogical analysis using APXS and LIBS, Key features of the Vikram lander and Pragyan rover, Importance of cryogenic engine technology in space missions, Strategic and geopolitical significance of India's space achievements",,,High
cmopjvonr00b8z3r0p076whxn,genetic-engineering-recombinant-dna-technology,Genetic Engineering & Recombinant DNA Technology,SCIENCE & TECHNOLOGY,GS3,"Genetic Engineering Appraisal Committee (GEAC), CRISPR-Cas9, Cartagena Protocol on Biosafety, Environment Protection Act 1986, Recombinant DNA Technology, Somatic vs Germline Gene Therapy, Genetically Modified Organisms (GMOs), DNA Ligase and Restriction Enzymes, Polymerase Chain Reaction (PCR), Biotechnology Regulatory Authority Act 2024, Bt Cotton and GM Mustard (DMH-11), BioE3 Policy, Genome Editing vs Gene Therapy, Molecular Cloning and Vectors, Human Genome Project","Tools and enzymes in recombinant DNA technology including restriction endonucleases and ligases, Process of gene cloning and use of vectors like plasmids and Agrobacterium tumefaciens, Polymerase Chain Reaction (PCR) and its applications in diagnostics and research, CRISPR-Cas9 mechanism and its components like guide RNA and Cas9 enzyme, Applications of genetic engineering in agriculture for yield and pest resistance, Somatic vs germline gene editing and associated ethical concerns, Role of GEAC and regulatory framework for GM crops in India, Gene therapy for treating single-gene disorders like sickle cell anemia, Molecular diagnostics including ELISA and DNA sequencing techniques, Production of recombinant vaccines and therapeutic proteins like insulin, Difference between traditional breeding and precise genetic modification, Recent advancements like Zinc Finger Nucleases (ZFNs) and TALENs, Environmental applications of genetic engineering such as bioremediation, Impact of CRISPR on industrial biotechnology and microorganism engineering",,,High
cmopjvpqd00bpz3r00hicoysw,energy-storage-battery-technology-grid-management,Energy Storage — Battery Technology & Grid Management,SCIENCE & TECHNOLOGY,GS3,"Battery Energy Storage Systems (BESS), PLI Scheme for Advanced Chemistry Cell (ACC), Viability Gap Funding (VGF) for BESS, National Programme on Advanced Chemistry Cell (NPACC), Grid Stability and Frequency Regulation, Lithium-ion vs Solid-State Batteries, Pumped Storage Projects (PSP), Energy Storage Obligation (ESO), Time-of-Day (ToD) Tariffs, Critical Minerals (Lithium, Cobalt, Nickel), Battery Waste Management Rules 2022, Peak Load Shifting and Arbitrage, National Energy Storage Mission, Distributed Renewable Energy (DRE)","Intermittency problem and renewable energy integration, Comparison of Lithium-ion vs Solid-state vs Flow batteries, Working principle of Battery Management Systems (BMS), Role of Power Conversion Systems (PCS) in grid synchronization, Pumped Hydroelectric Storage (PHS) and its mechanical efficiency, Flywheel and Compressed Air Energy Storage (CAES) mechanisms, Molten salt and thermal energy storage in solar plants, Grid stabilization services like frequency and voltage regulation, Viability Gap Funding (VGF) scheme for BESS projects, PLI scheme for Advanced Chemistry Cell (ACC) battery manufacturing, Environmental impact and recycling of battery waste, Role of BESS in peak load shaving and energy arbitrage, National Framework for Energy Storage Systems, Comparison of Sodium-ion and Zinc-air battery technologies, Hydrogen storage and fuel cell technology applications",,,Medium
cmopjvonq00b4z3r0nztsqg1i,cyber-warfare-electronic-intelligence,Cyber Warfare & Electronic Intelligence,SCIENCE & TECHNOLOGY,GS3,"National Cyber Security Policy 2013, Information Technology Act 2000, Digital Personal Data Protection Act 2023, CERT-In, National Critical Information Infrastructure Protection Centre (NCIIPC), Budapest Convention on Cybercrime, Cyber Swachhta Kendra, Signal Intelligence (SIGINT), Electronic Intelligence (ELINT), Critical Information Infrastructure (CII), Fifth Dimension of Warfare, Indian Cyber Crime Coordination Centre (I4C)","Definition and evolution of cyber warfare in 21st-century statecraft, Technical mechanics of Stuxnet and its impact on SCADA systems, Vulnerabilities of Industrial Control Systems (ICS) and Programmable Logic Controllers (PLCs), Concepts of IT and OT convergence in critical infrastructure security, Role of Electronic Intelligence (ELINT) and Signal Intelligence (SIGINT) in modern warfare, Cyber-physical resilience and defense against kinetic impact attacks, Legal and ethical challenges of attribution in state-sponsored cyberattacks, Implications of the Tallinn Manual on International Law applicable to Cyber Operations, Comparative analysis of Ukraine power grid hacks and Colonial Pipeline ransomware, Application of Artificial Intelligence in automated vulnerability discovery and defense, Impact of cyber warfare on civilian essential services and the Purdue Model, Proliferation of nation-state cyber weapons and the global digital arms race, National Cyber Security Strategy and the role of the National Critical Information Infrastructure Protection Centre (NCIIPC), Strategies for network segmentation and air-gapping in high-security environments",,,High
cmopjvql400c9z3r00ygkawdq,biotechnology-in-medicine-vaccines-biosimilars-gene-therapy,"Biotechnology in Medicine — Vaccines, Biosimilars & Gene Therapy",SCIENCE & TECHNOLOGY,GS3,"Recombinant DNA Technology, Gene Therapy, CRISPR-Cas9, Monoclonal Antibodies, CAR-T Cell Therapy, Stem Cell Therapy, Biosimilars Guidelines 2016, Pharmacogenomics, DNA Vaccines, RNA Interference, Molecular Diagnostics, Ethical Issues in Human Genome Editing, Drugs and Cosmetics Act 1940, National Biopharma Mission, Genome India Project","Recombinant DNA technology in medicine, Mechanisms of mRNA and DNA vaccines, CAR-T cell therapy applications and challenges, CRISPR-Cas9 for treating genetic disorders, Regulatory framework for biosimilars in India, Principles of pharmacogenomics and personalized medicine, Monoclonal antibodies in cancer immunotherapy, Viral vectors and non-viral delivery systems in gene therapy, Molecular diagnostics using PCR and ELISA, Ethical concerns of germline gene editing, Stem cell therapy and regenerative medicine, Production of genetically engineered insulin and steroids, Human Genome Project and its medical implications, Biosafety and patenting issues in medical biotechnology",,,High
cmopjvqpg00cez3r0t5wlp56g,nanotechnology-in-medicine-agriculture-environment,"Nanotechnology in Medicine, Agriculture & Environment",SCIENCE & TECHNOLOGY,GS3,"Targeted Drug Delivery, Nano-fertilizers, Nano-pesticides, National Nanotechnology Mission, Nano Science and Technology Initiative, Nano-biosensors, Bioremediation, Nano-toxicity, Carbon Nanotubes, Lab-on-a-chip, Nano-silver, Food Safety and Standards Authority of India, Quantum Dots, Photothermal Therapy, Nanobots","Targeted drug delivery systems and nanocarriers, Nanodiagnostics and early detection of cancer, Nano-vaccines and adjuvant development, Nano-fertilizers for regulated nutrient release, Nano-pesticides and nano-herbicides for precision farming, Nanotechnology in food packaging and preservation, Nanosensors for pathogen and toxin detection, Bioremediation using nanoparticles for soil and water, Nanomaterials for wastewater treatment and desalination, Environmental impacts and toxicity of nanoparticles (Nanotoxicology), Carbon nanotubes and graphene applications, Regulatory framework and ethical concerns of nanotechnology in India",,,High
cmopjvmz200avz3r0b1slngjf,stealth-technology-drones-uavs-modern-warfare,"Stealth Technology, Drones (UAVs) & Modern Warfare",SCIENCE & TECHNOLOGY,GS3,"Radar Cross Section (RCS), Unmanned Aircraft System (UAS) Rules 2021, Drone Shakti Scheme, Production Linked Incentive (PLI) Scheme for Drones, Lethal Autonomous Weapons Systems (LAWS), Intelligence Surveillance and Reconnaissance (ISR), Directed Energy Weapons (DEWs), Counter-Unmanned Aircraft Systems (C-UAS), Digital Sky Platform, Swarm Drone Technology, Stealth Signature Management, Loitering Munitions, Multi-spectral Camouflage, Precision-Guided Munitions (PGMs), Electronic Warfare (EW) in Modern Conflict","Radar Cross-Section (RCS) reduction techniques, Materials for radar-absorbent coatings (RAM), Multi-spectral signature management (Infrared and Visual), Flying-wing design and aerodynamic shaping for stealth, Classification of UAVs by altitude (HALE/MALE) and range, loitering munitions and kamikaze drones, Manned-Unmanned Teaming (MUM-T) and Loyal Wingman concepts, Drone swarm technology and decentralized coordination, Counter-UAS technologies (Jamming and Directed Energy Weapons), Precision strike and targeted killings in modern warfare, Integration of Artificial Intelligence (AI) in autonomous targeting, Ethical and legal challenges of lethal autonomous weapon systems, Impact of drones on asymmetric warfare and non-state actors, ISR (Intelligence, Surveillance, and Reconnaissance) capabilities and transparent battlefields, Challenges of detecting ""low slow and small"" (LSS) drones.",,,"=GEMINI(""You are a strict UPSC exam analyst. Rate the exam relevance of '""&C535&""' under ""&D535&"" (""&E535&"") as exactly one of: High, Medium, or Low. Use this strict distribution rule: only topics that appear in UPSC Mains almost every year get High. Topics examined occasionally get Medium. Topics rarely or never directly examined get Low. Be ruthless — not every topic is High. Return only the single word."")"
cmopjvonu00bkz3r082c7ed3c,wind-energy-offshore-onshore-development,Wind Energy — Offshore & Onshore Development,SCIENCE & TECHNOLOGY,GS3,"National Offshore Wind Energy Policy 2015, National Wind-Solar Hybrid Policy 2018, National Institute of Wind Energy, Renewable Purchase Obligations, Exclusive Economic Zone, Net Zero by 2070, Repowering and Refurbishment Policy 2024, Intermittency and Grid Integration, Offshore Wind Energy Tenders, Energy Security, Decarbonization, Green Hydrogen Mission, Global Wind Energy Council, Article 48A, Article 51A(g)","Technical potential and installed capacity at different hub heights, National Offshore Wind Energy Policy 2015, Challenges in grid integration and transmission infrastructure, Economics of repowering old wind turbines, Comparison between onshore and offshore wind energy efficiencies, Environmental impact on marine ecosystems and avian species, National Wind-Solar Hybrid Policy 2018, Role of National Institute of Wind Energy, Viability Gap Funding for offshore projects, Offshore Wind Energy Lease Rules 2023, Impact of seasonal variability on capacity utilization factor, Localization and domestic manufacturing in wind turbine supply chains, Floating offshore wind turbine technology, Role of wind energy in achieving Net Zero goals by 2070",,,Medium
cmopjvmbz00akz3r0fr7umpn7,space-debris-international-space-law,Space Debris & International Space Law,SCIENCE & TECHNOLOGY,GS3,"Outer Space Treaty 1967, Liability Convention 1972, Registration Convention 1975, Kessler Syndrome, Space Debris Mitigation Guidelines (UNCOPUOS), Inter-Agency Space Debris Coordination Committee (IADC), Project NETRA, ISRO System for Safe and Sustainable Space Operations Management (IS4OM), Active Debris Removal (ADR), Artemis Accords, Kessler Effect, ClearSpace-1, Rescue Agreement 1968, Moon Agreement 1979","Definition and classification of space debris, Kessler Syndrome and cascading collision risks, Outer Space Treaty 1967 and its environmental obligations, Liability Convention 1972 and fault-based vs absolute liability, Registration Convention 1975 and tracking of space objects, UNCOPUOS Space Debris Mitigation Guidelines, Inter-Agency Space Debris Coordination Committee (IADC) role, Active Debris Removal (ADR) technologies and legal challenges, Space situational awareness and global monitoring systems, Environmental impact of re-entry on Earth's atmosphere, Geopolitics of Anti-Satellite (ASAT) tests and debris generation, Concept of space as a global commons and tragedy of the commons, India's Project NETRA and IS4OM initiative, Long-term sustainability of outer space activities (LTS Guidelines)",,,Medium
cmopjubjn001q13jjvkgmrtuo,cold-war-phases-proxy-wars-detente,"Cold War — Phases, Proxy Wars & Detente",WORLD HISTORY,GS1,"Truman Doctrine, Marshall Plan, NATO, Warsaw Pact, Iron Curtain, Containment Policy, Détente, Cuban Missile Crisis, Berlin Blockade, Korean War, Vietnam War, Space Race, SALT I and II, Non-Aligned Movement, Glasnost, Perestroika","Ideological clash between capitalism and communism, Truman Doctrine and Containment Policy, Marshall Plan and Molotov Plan, Berlin Blockade and the division of Germany, Formation of NATO and the Warsaw Pact, Korean War (1950-1953), Cuban Missile Crisis (1962), Vietnam War and the partition at the 17th parallel, Period of Detente and the SALT I and II treaties, Soviet-Afghan War (1979-1989), Space Race and technological competition, Mikhail Gorbachev's reforms of Glasnost and Perestroika, Fall of the Berlin Wall and German Reunification, Collapse of the Soviet Union and end of bipolarity, India's role in the Non-Aligned Movement (NAM)",,,Medium
cmopjucek001w13jjmafabjd6,israel-palestine-conflict-history-current-status,Israel-Palestine Conflict — History & Current Status,WORLD HISTORY,GS1,"Sykes-Picot Agreement, Balfour Declaration 1917, Hussein-McMahon Correspondence, British Mandate for Palestine, UN Partition Plan (Resolution 181), 1948 Arab-Israeli War, Six-Day War 1967, UN Resolution 242, Yom Kippur War 1973, Camp David Accords 1978, Oslo Accords 1993, Two-State Solution, Abraham Accords, Right of Return, Status of Jerusalem","Historical roots of Zionism and Arab nationalism, Sykes-Picot Agreement and Balfour Declaration, British Mandate and the 1936-1939 Arab Revolt, United Nations Partition Plan (Resolution 181), 1948 Arab-Israeli War and the Nakba, 1967 Six-Day War and Israeli occupation of territories, 1973 Yom Kippur War and Camp David Accords, First and Second Intifadas, Oslo Accords and the Two-State Solution framework, Expansion of Israeli settlements in the West Bank, Status of Jerusalem and Holy Sites, Gaza Strip blockade and humanitarian crisis, Abraham Accords and shifting regional geopolitics, India's historical and current ""de-hyphenated"" policy towards Israel and Palestine",,,Medium
cmopjubjn001u13jjxgecitqe,socialism-features-variants-decline,"Socialism — Features, Variants & Decline",WORLD HISTORY,GS1,"Marxism, Bolshevik Revolution, Utopian Socialism, Fabians, Democratic Socialism, Lenin's New Economic Policy, Stalinist Model, Cold War Geopolitics, Perestroika and Glasnost, Collapse of the Soviet Union, Maoism, Command Economy, Socialist International, Welfare State Model, Disintegration of Yugoslavia","Origin of socialism as a response to the Industrial Revolution, Utopian socialism and the contributions of Robert Owen and Saint-Simon, Marxian scientific socialism and the theory of class struggle, Democratic socialism vs. Revolutionary socialism, Features of Fabian socialism and incremental change, The Russian Revolution and the establishment of the first socialist state, Variants of socialism such as Maoism and Leninism, Impact of socialism on post-colonial nation-building, Factors leading to the decline and dissolution of the Soviet Union, Rise of Neo-liberalism and its impact on socialist economies, Modern relevance of the Nordic model of social democracy, Differences between socialism and communism in political practice, Impact of the 1991 economic reforms on socialist ideology in India, Role of the Second International in coordinating global socialist movements",,,Medium
cmopjubjn001s13jjmeratju9,world-war-i-causes-course-aftermath-league-of-nations,"World War I — Causes, Course & Aftermath (League of Nations)",WORLD HISTORY,GS1,"Triple Alliance, Triple Entente, Balkan Nationalism, Sarajevo Assassination, Imperialism and Colonial Rivalry, Naval Race (Dreadnoughts), Treaty of Versailles, League of Nations Covenant, Fourteen Points, War Guilt Clause (Article 231), Reparations Commission, Treaty of Brest-Litovsk, Mandate System, Principle of Self-Determination, Dissolution of Ottoman and Austro-Hungarian Empires","Triple Alliance vs Triple Entente and the system of secret treaties, Anglo-German naval race and militarism, Imperialist rivalries in Africa and the Moroccan Crises, Balkan Wars and the rise of Pan-Slavism, Assassination of Archduke Franz Ferdinand and the July Crisis, Schlieffen Plan and the failure of war of movement, Nature of trench warfare on the Western Front, Impact of new technology including tanks, aircraft, and chemical weapons, Concept of Total War and its socio-economic impact on the home front, Russian Revolution of 1917 and the Treaty of Brest-Litovsk, US entry into the war and the Fourteen Points of Woodrow Wilson, Terms and geopolitical impact of the Treaty of Versailles, Collapse of the Romanov, Hohenzollern, Habsburg, and Ottoman empires, Formation and structural weaknesses of the League of Nations, Redrawing of the map of Europe and the principle of national self-determination",,,Medium
cmopjucek002213jjhfwlpz68,inter-war-years-great-depression-rise-of-fascism-nazism,"Inter-War Years — Great Depression, Rise of Fascism & Nazism",WORLD HISTORY,GS1,"Treaty of Versailles, Weimar Republic, Great Depression of 1929, Enabling Act of 1933, March on Rome, Policy of Appeasement, League of Nations, Spanish Civil War, Rome-Berlin Axis, Munich Pact, Lebensraum, Totalitarianism, Anti-Semitism, Black Thursday 1929, Third Reich","Impact of Treaty of Versailles on German economy and psyche, Causes of the 1929 Wall Street Crash, Policy instruments to contain the Great Depression, Failure of the League of Nations in collective security, Rise of Benito Mussolini and the March on Rome, Ideology of Nazism and the Enabling Act of 1933, Impact of the Great Depression on global trade protectionism, Economic and social consequences of the Roaring Twenties, Challenge to the Democratic State System between the World Wars, Japanese invasion of Manchuria and the failure of international response, Spanish Civil War as a dress rehearsal for WWII, Anti-Comintern Pact and the formation of the Axis powers, Policy of Appeasement and the Munich Agreement of 1938, Collectivization and the Five-Year Plans in the USSR under Stalin, Impact of the inter-war period on anti-colonial movements in India and Asia",,,Medium
cmopjubjn001n13jjn12xetxj,post-cold-war-world-global-issues-since-1991,Post Cold-War World — Global Issues Since 1991,WORLD HISTORY,GS1,"Unipolarity and US Hegemony, Disintegration of the Soviet Union, Rise of Multipolarity, Globalization and Its Waning, Sovereign Nationalism, NATO Expansion, Yugoslav Wars, Global War on Terror, Nuclear Non-Proliferation Treaty, UN Security Council Reforms, Arab Spring, Climate Change and Paris Agreement, Rise of China and Asia, Digital Revolution, Sustainable Development Goals","Emergence of unipolarity and US hegemony, Disintegration of the Soviet Union and its impact on Eastern Europe, Rise of globalization and its socio-economic consequences, Ethnic conflicts and the Yugoslav Wars, Expansion of NATO and its geopolitical implications, Rise of religious extremism and the global War on Terror, Impact of the 2008 Global Financial Crisis on world order, Resurgence of Russia and the rise of China as a global power, Shift from unipolarity to multipolarity and the role of BRICS, Nuclear proliferation and the role of the Nuclear Suppliers Group, Rise of regionalism and the evolution of the European Union, Environmental challenges and the evolution of global climate change agreements, Impact of the digital revolution and the internet on global politics, Resurgence of sovereign nationalism and the waning of globalization",,,Low
cmopjucek002413jjvbasgj2u,french-revolution-causes-course-global-impact,"French Revolution — Causes, Course & Global Impact",WORLD HISTORY,GS1,"Liberty Equality and Fraternity, Declaration of the Rights of Man and of the Citizen, Tennis Court Oath, Storming of the Bastille, Abolition of Feudalism, Reign of Terror, Jacobin Club, Constitution of 1791, Estates-General of 1789, Women's March to Versailles, Rise of Napoleon Bonaparte, National Assembly, Civil Code of 1804, Popular Sovereignty, Secularism in France","Social division of the Three Estates and privileges of the Clergy and Nobility, Impact of Enlightenment philosophers like Rousseau and Montesquieu on political thought, Financial crisis and the bankruptcy of the Bourbon monarchy, Meeting of the Estates-General of 1789 and the Tennis Court Oath, Storming of the Bastille and the Great Fear in the countryside, Provisions of the Declaration of the Rights of Man and of the Citizen, Rise of the Jacobins and the Reign of Terror under Robespierre, Role of women in the revolution including the March on Versailles, Abolition of feudalism and the transition to a Constitutional Monarchy, Execution of Louis XVI and the establishment of the First French Republic, Rise of Napoleon Bonaparte and the Napoleonic Code, Impact on global anti-colonial movements and the Haitian Revolution, Spread of nationalism and the collapse of the Old Order in Europe",,,Medium
cmopjucek002113jjudwkxsrh,colonialism-imperialism-1870-1914-asia-africa,Colonialism & Imperialism (1870-1914) — Asia & Africa,WORLD HISTORY,GS1,"New Imperialism, Scramble for Africa, Berlin Conference 1884-85, Social Darwinism, White Man's Burden, Spheres of Influence, Opium Wars, Treaty of Nanjing, Meiji Restoration, Suez Canal, Effective Occupation, Industrial Revolution, Indirect Rule, Boxer Rebellion, First Sino-Japanese War, Battle of Adwa, Menelik II, King Leopold II and Congo Free State, Anglo-Russian Entente, Triple Entente, Triple Alliance","New Imperialism and its economic drivers, The Berlin Conference of 1884-85 and the General Act, Scramble for Africa and the Principle of Effective Occupation, King Leopold II and the Congo Free State atrocities, French expansion in West Africa and Pierre de Brazza, British occupation of Egypt and the Sudan (1882), The Fashoda Incident (1898), Meiji Restoration and Japanese imperialism in Korea and China, Russo-Japanese War (1904-05) impact on Asia, Spheres of Influence and the Open Door Policy in China, Boer Wars in Southern Africa, Impact of industrialization on the demand for raw materials like rubber and minerals, The ""Civilizing Mission"" and Christian missionary influence, Resistance movements against colonial rule in Asia and Africa",,,Medium
cmopjubjl001f13jjnunbfd9i,rise-of-nationalism-in-europe-italy-germany-unification,Rise of Nationalism in Europe — Italy & Germany Unification,WORLD HISTORY,GS1,"Giuseppe Mazzini, Young Italy, Count Camillo di Cavour, Giuseppe Garibaldi, Red Shirts, Otto von Bismarck, Blood and Iron Policy, Zollverein, Frankfurt Assembly, 1848 Revolutions, Treaty of Plombieres, Risorgimento, Austro-Prussian War, Franco-Prussian War, Congress of Vienna, Carbonari, King Victor Emmanuel II, Kaiser Wilhelm I","Impact of Napoleonic conquests on European nationalist consciousness, Decisions of the Congress of Vienna (1815) regarding Italian and German territories, Role of the Carbonari and early revolutionary secret societies in Italy, Giuseppe Mazzini’s Republican vision and the Young Italy movement, Economic integration through the Zollverein (German Customs Union), Count Cavour’s diplomatic maneuvers and the alliance with Napoleon III, Giuseppe Garibaldi’s Expedition of the Thousand and the Red Shirts, Otto von Bismarck’s policy of Blood and Iron and Realpolitik, Strategic consequences of the Austro-Prussian War (1866), The Franco-Prussian War (1870-71) as the final step for the German Empire, The Roman Question and the annexation of the Papal States in 1870, Comparison of unification from above in Germany versus the role of popular forces in Italy",,,Medium
cmopjubjn001t13jj2lsoxhqi,european-integration-timeline-crisis-points,European Integration — Timeline & Crisis Points,WORLD HISTORY,GS1,"Treaty of Paris 1951, Treaty of Rome 1957, Maastricht Treaty 1992, Treaty of Lisbon 2007, European Coal and Steel Community, European Economic Community, Eurozone Crisis, Brexit and Article 50, Schengen Agreement, Marshall Plan, Council of Europe, Functionalism and Neo-functionalism, Inter-governmentalism, European Commission, European Parliament, European Central Bank","Post-WWII conditions and Marshall Plan, European Coal and Steel Community (ECSC) and Treaty of Paris 1951, Treaty of Rome 1957 and birth of European Economic Community (EEC), Impact of the 1973 Oil Crisis on integration, Single European Act 1986 and the internal market, Maastricht Treaty 1992 and the creation of the European Union, Evolution of the Euro and the Eurozone Crisis, Treaty of Lisbon 2007 and institutional reforms, Challenges of the 2015 Refugee Crisis and Schengen Area, Brexit and its impact on European unity, Theories of integration including Neo-functionalism and Intergovernmentalism, Rise of right-wing populism and Euroscepticism, Common Foreign and Security Policy (CFSP) development, Expansion into Eastern Europe and the Copenhagen Criteria",,,Low
cmopjucek001x13jjwnrdt8zo,syrian-crisis-conflict-refugees-global-response,"Syrian Crisis — Conflict, Refugees & Global Response",WORLD HISTORY,GS1,"Arab Spring, Responsibility to Protect (R2P), UN Security Council Resolution 2254, Geneva Communiqué 2012, Chemical Weapons Convention (CWC), Organisation for the Prohibition of Chemical Weapons (OPCW), International Criminal Court (ICC) and Rome Statute, 1951 Refugee Convention, Internally Displaced Persons (IDPs), Non-refoulement Principle, Commission of Inquiry on Syria, Non-State Actors, Proxy Warfare, International Humanitarian Law (IHL)","Origin of Arab Spring in Syria and 2011 pro-democracy protests, Rise of Bashar al-Assad and Ba'ath Party authoritarianism, Role of Alawite minority vs Sunni majority sectarian dynamics, Impact of the 2006-2011 devastating drought on rural discontent, Rise and fall of ISIS (Islamic State) in the Syrian theater, Involvement of Hayat Tahrir al-Sham (HTS) and rebel factions, Geopolitical interests of Russia and Iran in supporting the Assad regime, Role of US and Turkey in supporting opposition and Kurdish forces, Humanitarian impact and the European refugee crisis, Israel's security concerns and strikes in the Golan Heights, Failure of international peace processes and the Syrian Constitutional Committee, Impact of the Syrian crisis on India’s energy security and diaspora, Socio-economic consequences of long-term civil war on Syrian infrastructure and children, Recent collapse of the Assad regime and the 2024 Damascus offensive",,,Medium
cmopjubjm001m13jj1px1ic3s,capitalism-features-evolution-critique,"Capitalism — Features, Evolution & Critique",WORLD HISTORY,GS1,"Laissez-faire, Wealth of Nations, Mercantilism, Industrial Revolution, Bourgeoisie, Private Property Rights, Das Kapital, Great Depression of 1929, Colonialism and Imperialism, Welfare State Model, Feudalism to Capitalism Transition, Surplus Value Theory, Alienation, Market Mechanism","Evolution from mercantilism to laissez-faire economics, Role of the Industrial Revolution in capitalist development, Adam Smith’s Wealth of Nations and the invisible hand, Impact of the Enclosure Movement on labor supply, Distinction between commercial and industrial capitalism, Marxian critique of surplus value and class struggle, Role of colonization and imperialism in capital accumulation, Shift from primitive accumulation to Keynesian interventionism, Social and economic consequences of mechanization, Evolution of the factory system and labor exploitation, Relationship between capitalism and the abolition of slavery, Impact of global trade networks and the Market Revolution, Rise of the bourgeoisie and control of the means of production, Challenges of monopoly capitalism and inter-imperialist rivalry, Weberian thesis on the Protestant ethic and the spirit of capitalism",,,Medium
cmopjucek002013jjyc3hnmzp,arab-nationalism-democratic-reforms-in-middle-east,Arab Nationalism & Democratic Reforms in Middle East,WORLD HISTORY,GS1,"Pan-Arabism, Great Arab Revolt 1916, Sykes-Picot Agreement, Balfour Declaration, Ba'ath Party, Gamal Abdel Nasser and Suez Crisis, United Arab Republic, Six-Day War 1967, Arab League, Al-Fatat, Arab Spring, Decolonization of the Middle East, Wahabi Movement, Mandate System","Origins of Arab nationalism and the Nahda movement, Impact of the 1916 Arab Revolt against Ottoman rule, Sykes-Picot Agreement and the Mandate System, Rise of the Ba'ath Party and its pan-Arab ideology, Nasserism and the nationalization of the Suez Canal, Formation and collapse of the United Arab Republic, Impact of the 1967 Six-Day War on pan-Arab identity, Role of the Arab League in regional integration, Arab-Israeli conflict and its influence on nationalist sentiment, Transition from secular nationalism to political Islam, Causes and consequences of the 2011 Arab Spring, Role of women and feminist movements in Arab nationalism, Challenges of democratic transition in post-colonial Middle East, Impact of oil politics and rentier state models on reform, Geopolitical rivalry between Pan-Arabism and Pan-Islamism",,,Low
cmopjucek001z13jj4texfn66,industrial-revolution-causes-impact-legacy,"Industrial Revolution — Causes, Impact & Legacy",WORLD HISTORY,GS1,"Agricultural Revolution, Enclosure Movement, James Watt's Steam Engine, Factory System, Laissez-faire Capitalism, Proletariat and Bourgeoisie, De-industrialization in India, Drain of Wealth Theory, Socialism and Communism, Chartism, Factory Acts, Urbanization and Slums, Meiji Restoration, Second Industrial Revolution, Scramble for Africa","Factors that led to industrialization first in Britain, Role of agricultural revolution and enclosure movement, Technological innovations in textile and iron industries, Impact of steam engine and coal on energy transition, Rise of the factory system and division of labour, Growth of capitalism and the emergence of new social classes, Impact on urbanization and living conditions in industrial cities, Rise of labor unions and socialist ideologies, Environmental consequences and resource exploitation, Spread of industrialization to USA and Western Europe, Impact of industrialization on colonial economies like India, Fourth Industrial Revolution and integration of AI and IoT",,,Medium
cmopjubjn001p13jj7uxsf5x9,russian-revolution-causes-course-consequences,"Russian Revolution — Causes, Course & Consequences",WORLD HISTORY,GS1,"February Revolution, October Revolution, Bolsheviks vs Mensheviks, Vladimir Lenin, Tsar Nicholas II, Treaty of Brest-Litovsk, New Economic Policy (NEP), War Communism, Russian Civil War (Reds vs Whites), Bloody Sunday 1905, State Duma, October Manifesto, Petrograd Soviet, Marxism-Leninism, Dictatorship of the Proletariat, Comintern, Abolition of Landlordism, Nationalization of Industry, Impact on Indian National Movement, Cold War Origins","Social and economic conditions of 19th-century Czarist Russia, Impact of the 1905 Revolution and the October Manifesto, Role of the Romanov Dynasty and Nicholas II’s autocracy, Influence of World War I on Russian military and domestic morale, The February Revolution and the abdication of the Czar, Limitations of the Provisional Government and the dual power of the Petrograd Soviet, Vladimir Lenin’s April Theses and the Bolshevik rise to power, The October Revolution and the storming of the Winter Palace, The Russian Civil War between the Red and White Armies, Impact of War Communism and the New Economic Policy (NEP), Global ideological shift and the rise of international socialism, The formation of the USSR and the transition to Stalinism, Influence on the Indian National Movement and revolutionary leaders",,,Medium
cmopjubjm001l13jj14xp5n2n,world-war-ii-foundations-course-aftermath,"World War II — Foundations, Course & Aftermath",WORLD HISTORY,GS1,"Treaty of Versailles, Policy of Appeasement, League of Nations Failure, Rise of Fascism and Nazism, Munich Pact, Blitzkrieg, Operation Barbarossa, Pearl Harbor Attack, Battle of Stalingrad, Atlantic Charter, Yalta and Potsdam Conferences, Holocaust, United Nations Charter, Decolonization of Asia and Africa, Cold War Origins, Nuremberg Trials, Marshall Plan, Universal Declaration of Human Rights","Impact of Treaty of Versailles and German resentment, Rise of Nazism and Fascism in Europe, Failure of the League of Nations and policy of appeasement, German invasion of Poland and the Blitzkrieg tactics, Operation Barbarossa and the German invasion of the Soviet Union, Japanese imperialism and the attack on Pearl Harbor, Battle of Stalingrad as a turning point on the Eastern Front, Allied invasion of Normandy (D-Day), Holocaust and the Nuremberg Trials, Use of atomic bombs on Hiroshima and Nagasaki, Formation of the United Nations and the Atlantic Charter, Emergence of USA and USSR as superpowers and the beginning of the Cold War, Impact of the war on decolonization in Asia and Africa, Role of Indian soldiers and the impact on India's independence movement",,,Medium
cmopjubjn001r13jjdl7p09i5,fascism-nazism-ideology-rise-fall,"Fascism & Nazism — Ideology, Rise & Fall",WORLD HISTORY,GS1,"Treaty of Versailles, Weimar Republic, Enabling Act of 1933, Führerprinzip, Lebensraum, Gleichschaltung, Nuremberg Laws, Great Depression, Beer Hall Putsch, Reichstag Fire Decree, Anti-Comintern Pact, Holocaust, Munich Agreement, Fascist Grand Council, Lateran Treaty, March on Rome","Impact of the Treaty of Versailles on Italian and German national pride, Role of the Great Depression and economic instability in the rise of dictators, Mussolini's March on Rome and the establishment of the Fascist State, Hitler's rise to power and the transition from Weimar Republic to Third Reich, Ideological tenets of extreme nationalism and the cult of the leader, Concept of the Organic State and Corporatism in Italian Fascism, Racial theories and the doctrine of Aryan superiority in Nazism, Use of mass propaganda and indoctrination through the Ministry of Public Enlightenment, Suppression of political dissent and the role of secret police forces like the Gestapo and Blackshirts, Policy of Autarky and state control over the economy, Fascist and Nazi aggressive foreign policies and the quest for Lebensraum, Impact of Fascism and Nazism on the outbreak of World War II, Comparative analysis of Fascism and Nazism features and differences, Socio-economic consequences of totalitarian regimes on European society",,,Medium
cmopjucek001v13jjdecy0vi3,rise-of-global-islamic-terrorism-al-qaeda-isis-beyond,"Rise of Global Islamic Terrorism — Al-Qaeda, ISIS & Beyond",WORLD HISTORY,GS1,"Jihadism, Salafism, Wahhabism, Al-Qaeda, ISIS, Global Terrorism Index, Lone Wolf Attacks, Radicalisation, State-Sponsored Terrorism, Taliban, Sahel Region, Counter-Terrorism, United Nations Security Council Resolutions on Terrorism, Islamic Caliphate, Takfir, FATF, Money Laundering, Cyber Terrorism, De-radicalisation, Homegrown Terrorism","Historical roots of Salafi-Jihadism, Impact of the Soviet-Afghan War on global militancy, Origins and evolution of Al-Qaeda under Osama bin Laden, Ideological differences between Al-Qaeda and ISIS, Rise of ISIS in Iraq and Syria following the 2003 invasion, Concept and implementation of the Global Caliphate, Role of social media in radicalization and recruitment, Emergence of homegrown violent extremism in the West, Impact of the Arab Spring on the expansion of terrorist groups, Functioning of decentralized terror networks and regional affiliates, Geopolitical implications of the Syrian Civil War on global terror, Evolution of counter-terrorism strategies and international conventions, Economic foundations and financing of global terrorist organizations, The role of foreign fighters in contemporary conflicts.",,,Low
cmopjubjn001o13jj1u47asev,communism-marxist-theory-soviet-union-legacy,"Communism — Marxist Theory, Soviet Union & Legacy",WORLD HISTORY,GS1,"Dialectical Materialism, Communist Manifesto 1848, Bolshevik Revolution 1917, New Economic Policy, Five-Year Plans, Collectivization of Agriculture, Cominform, Iron Curtain, Warsaw Pact, Glasnost, Perestroika, Dissolution of the USSR 1991, Dictatorship of the Proletariat, Permanent Revolution Theory","Core tenets of Karl Marx's Historical Materialism and Class Struggle, Vladimir Lenin’s theory of the Vanguard Party and Democratic Centralism, Causes and impact of the 1917 October Revolution, Transition from War Communism to the New Economic Policy (NEP), Joseph Stalin’s policy of Socialism in One Country, Implementation and socio-economic consequences of the Five-Year Plans, Forced collectivization of agriculture and the Liquidation of the Kulaks, Theoretical differences between Stalinism and Trotskyism, The role of the Comintern in spreading global communism, Post-WWII Sovietization of Eastern Europe and the Iron Curtain, Nikita Khrushchev’s De-Stalinization and the Secret Speech, Factors leading to the stagnation and eventual collapse of the USSR in 1991, Comparison between Marxist theory and its practical application in the Soviet state, Legacy of the Soviet model on 20th-century decolonization movements",,,Medium
cmopjubjl001i13jj9m33hbjp,american-revolution-independence-civil-war-global-impact,"American Revolution — Independence, Civil War & Global Impact",WORLD HISTORY,GS1,"Mercantilism, Navigation Acts, Stamp Act of 1765, Townshend Acts, Boston Tea Party, No Taxation without Representation, Declaration of Independence 1776, Treaty of Paris 1783, US Bill of Rights, Enlightenment Philosophy, Separation of Powers, Abolition of Slavery, Impact on French Revolution, Global Decolonization Precedents","British Mercantilist policies and Navigation Acts, Impact of the Seven Years War on colonial relations, Taxation without Representation and the Stamp Act 1765, Role of Enlightenment thinkers like Locke and Montesquieu, Boston Tea Party and the Intolerable Acts, Significance of the First and Second Continental Congress, Declaration of Independence 1776 and its ideological basis, Military turning points including the Battle of Saratoga and Yorktown, Treaty of Paris 1783 and recognition of independence, Evolution of the US Constitution and Bill of Rights, Causes of the American Civil War and the slavery question, Impact of the American Revolution on the French Revolution and Latin America, Influence of American democratic ideals on the Indian Freedom Struggle, Comparison between the Articles of Confederation and the Federal System",,,Medium
cmopjubjm001k13jjbh87a5vg,decolonisation-africa-asia-post-ww2,Decolonisation — Africa & Asia Post-WW2,WORLD HISTORY,GS1,"Atlantic Charter, Bandung Conference 1955, Pan-Africanism, Mau Mau Rebellion, Suez Crisis 1956, Neo-colonialism, Algerian War of Independence, Scramble for Africa, United Nations Charter on Self-Determination, Decolonization of Indochina, Cold War Geopolitics, Winds of Change Speech, Front de Liberation Nationale, Non-Aligned Movement, Apartheid in South Africa","Impact of World War II on colonial authority, Bandung Conference (1955) and the birth of NAM, Role of Pan-Africanism and the Fifth Pan-African Congress, Mau Mau rebellion in Kenya, Algerian War of Independence, Congo Crisis and the role of UN, Suez Crisis (1956) as a catalyst for decolonization, Decolonization of French Indochina and the First Indochina War, Withdrawal of Britain from the Middle East and the Persian Gulf, Portuguese Colonial War in Angola and Mozambique, Transition from colonies to sovereign states in West Africa (Ghana), Impact of the Cold War on independence movements, Role of self-determination and global human rights politics, Challenges of post-colonial nation-building and border disputes",,,Medium
cmopjucek002313jj5bs5fty7,rise-of-china-economic-geopolitical-dimensions,Rise of China — Economic & Geopolitical Dimensions,WORLD HISTORY,GS1,"Century of Humiliation, 1911 Revolution, Chinese Civil War, Proclamation of People's Republic of China 1949, Great Leap Forward, Cultural Revolution, Four Modernizations, Deng Xiaoping's Open Door Policy, Socialist Market Economy, Belt and Road Initiative, String of Pearls, South China Sea Disputes, 19th Party Congress, China's Peaceful Rise Theory, Hegemony and New World Order","China's centrally planned economy under Mao Zedong, Four Modernizations program under Zhou Enlai, Deng Xiaoping’s Open Door Policy and 1978 reforms, Establishment and impact of Special Economic Zones (SEZs), Transition from labor-intensive to high-tech manufacturing, China’s accession to the World Trade Organization (WTO), Belt and Road Initiative (BRI) and its geopolitical leverage, Military modernization and expansion of the People’s Liberation Army (PLA), Assertive maritime posturing in the South China Sea, China’s ""Go Global"" strategy and international investments, Impact of China’s rise on the US-led liberal international order, Evolution of China-India economic and border relations, Development of the ""China Model"" of state-led capitalism, China’s role in global supply chains and trade dominance, Geopolitical implications of China’s String of Pearls and CPEC",,,Low
,,,,,,,,,High